{
"type": "FeatureCollection",
"name": "Cebu_LandslideHazards",
"crs": { "type": "name", "properties": { "name": "urn:ogc:def:crs:OGC:1.3:CRS84" } },
"features": [
{ "type": "Feature", "properties": { "GRID": 2.0, "LH": 3.0 }, "geometry": { "type": "MultiPolygon", "coordinates": [ [ [ [ 123.95, 10.395852156993774 ], [ 123.950394555911984, 10.395633634031475 ], [ 123.951031387433645, 10.394772670792756 ], [ 123.951030845490337, 10.394591810605112 ], [ 123.950666013653134, 10.39477374364329 ], [ 123.950754919145595, 10.393959604544071 ], [ 123.951028813292481, 10.393913584883071 ], [ 123.951118937112611, 10.393506381192045 ], [ 123.951370834358642, 10.393334148503564 ], [ 123.951483089580663, 10.393098372552826 ], [ 123.952076004969868, 10.392825337499746 ], [ 123.95221179858477, 10.392417999368648 ], [ 123.951845614242174, 10.392147783063846 ], [ 123.95088638078758, 10.392105385077958 ], [ 123.95020469419228, 10.393237772092824 ], [ 123.950161188219781, 10.39396134706708 ], [ 123.95, 10.394121872035383 ], [ 123.95, 10.395852156993774 ] ], [ [ 123.950709679849368, 10.394104069926835 ], [ 123.950719548699951, 10.394140570184053 ], [ 123.950709789263954, 10.39414059883503 ], [ 123.950709679849368, 10.394104069926835 ] ], [ [ 123.951300810205026, 10.393234554343961 ], [ 123.951364176674232, 10.393234368211363 ], [ 123.951300862985121, 10.393252165861075 ], [ 123.951300810205026, 10.393234554343961 ] ] ], [ [ [ 123.95, 10.403916010453596 ], [ 123.950282055725452, 10.403817958913951 ], [ 123.950919037722386, 10.403002209856956 ], [ 123.951376852066858, 10.40336258745757 ], [ 123.951469826024351, 10.403904899053513 ], [ 123.951788994429805, 10.403723098661766 ], [ 123.951787908718003, 10.403361378564567 ], [ 123.952060996216218, 10.403044067276602 ], [ 123.951738436268485, 10.402095492490353 ], [ 123.952148676750511, 10.401822993209612 ], [ 123.952144333305995, 10.400376112753261 ], [ 123.951322770273563, 10.400559390341703 ], [ 123.950731330931148, 10.401329790587701 ], [ 123.950138398767194, 10.401602824538122 ], [ 123.95, 10.401635575228042 ], [ 123.95, 10.403916010453596 ] ] ], [ [ [ 123.95, 10.413408867299635 ], [ 123.950082559385564, 10.413449428922327 ], [ 123.950082694987344, 10.413494643929155 ], [ 123.95, 10.413413265395342 ], [ 123.95, 10.415822193864146 ], [ 123.950181096738021, 10.415845555555419 ], [ 123.950681890862597, 10.415301498139302 ], [ 123.950771747335509, 10.414803864506299 ], [ 123.950724308489967, 10.414216203915322 ], [ 123.950402823107467, 10.413629349110362 ], [ 123.950768218853767, 10.413628274618416 ], [ 123.951272674635973, 10.414305021357904 ], [ 123.951501047416102, 10.414304349185302 ], [ 123.951773736194227, 10.413851392534836 ], [ 123.95163318134702, 10.41267620629629 ], [ 123.95140304465275, 10.412089083556184 ], [ 123.951993685041856, 10.4110473909981 ], [ 123.951992326627888, 10.410595241107368 ], [ 123.951855032965184, 10.410505214514018 ], [ 123.950850611905054, 10.410643815904331 ], [ 123.95, 10.411236992619054 ], [ 123.95, 10.413408867299635 ] ] ], [ [ [ 123.95, 10.445747684369421 ], [ 123.950225081762767, 10.445687561487073 ], [ 123.950408342679253, 10.445867882392621 ], [ 123.950320522390427, 10.447043739472464 ], [ 123.950732181055656, 10.447223386491098 ], [ 123.951231384892367, 10.446136746118693 ], [ 123.951274476152463, 10.445277528180231 ], [ 123.950999448582081, 10.444961832624838 ], [ 123.950998087039821, 10.444509683554221 ], [ 123.950449667269268, 10.444420870468544 ], [ 123.95, 10.444663682343132 ], [ 123.95, 10.445747684369421 ] ] ], [ [ [ 123.954937509618986, 10.45 ], [ 123.955121774588491, 10.448657293953094 ], [ 123.954891188758765, 10.447934533398664 ], [ 123.954978581424825, 10.446623032074308 ], [ 123.954519465564132, 10.445855732837122 ], [ 123.954154305877282, 10.445947244665229 ], [ 123.953883372736968, 10.446987997851368 ], [ 123.953289541930388, 10.446989755064493 ], [ 123.952833294733765, 10.447171965520441 ], [ 123.952286642874228, 10.447670949535668 ], [ 123.952287052016814, 10.447806594180594 ], [ 123.953704616521478, 10.448299769683144 ], [ 123.953524766631475, 10.449249822557626 ], [ 123.952613084362895, 10.449885533272997 ], [ 123.952574919905061, 10.45 ], [ 123.954937509618986, 10.45 ] ] ], [ [ [ 123.983346553961695, 10.45 ], [ 123.98367543497784, 10.449882604350123 ], [ 123.983855050897702, 10.448887328260604 ], [ 123.984174946007357, 10.448931565860399 ], [ 123.984495969639298, 10.44933751869484 ], [ 123.98477018602749, 10.449381895268516 ], [ 123.984539815041714, 10.448749591279299 ], [ 123.983944435636644, 10.448254046828289 ], [ 123.982940059314643, 10.448437972817473 ], [ 123.982576456504148, 10.449026875877504 ], [ 123.982532185055845, 10.449479159940028 ], [ 123.982910493526163, 10.45 ], [ 123.983346553961695, 10.45 ] ] ], [ [ [ 123.970589134235425, 10.353207029470509 ], [ 123.970543468804507, 10.353207165838455 ], [ 123.970543606528295, 10.353252380741301 ], [ 123.970589134235425, 10.353207029470509 ] ] ], [ [ [ 123.9705894096967, 10.353297459274849 ], [ 123.970635075140081, 10.3532973228992 ], [ 123.970634937402551, 10.353252107997712 ], [ 123.9705894096967, 10.353297459274849 ] ] ], [ [ [ 123.970635212878207, 10.353342537800563 ], [ 123.970680878327471, 10.353342401417828 ], [ 123.970680740582779, 10.3532971865171 ], [ 123.970635212878207, 10.353342537800563 ] ] ], [ [ [ 123.970635350616988, 10.353387752701758 ], [ 123.970635488356393, 10.353432967602904 ], [ 123.970681153818717, 10.353432831218941 ], [ 123.970635350616988, 10.353387752701758 ] ] ], [ [ [ 123.966175234102451, 10.388442915775006 ], [ 123.966174821368611, 10.38830727118482 ], [ 123.9657636486249, 10.388263281890454 ], [ 123.965535845675063, 10.388444822022933 ], [ 123.965490862478617, 10.388671032494972 ], [ 123.965856640188576, 10.388805587993916 ], [ 123.966175234102451, 10.388442915775006 ] ] ], [ [ [ 123.952706449801028, 10.389839265026428 ], [ 123.952386888533724, 10.389885420060319 ], [ 123.952387702242532, 10.39015671031269 ], [ 123.952798741500317, 10.390155501655915 ], [ 123.952706449801028, 10.389839265026428 ] ] ], [ [ [ 123.963078135443666, 10.391255486607555 ], [ 123.962851604949719, 10.39103008357271 ], [ 123.962915237924108, 10.390896994078135 ], [ 123.962421584571956, 10.390971064079253 ], [ 123.962702626403726, 10.391075741718231 ], [ 123.962072550085381, 10.390987183214504 ], [ 123.962165125486507, 10.391393846072848 ], [ 123.962485097210376, 10.391483326005414 ], [ 123.963078135443666, 10.391255486607555 ] ], [ [ 123.96284911031124, 10.391035301151051 ], [ 123.962849231645336, 10.39107530593588 ], [ 123.962829955747608, 10.391075363237096 ], [ 123.96284911031124, 10.391035301151051 ] ] ], [ [ [ 123.953212902851689, 10.391194238147962 ], [ 123.953441258699613, 10.391193566082716 ], [ 123.953579358662253, 10.391554882945943 ], [ 123.953853657663231, 10.391644506143798 ], [ 123.954261437032486, 10.390558135093709 ], [ 123.953392736312907, 10.390244184945589 ], [ 123.95225163836291, 10.390473618382543 ], [ 123.952024503131071, 10.390881224959834 ], [ 123.952619448909459, 10.391286414828295 ], [ 123.952483791849204, 10.391738968105843 ], [ 123.952849433325653, 10.391828323559672 ], [ 123.953212902851689, 10.391194238147962 ] ] ], [ [ [ 123.955774026790252, 10.392362291538371 ], [ 123.955726858090031, 10.391865061398997 ], [ 123.954540901282371, 10.392365928134462 ], [ 123.954816833257709, 10.392998130447017 ], [ 123.955227875938021, 10.392996918347718 ], [ 123.955774026790252, 10.392362291538371 ] ] ], [ [ [ 123.962443401802815, 10.392794693902797 ], [ 123.962305702558396, 10.392569026553243 ], [ 123.961941428776953, 10.392931831279911 ], [ 123.961942250976463, 10.393203120720882 ], [ 123.96212534754234, 10.393338222717841 ], [ 123.962443401802815, 10.392794693902797 ] ] ], [ [ [ 123.953813420709693, 10.393453241282364 ], [ 123.953173069342967, 10.39313861864794 ], [ 123.953491275534489, 10.392640312361028 ], [ 123.953080233111663, 10.392641522193637 ], [ 123.952852690520814, 10.392913484264637 ], [ 123.952899719283366, 10.393365500159581 ], [ 123.953585470758128, 10.393589558807726 ], [ 123.953813420709693, 10.393453241282364 ] ] ], [ [ [ 123.962628692462815, 10.393653233971969 ], [ 123.962444909959714, 10.393292057805004 ], [ 123.962171293046211, 10.393428516826916 ], [ 123.962172663789616, 10.393880665848133 ], [ 123.962584529566641, 10.394150733593252 ], [ 123.962628692462815, 10.393653233971969 ] ] ], [ [ [ 123.95222278628421, 10.396080417000046 ], [ 123.952086448888352, 10.396306895071207 ], [ 123.95286409355522, 10.396711546150392 ], [ 123.952863550453046, 10.396530686081142 ], [ 123.95222278628421, 10.396080417000046 ] ] ], [ [ [ 123.966383935251329, 10.396987977292326 ], [ 123.96633757482752, 10.396762039449357 ], [ 123.966063543993556, 10.396762857360242 ], [ 123.966064507744619, 10.397079361247176 ], [ 123.966383935251329, 10.396987977292326 ] ] ], [ [ [ 123.953143015199757, 10.398338479924439 ], [ 123.953415282084478, 10.397749877854512 ], [ 123.953367843790417, 10.397162217253364 ], [ 123.954143588486659, 10.396933854887447 ], [ 123.954644211950423, 10.396344578937708 ], [ 123.95478000324492, 10.395937239967152 ], [ 123.954732971082564, 10.395485224693543 ], [ 123.954366237134209, 10.395034151822054 ], [ 123.954046263276382, 10.394944663924345 ], [ 123.954274485837203, 10.394898776020266 ], [ 123.954274077974205, 10.39476313100926 ], [ 123.953998688802074, 10.394311788374592 ], [ 123.953312663879487, 10.393997300749037 ], [ 123.952810955164907, 10.394224854399853 ], [ 123.95336037269692, 10.394675391556087 ], [ 123.953453074415904, 10.39512727276121 ], [ 123.953635761368076, 10.395126734782163 ], [ 123.953591719995032, 10.395669449420305 ], [ 123.953296903238837, 10.395832299566797 ], [ 123.95313921195806, 10.397072459626907 ], [ 123.95250088938478, 10.397436061622621 ], [ 123.951833797075622, 10.39743093356261 ], [ 123.951771627863536, 10.397935576121428 ], [ 123.951498950831621, 10.398388531985562 ], [ 123.95163745943411, 10.398885494526457 ], [ 123.952185662813733, 10.398929097818517 ], [ 123.953143015199757, 10.398338479924439 ] ] ], [ [ [ 123.983196453366858, 10.398655516115374 ], [ 123.982922282133543, 10.398611133976026 ], [ 123.982786387475954, 10.398973267000851 ], [ 123.982924243983788, 10.399244138484331 ], [ 123.983198275601566, 10.399243305966547 ], [ 123.983196453366858, 10.398655516115374 ] ] ], [ [ [ 123.953931680779277, 10.402405542193385 ], [ 123.953610611647605, 10.401954334622388 ], [ 123.953471282649161, 10.40118608344766 ], [ 123.953151302540348, 10.401096595224438 ], [ 123.952742150531222, 10.401730815680695 ], [ 123.952926064064528, 10.402137212780701 ], [ 123.952653793166988, 10.402725814696488 ], [ 123.952747040706086, 10.403358555764392 ], [ 123.953663219229966, 10.404260164448623 ], [ 123.954026699138325, 10.403626077463073 ], [ 123.954069515321692, 10.40267642814141 ], [ 123.954207486172322, 10.402992528986307 ], [ 123.954711112901322, 10.403397981764538 ], [ 123.954804228699956, 10.403985506850693 ], [ 123.955216647919201, 10.40443644313893 ], [ 123.955260141449912, 10.403712868846007 ], [ 123.955075951542568, 10.403216043536288 ], [ 123.955348490484454, 10.40271786988059 ], [ 123.955437520324281, 10.401948945723761 ], [ 123.955802084327757, 10.401676576911125 ], [ 123.955755321607626, 10.401314992085391 ], [ 123.955902091827141, 10.401349317010199 ], [ 123.955799086615414, 10.400681847664918 ], [ 123.955935465237403, 10.400469447764518 ], [ 123.956711445741405, 10.400317428964769 ], [ 123.957167351553068, 10.400044788806969 ], [ 123.957255421642429, 10.39895935981813 ], [ 123.956981388158809, 10.398960170138452 ], [ 123.956616937948738, 10.399268920510343 ], [ 123.955977688585165, 10.399324859062366 ], [ 123.956022320504388, 10.398979501711533 ], [ 123.956431821633586, 10.39846442546976 ], [ 123.956385467920583, 10.398238485586226 ], [ 123.957252965842628, 10.398145490649393 ], [ 123.95729781937554, 10.397874065855632 ], [ 123.957022695734054, 10.39751315645357 ], [ 123.95665677407905, 10.397333376553952 ], [ 123.955834677669785, 10.397335804898482 ], [ 123.954968678210847, 10.397926160691902 ], [ 123.954742766812672, 10.398740704058355 ], [ 123.95483451957152, 10.398876079576549 ], [ 123.955245433788548, 10.398829651790987 ], [ 123.955384220779663, 10.399417042108235 ], [ 123.954882233348997, 10.39955416959738 ], [ 123.954425101565022, 10.399419871731219 ], [ 123.954106619051331, 10.399827749233975 ], [ 123.953790447094491, 10.401004281380077 ], [ 123.953931680779277, 10.402405542193385 ] ], [ [ 123.953977625598569, 10.402495837518803 ], [ 123.953931952794917, 10.402495972167188 ], [ 123.953931816786792, 10.40245075718035 ], [ 123.953977625598569, 10.402495837518803 ] ], [ [ 123.954023706469229, 10.402631347820067 ], [ 123.953978033646479, 10.402631482476769 ], [ 123.953977897629855, 10.402586267490923 ], [ 123.954023706469229, 10.402631347820067 ] ] ], [ [ [ 123.971026417369956, 10.406650131854299 ], [ 123.971482317576118, 10.406377471722214 ], [ 123.971435812965936, 10.406106320459367 ], [ 123.971115962766532, 10.406062065861528 ], [ 123.970386715950028, 10.406561621605913 ], [ 123.970433219771721, 10.406832773089361 ], [ 123.970959985258887, 10.406930991193056 ], [ 123.971026417369956, 10.406650131854299 ] ] ], [ [ [ 123.95700813460509, 10.407822299107883 ], [ 123.956916651018872, 10.40777735446745 ], [ 123.956825986443093, 10.408003699399032 ], [ 123.957008817229678, 10.408048373761954 ], [ 123.95700813460509, 10.407822299107883 ] ] ], [ [ [ 123.958427842574778, 10.409084123747819 ], [ 123.95805930918219, 10.408045263462681 ], [ 123.957830394820405, 10.40786508022823 ], [ 123.957510953269662, 10.407956456809298 ], [ 123.957192740507111, 10.408454767435284 ], [ 123.957195744946674, 10.409449495796512 ], [ 123.9575175106811, 10.410126773018057 ], [ 123.957700342794624, 10.410171446861373 ], [ 123.958427842574778, 10.409084123747819 ] ] ], [ [ [ 123.969850538629544, 10.41045173483508 ], [ 123.969758222378971, 10.410135505580067 ], [ 123.969529438787362, 10.410000546229346 ], [ 123.969394077815792, 10.410543534207031 ], [ 123.969622723396455, 10.410633278864696 ], [ 123.969850538629544, 10.41045173483508 ] ] ], [ [ [ 123.954464715267477, 10.41257742805635 ], [ 123.95423511827282, 10.412171167635524 ], [ 123.95432456000718, 10.411537888620648 ], [ 123.954141455066576, 10.411402782963448 ], [ 123.954411822513606, 10.410181170262048 ], [ 123.954914235545886, 10.410179686927227 ], [ 123.955189778247714, 10.410676241930828 ], [ 123.955508678007334, 10.41040400759983 ], [ 123.954454636623623, 10.40923152129305 ], [ 123.955046760592097, 10.408687188809349 ], [ 123.955091616738102, 10.40841576419513 ], [ 123.955319712402684, 10.408324659775184 ], [ 123.955409287819776, 10.407736595553081 ], [ 123.955546172145048, 10.407690975802694 ], [ 123.95540574444324, 10.406561006742988 ], [ 123.955038995221528, 10.406109936182681 ], [ 123.954309583250009, 10.406564242653641 ], [ 123.953719230121095, 10.407696368288921 ], [ 123.953631148009961, 10.40878179703256 ], [ 123.952901727850957, 10.409236100955226 ], [ 123.952538511899746, 10.40996061719391 ], [ 123.95272297473268, 10.410547873724154 ], [ 123.953593501938812, 10.411449614941093 ], [ 123.953459881317414, 10.412580393208925 ], [ 123.954191350591401, 10.412804311821029 ], [ 123.954464715267477, 10.41257742805635 ] ] ], [ [ [ 123.959171899169093, 10.413467801578971 ], [ 123.959121433552767, 10.411885415978794 ], [ 123.95934802419643, 10.411296944800823 ], [ 123.957885635325937, 10.411029989005709 ], [ 123.957703896034204, 10.411347034617927 ], [ 123.957799071527006, 10.41261278146305 ], [ 123.958440973000648, 10.413424754397962 ], [ 123.958898537545309, 10.413694689117278 ], [ 123.959171899169093, 10.413467801578971 ] ] ], [ [ [ 123.961957620190375, 10.413323877316895 ], [ 123.961865035990698, 10.412917215497998 ], [ 123.961637076694657, 10.413053539538797 ], [ 123.961455614882126, 10.413461016720431 ], [ 123.961456438336796, 10.413732305855573 ], [ 123.961639410225928, 10.413822192054608 ], [ 123.961957620190375, 10.413323877316895 ] ] ], [ [ [ 123.96584103397096, 10.413674018129573 ], [ 123.965658199035985, 10.413629349231536 ], [ 123.965613076142048, 10.413810344890081 ], [ 123.965795911180763, 10.413855013804511 ], [ 123.96584103397096, 10.413674018129573 ] ] ], [ [ [ 123.97040873487434, 10.413750766190235 ], [ 123.970088322886596, 10.413525652316824 ], [ 123.970089569281527, 10.413932584976473 ], [ 123.97040873487434, 10.413750766190235 ] ] ], [ [ [ 123.967671319782255, 10.414753707888201 ], [ 123.967487102801229, 10.414256892391013 ], [ 123.967623158830193, 10.413939978764924 ], [ 123.96730178178872, 10.413398358497917 ], [ 123.967482821369458, 10.412855234353634 ], [ 123.967162550237859, 10.412675332049622 ], [ 123.967070235764936, 10.412359101877289 ], [ 123.966843107486653, 10.412766718109737 ], [ 123.967256521807556, 10.413534139523977 ], [ 123.967260112037835, 10.414709723722135 ], [ 123.967489450943646, 10.415025543520358 ], [ 123.967671319782255, 10.414753707888201 ] ] ], [ [ [ 123.951959151792508, 10.414755154142972 ], [ 123.951547401097898, 10.414530289655625 ], [ 123.951456866818177, 10.414801848475555 ], [ 123.951732001449287, 10.415162761499788 ], [ 123.951959151792508, 10.414755154142972 ] ] ], [ [ [ 123.961231222670463, 10.414772926804195 ], [ 123.961504446031867, 10.414500822502708 ], [ 123.961549022354603, 10.414138967798269 ], [ 123.960863632017791, 10.414050575573272 ], [ 123.960730379353365, 10.413915325869805 ], [ 123.960905731400899, 10.413845278618471 ], [ 123.960597967856671, 10.413633970858474 ], [ 123.960538588720993, 10.413780250066146 ], [ 123.959949184841065, 10.413736785809634 ], [ 123.959904058569506, 10.413917780958579 ], [ 123.960361762033699, 10.41423292827035 ], [ 123.960730449104886, 10.415316999043592 ], [ 123.961187881000143, 10.415541715182247 ], [ 123.961231222670463, 10.414772926804195 ] ] ], [ [ [ 123.95684906388496, 10.415645021250505 ], [ 123.956799564662859, 10.414379138893462 ], [ 123.957208722173178, 10.413744913006338 ], [ 123.957207355880911, 10.413292763880955 ], [ 123.956752114740823, 10.413791480177041 ], [ 123.955838489986135, 10.413748967810639 ], [ 123.955930793968676, 10.414065202171468 ], [ 123.956479706649731, 10.414334870267892 ], [ 123.955844357273236, 10.415693209683894 ], [ 123.955845176057224, 10.415964499228705 ], [ 123.95684906388496, 10.415645021250505 ] ] ], [ [ [ 123.96106376677416, 10.416616793685547 ], [ 123.96093292319047, 10.416717393786044 ], [ 123.961148522104111, 10.416828333580412 ], [ 123.96106376677416, 10.416616793685547 ] ] ], [ [ [ 123.967905496198625, 10.416652044067478 ], [ 123.967722244745588, 10.416471732247974 ], [ 123.967632415366566, 10.416969368231985 ], [ 123.967815114264724, 10.416968821031402 ], [ 123.967905496198625, 10.416652044067478 ] ] ], [ [ [ 123.954295777102573, 10.417144677100584 ], [ 123.954340498192991, 10.41682803762555 ], [ 123.954066993767185, 10.417009706617749 ], [ 123.954067538666877, 10.417190566394149 ], [ 123.954295777102573, 10.417144677100584 ] ] ], [ [ [ 123.953657417361242, 10.417508284460093 ], [ 123.953795123298491, 10.417733954762506 ], [ 123.954023362179896, 10.417688065626177 ], [ 123.954067538666877, 10.417190566394149 ], [ 123.953657417361242, 10.417508284460093 ] ] ], [ [ [ 123.965851928117331, 10.417245986698505 ], [ 123.965440165655153, 10.417021141300822 ], [ 123.965259396378457, 10.417654694273203 ], [ 123.965579947730376, 10.41792502764577 ], [ 123.965851928117331, 10.417245986698505 ] ] ], [ [ [ 123.958182385598647, 10.418534849746036 ], [ 123.95790778791293, 10.418354802824231 ], [ 123.957085363402314, 10.418266809479546 ], [ 123.95736050747459, 10.418627716742899 ], [ 123.95795483102431, 10.418806816288228 ], [ 123.958182385598647, 10.418534849746036 ] ] ], [ [ [ 123.960145316558865, 10.418167300108751 ], [ 123.959961245687538, 10.417715694357994 ], [ 123.961011494626248, 10.417622141784577 ], [ 123.961330532594587, 10.417395116436513 ], [ 123.960871725752767, 10.41671825223551 ], [ 123.960870765363751, 10.416401748248109 ], [ 123.960576572270753, 10.416131331295984 ], [ 123.960273840385298, 10.415363571391625 ], [ 123.959587351502861, 10.414913457637176 ], [ 123.959130606121448, 10.414914813435148 ], [ 123.959273655933245, 10.416903861416284 ], [ 123.959641384069513, 10.417671429244722 ], [ 123.959414105429204, 10.418033826411687 ], [ 123.959415612559695, 10.418531189980492 ], [ 123.960010348061388, 10.418845930202592 ], [ 123.960145316558865, 10.418167300108751 ] ], [ [ 123.960366242658651, 10.415710574642791 ], [ 123.960380877563125, 10.415724975503993 ], [ 123.960366286460797, 10.415725018865572 ], [ 123.960366242658651, 10.415710574642791 ] ] ], [ [ [ 123.976543437844512, 10.418389439395705 ], [ 123.976176923912249, 10.418028826644912 ], [ 123.975994503650227, 10.418119807970916 ], [ 123.975904408596918, 10.418527015787367 ], [ 123.976042548433782, 10.418888318959597 ], [ 123.976316737224792, 10.418932705407915 ], [ 123.976543437844512, 10.418389439395705 ] ] ], [ [ [ 123.966312678011604, 10.418555849595919 ], [ 123.965671987067566, 10.4181508285549 ], [ 123.965674469589956, 10.418964694696609 ], [ 123.96608623487279, 10.419189539521753 ], [ 123.966312678011604, 10.418555849595919 ] ] ], [ [ [ 123.962800241019664, 10.420058439105823 ], [ 123.962707927975288, 10.41974220761796 ], [ 123.96225172574934, 10.419924427808441 ], [ 123.962252138081837, 10.420060072290461 ], [ 123.962663627809761, 10.420194491954344 ], [ 123.962800241019664, 10.420058439105823 ] ] ], [ [ [ 123.970108825743353, 10.420217432508686 ], [ 123.969834359120853, 10.420082611314234 ], [ 123.96983505182267, 10.420308684940551 ], [ 123.97006356630142, 10.420353213854412 ], [ 123.970108825743353, 10.420217432508686 ] ] ], [ [ [ 123.967003051157093, 10.420271960657789 ], [ 123.966956132828784, 10.419865164516981 ], [ 123.966453429970827, 10.419776238593155 ], [ 123.966639444513007, 10.420860846345869 ], [ 123.966777022867277, 10.421041295284166 ], [ 123.967051074838622, 10.421040474856701 ], [ 123.967004018104262, 10.420588463995932 ], [ 123.966866716082805, 10.420498444672862 ], [ 123.967003051157093, 10.420271960657789 ] ] ], [ [ [ 123.960836067828637, 10.420019072160336 ], [ 123.960926183094728, 10.419611866824122 ], [ 123.960514008770161, 10.419251370524393 ], [ 123.960194282675076, 10.419252320971626 ], [ 123.960105400695397, 10.420066459892846 ], [ 123.960336520577698, 10.420970078072788 ], [ 123.961205314355723, 10.421284000600957 ], [ 123.960836067828637, 10.420019072160336 ] ] ], [ [ [ 123.976554598532331, 10.422006610172541 ], [ 123.976234592174336, 10.42191714763339 ], [ 123.976098263527234, 10.42214363502262 ], [ 123.976145054728178, 10.422505214029561 ], [ 123.976465061684905, 10.422594676602921 ], [ 123.976554598532331, 10.422006610172541 ] ] ], [ [ [ 123.970603168805567, 10.422797014994538 ], [ 123.970522814976803, 10.422717953413752 ], [ 123.970491885013644, 10.422828302395343 ], [ 123.970603168805567, 10.422797014994538 ] ] ], [ [ [ 123.959199294136127, 10.422510776330697 ], [ 123.959334950526156, 10.422058220737124 ], [ 123.959240858725821, 10.421154194805004 ], [ 123.959423149361399, 10.421018007591179 ], [ 123.959422464118504, 10.420791933278981 ], [ 123.958964066425523, 10.420250711169896 ], [ 123.958599211529034, 10.420432655202953 ], [ 123.958554905376644, 10.420884939489381 ], [ 123.958282084832689, 10.421292686521129 ], [ 123.957963177517115, 10.421564924205844 ], [ 123.957597910087671, 10.421611222617189 ], [ 123.95764673222763, 10.422651029498562 ], [ 123.957875794912695, 10.422876426626933 ], [ 123.959199294136127, 10.422510776330697 ] ] ], [ [ [ 123.970277202011573, 10.422945639206461 ], [ 123.970448657131513, 10.423030222470651 ], [ 123.970491885013644, 10.422828302395343 ], [ 123.970277202011573, 10.422945639206461 ] ] ], [ [ [ 123.962535677512903, 10.423179078329717 ], [ 123.961848892843079, 10.422638541812951 ], [ 123.96203351969632, 10.423271005125583 ], [ 123.962490826955886, 10.423450503356191 ], [ 123.962535677512903, 10.423179078329717 ] ] ], [ [ [ 123.968840717683221, 10.423748020308482 ], [ 123.968840856129276, 10.423793235037065 ], [ 123.968932207534962, 10.423792960925875 ], [ 123.968840717683221, 10.423748020308482 ] ] ], [ [ [ 123.967564286725761, 10.424565720512984 ], [ 123.967655223536283, 10.424429802518778 ], [ 123.967335216359899, 10.424340331081703 ], [ 123.967153065986523, 10.424521737392016 ], [ 123.967290508181875, 10.424656971151119 ], [ 123.967564286725761, 10.424565720512984 ] ] ], [ [ [ 123.971496432638389, 10.425865150961908 ], [ 123.971586118169569, 10.425322299799133 ], [ 123.9713567669192, 10.425006484187632 ], [ 123.970990943812851, 10.424871939284065 ], [ 123.971225746820039, 10.423820828557711 ], [ 123.971124833333832, 10.423849200502419 ], [ 123.970985532219643, 10.423108566018794 ], [ 123.971030375288152, 10.422837140460818 ], [ 123.971486991785895, 10.422790551947516 ], [ 123.971714536313485, 10.422518576638844 ], [ 123.971756185413383, 10.421207213046328 ], [ 123.971618881927313, 10.421117195913929 ], [ 123.970934584998076, 10.421390544584094 ], [ 123.969975541609656, 10.421438641512557 ], [ 123.969976511669373, 10.421755144548552 ], [ 123.97098164757432, 10.421842554323023 ], [ 123.970893209952933, 10.422792337775322 ], [ 123.970529331168521, 10.423290797986031 ], [ 123.969479346161208, 10.423474812668236 ], [ 123.969397334062492, 10.423374171725282 ], [ 123.968977467841455, 10.423657179679838 ], [ 123.969069511598505, 10.42388297916084 ], [ 123.969617758673905, 10.423926548414267 ], [ 123.970393691008027, 10.423743356891844 ], [ 123.970578612921372, 10.424466243028109 ], [ 123.970899592148584, 10.424872214011589 ], [ 123.970811431784995, 10.4259124267573 ], [ 123.971268608088337, 10.426046696917361 ], [ 123.971496432638389, 10.425865150961908 ] ], [ [ 123.971124873723014, 10.423862359659269 ], [ 123.971139509490754, 10.423876759941828 ], [ 123.971124918056304, 10.423876803828033 ], [ 123.971124873723014, 10.423862359659269 ] ] ], [ [ [ 123.966793738969429, 10.426512280776087 ], [ 123.967113195378886, 10.426420893581536 ], [ 123.967294793758342, 10.426058628243085 ], [ 123.967107942983787, 10.424702733204256 ], [ 123.966697689130982, 10.42497525278794 ], [ 123.966472762808422, 10.426106305383881 ], [ 123.965972120854715, 10.426695601018112 ], [ 123.966064163618753, 10.426921401436783 ], [ 123.966566878070438, 10.427010326914036 ], [ 123.966793738969429, 10.426512280776087 ] ] ], [ [ [ 123.959302982609856, 10.426579841857798 ], [ 123.959577040028378, 10.426579027400608 ], [ 123.959715028917714, 10.42689512397936 ], [ 123.959943684714673, 10.426984874643761 ], [ 123.960399486681226, 10.426667012286961 ], [ 123.960443927474387, 10.426259942903298 ], [ 123.960031744207598, 10.425899446859555 ], [ 123.958890388938798, 10.426083699706245 ], [ 123.958478755443494, 10.425904060920647 ], [ 123.958248868299606, 10.42540737531143 ], [ 123.958111840052027, 10.425407781954661 ], [ 123.957977276115059, 10.426222056161222 ], [ 123.958071914911699, 10.427306941824982 ], [ 123.958346657973351, 10.427532202658574 ], [ 123.958803421841537, 10.427530846341758 ], [ 123.959302982609856, 10.426579841857798 ] ] ], [ [ [ 123.973375129940777, 10.427803740141975 ], [ 123.973511741093787, 10.427667682900639 ], [ 123.973464812413084, 10.427260888760495 ], [ 123.9736015624879, 10.427170046156256 ], [ 123.973735807019779, 10.426265339718247 ], [ 123.973460777012065, 10.425949663665669 ], [ 123.973232397229253, 10.425950352270132 ], [ 123.972871856924485, 10.427533967010174 ], [ 123.973103437636865, 10.428573215721615 ], [ 123.973514663877836, 10.428617190623104 ], [ 123.973375129940777, 10.427803740141975 ] ] ], [ [ [ 123.972692350530494, 10.428574454943899 ], [ 123.972646117942901, 10.428393733945921 ], [ 123.972188937712545, 10.42825946613763 ], [ 123.972006510401485, 10.428350445775841 ], [ 123.972007205237631, 10.428576519140101 ], [ 123.972692350530494, 10.428574454943899 ] ] ], [ [ [ 123.955838281197856, 10.428805667651119 ], [ 123.955335975024326, 10.428852369980408 ], [ 123.95547355124026, 10.429032823961998 ], [ 123.955839101039842, 10.429076956975857 ], [ 123.955838281197856, 10.428805667651119 ] ] ], [ [ [ 123.968581753560585, 10.428677247541341 ], [ 123.968902042570107, 10.428857146703709 ], [ 123.969175824076288, 10.428765894420948 ], [ 123.969311883282344, 10.428448979944326 ], [ 123.969306340670386, 10.426640391475718 ], [ 123.968986884883932, 10.426731780823154 ], [ 123.968805011259022, 10.427003617527205 ], [ 123.968626322140054, 10.4283153927163 ], [ 123.967859301899878, 10.428262021638407 ], [ 123.967073463596662, 10.428365264328413 ], [ 123.966891587393022, 10.428637100151272 ], [ 123.966847569700136, 10.429179813873162 ], [ 123.967076090536111, 10.429224344353864 ], [ 123.968581753560585, 10.428677247541341 ] ], [ [ 123.967758592220108, 10.428357585698079 ], [ 123.967804198609628, 10.428334575336832 ], [ 123.967804285816186, 10.428363073788505 ], [ 123.967758592220108, 10.428357585698079 ] ] ], [ [ [ 123.951957127950834, 10.429269290333245 ], [ 123.951866182709196, 10.429405204554214 ], [ 123.951363874425738, 10.429451900777071 ], [ 123.951410095225484, 10.429632625924672 ], [ 123.952232821845826, 10.429811061164944 ], [ 123.951957127950834, 10.429269290333245 ] ] ], [ [ [ 123.973380139958891, 10.429431467684086 ], [ 123.97319520774353, 10.428708584236155 ], [ 123.97301291964547, 10.428844779101681 ], [ 123.972832161449077, 10.429478335131986 ], [ 123.972924488213678, 10.429794562331617 ], [ 123.973107333444261, 10.429839226088713 ], [ 123.973380139958891, 10.429431467684086 ] ] ], [ [ [ 123.963134122371486, 10.42996338053327 ], [ 123.963053768251768, 10.429884317105707 ], [ 123.963022835115254, 10.429994665616157 ], [ 123.963134122371486, 10.42996338053327 ] ] ], [ [ [ 123.962931481741762, 10.429994938201379 ], [ 123.962931757099753, 10.430085367781539 ], [ 123.963023110499535, 10.430085095193881 ], [ 123.962931481741762, 10.429994938201379 ] ] ], [ [ [ 123.962820469774599, 10.430116652799438 ], [ 123.962900823905784, 10.430195716284459 ], [ 123.962931757099753, 10.430085367781539 ], [ 123.962820469774599, 10.430116652799438 ] ] ], [ [ [ 123.961140198888558, 10.429920304318694 ], [ 123.960409646225287, 10.430012909598215 ], [ 123.961050356985965, 10.430417939326917 ], [ 123.961233064078471, 10.430417395183461 ], [ 123.961140198888558, 10.429920304318694 ] ] ], [ [ [ 123.953330973079233, 10.430440834006049 ], [ 123.952781352083278, 10.429945088409768 ], [ 123.952415801373931, 10.429900951952655 ], [ 123.952691496681325, 10.430442722248387 ], [ 123.95328584137097, 10.430621828589974 ], [ 123.953330973079233, 10.430440834006049 ] ] ], [ [ [ 123.955477922407113, 10.430479700441362 ], [ 123.955933324238899, 10.430026199015945 ], [ 123.956069397790273, 10.429709288954163 ], [ 123.955976540972216, 10.429212195819181 ], [ 123.955565314342451, 10.429168198204726 ], [ 123.95460815127683, 10.429849259979985 ], [ 123.954701688722722, 10.430572428160419 ], [ 123.955477922407113, 10.430479700441362 ] ] ], [ [ [ 123.986399739682469, 10.429979725998173 ], [ 123.986492079977921, 10.43029594800846 ], [ 123.986903873360887, 10.43052076316259 ], [ 123.986811391445528, 10.430159326852705 ], [ 123.986399739682469, 10.429979725998173 ] ] ], [ [ [ 123.96890993950764, 10.431434385164128 ], [ 123.968953676440321, 10.430801242111395 ], [ 123.969181228512028, 10.430529268016189 ], [ 123.969592041320325, 10.430437603678094 ], [ 123.969591209457093, 10.430166315476997 ], [ 123.969361994695177, 10.429895713370668 ], [ 123.968814429727018, 10.430078218189811 ], [ 123.96840583267219, 10.430893316956061 ], [ 123.968453448302526, 10.431526185853871 ], [ 123.968727786380285, 10.431615792582013 ], [ 123.96890993950764, 10.431434385164128 ] ] ], [ [ [ 123.976949049272562, 10.43141014408671 ], [ 123.976719827629637, 10.431139547935288 ], [ 123.976672474875627, 10.430597110966005 ], [ 123.976351761387889, 10.430281576346985 ], [ 123.976216127771991, 10.430734137042851 ], [ 123.976354693536592, 10.431231083109854 ], [ 123.97649256151773, 10.431501956044482 ], [ 123.976858254701511, 10.431591279084252 ], [ 123.976949049272562, 10.43141014408671 ] ] ], [ [ [ 123.982820744500273, 10.431723747874768 ], [ 123.982740884013339, 10.431803293931386 ], [ 123.982852360370529, 10.431833907141112 ], [ 123.982820744500273, 10.431723747874768 ] ] ], [ [ [ 123.973431801985086, 10.431375559783906 ], [ 123.973247842341095, 10.430969179113241 ], [ 123.973429713863126, 10.430697340087224 ], [ 123.973291013761425, 10.430155177643455 ], [ 123.972970999495018, 10.430065712551659 ], [ 123.972789266973194, 10.430382765986913 ], [ 123.972747346295066, 10.431603699390083 ], [ 123.973068057962109, 10.431919237807135 ], [ 123.973431801985086, 10.431375559783906 ] ] ], [ [ [ 123.953746701518355, 10.431976926360084 ], [ 123.953700069824521, 10.431660557002454 ], [ 123.95306181751539, 10.432069380447437 ], [ 123.953291021018231, 10.432339995324494 ], [ 123.953610761113424, 10.43233905059212 ], [ 123.953746701518355, 10.431976926360084 ] ] ], [ [ [ 123.976221014377856, 10.432316648302466 ], [ 123.976220176617943, 10.432045360669161 ], [ 123.974666467845395, 10.43182398296438 ], [ 123.974804892430953, 10.432275715224963 ], [ 123.975993467727164, 10.432588626945906 ], [ 123.976221014377856, 10.432316648302466 ] ] ], [ [ [ 123.952565090473769, 10.43396989059414 ], [ 123.952472101036548, 10.433427581270196 ], [ 123.952196675334207, 10.432976240931819 ], [ 123.951968152860331, 10.432931699876528 ], [ 123.951513829555864, 10.433746915906356 ], [ 123.952428330685635, 10.434060724970033 ], [ 123.952565090473769, 10.43396989059414 ] ] ], [ [ [ 123.987553796817664, 10.433864675871281 ], [ 123.9875540793916, 10.433955104764303 ], [ 123.987599756320094, 10.433954964903972 ], [ 123.987553796817664, 10.433864675871281 ] ] ], [ [ [ 123.982614782588641, 10.431980732537879 ], [ 123.983255944168562, 10.432521358269046 ], [ 123.983257491325602, 10.433018717861223 ], [ 123.982847665015981, 10.43342690128557 ], [ 123.982536213484678, 10.43338263518061 ], [ 123.982125185876654, 10.433011710459187 ], [ 123.981704477999756, 10.433023447925839 ], [ 123.981521208890896, 10.432843145781861 ], [ 123.981683320811158, 10.432867486705531 ], [ 123.981583341146106, 10.432691534296938 ], [ 123.981201049864723, 10.432708474873031 ], [ 123.981178910159613, 10.432542614768687 ], [ 123.980789958327804, 10.432709725000938 ], [ 123.981843615437839, 10.433701248760258 ], [ 123.982712602459713, 10.434060321971241 ], [ 123.983306403546933, 10.434058512255557 ], [ 123.983533944310778, 10.433786528909154 ], [ 123.983900204524517, 10.43405670143683 ], [ 123.984219943467011, 10.43405572592369 ], [ 123.985589124837261, 10.433689825742967 ], [ 123.986776724466026, 10.433686194647189 ], [ 123.987324140977478, 10.433458445015811 ], [ 123.987870708691844, 10.432959407849554 ], [ 123.986452893782541, 10.432375953227861 ], [ 123.986225032907697, 10.432544177399949 ], [ 123.985461486635074, 10.432518565877704 ], [ 123.985312074763854, 10.432732007495897 ], [ 123.984170605870403, 10.432880288459879 ], [ 123.983714541249697, 10.433107754232655 ], [ 123.98371355621552, 10.432791252721113 ], [ 123.984305242751276, 10.432111223940758 ], [ 123.984166804935924, 10.431659497031347 ], [ 123.983892041452791, 10.431434260452209 ], [ 123.983573711963984, 10.431887380464712 ], [ 123.982852360370529, 10.431833907141112 ], [ 123.982614782588641, 10.431980732537879 ] ], [ [ 123.982482105983394, 10.433381792792122 ], [ 123.982483935715052, 10.433382794414861 ], [ 123.982482109114187, 10.433382799978395 ], [ 123.982482105983394, 10.433381792792122 ] ], [ [ 123.982070309414681, 10.433156368687063 ], [ 123.98207323522611, 10.433157970326747 ], [ 123.982070314418706, 10.433157979219121 ], [ 123.982070309414681, 10.433156368687063 ] ], [ [ 123.981978799141956, 10.433106274361656 ], [ 123.981991095194971, 10.433113005438921 ], [ 123.981978820169914, 10.43311304280663 ], [ 123.981978799141956, 10.433106274361656 ] ], [ [ 123.981429713441642, 10.432797770921878 ], [ 123.981431290325105, 10.432798204402411 ], [ 123.981429714802431, 10.432798209195745 ], [ 123.981429713441642, 10.432797770921878 ] ] ], [ [ [ 123.969009331517071, 10.434056563502685 ], [ 123.969375303738303, 10.434236324400912 ], [ 123.969329071884388, 10.434055602888394 ], [ 123.969009331517071, 10.434056563502685 ] ] ], [ [ [ 123.9760391446152, 10.432588488756029 ], [ 123.975993467727164, 10.432588626945906 ], [ 123.975993607326998, 10.432633841553328 ], [ 123.97590239312305, 10.432679332523303 ], [ 123.975857414132932, 10.432905543738658 ], [ 123.975814389287308, 10.433764759455389 ], [ 123.97590755830484, 10.434352272948074 ], [ 123.976136083675513, 10.434396796478698 ], [ 123.976543825281411, 10.433310401820991 ], [ 123.97622171252884, 10.432542721326687 ], [ 123.9760391446152, 10.432588488756029 ] ] ], [ [ [ 123.95165344774037, 10.434605595401655 ], [ 123.951333160887799, 10.434425678654927 ], [ 123.951288707939284, 10.434832747722291 ], [ 123.951471690309972, 10.434922638787601 ], [ 123.95165344774037, 10.434605595401655 ] ] ], [ [ [ 123.965869430630363, 10.434778965430285 ], [ 123.965758142066818, 10.434810251585436 ], [ 123.965838498185263, 10.434889314134717 ], [ 123.965869430630363, 10.434778965430285 ] ] ], [ [ [ 123.983449203613077, 10.435911888955033 ], [ 123.983494036523069, 10.435640462675147 ], [ 123.98335545711187, 10.43514352104701 ], [ 123.982945065845556, 10.435370846765942 ], [ 123.98294647229595, 10.435822991812762 ], [ 123.983221098630054, 10.436003014355313 ], [ 123.983449203613077, 10.435911888955033 ] ] ], [ [ [ 123.971116594789862, 10.436039690362161 ], [ 123.971482431424974, 10.436174233848377 ], [ 123.971482153431339, 10.436083804531567 ], [ 123.971116594789862, 10.436039690362161 ] ] ], [ [ [ 123.989481712902759, 10.436888162045939 ], [ 123.990347739590888, 10.436297710392848 ], [ 123.989616054098718, 10.436028667690218 ], [ 123.988839541556942, 10.436031049799702 ], [ 123.989025081110952, 10.436934777856298 ], [ 123.989396656626297, 10.437083210281221 ], [ 123.989481712902759, 10.436888162045939 ] ], [ [ 123.989344964085433, 10.436979011359199 ], [ 123.989386024281714, 10.436978885369989 ], [ 123.98934498651542, 10.436986174068197 ], [ 123.989344964085433, 10.436979011359199 ] ] ], [ [ [ 123.967006451060527, 10.436323330385834 ], [ 123.966091932292414, 10.43600956498871 ], [ 123.966135121898333, 10.435195562999418 ], [ 123.965631841606424, 10.434925779095195 ], [ 123.965312238089737, 10.434971950834402 ], [ 123.965039692383755, 10.435470133086056 ], [ 123.965089373963451, 10.436781224006243 ], [ 123.965547117467267, 10.437096359999753 ], [ 123.966461224242607, 10.437274482532855 ], [ 123.966873153622416, 10.437544538597873 ], [ 123.967192897754543, 10.43754357980127 ], [ 123.967006451060527, 10.436323330385834 ] ] ], [ [ [ 123.986970588737648, 10.437257577189751 ], [ 123.987058977201428, 10.436307794192009 ], [ 123.986921380450227, 10.436127355821135 ], [ 123.986327858370188, 10.43621960152697 ], [ 123.985827383331838, 10.436854140443037 ], [ 123.985737721412562, 10.437396993275794 ], [ 123.986286274298834, 10.437530960446653 ], [ 123.986970588737648, 10.437257577189751 ] ] ], [ [ [ 123.972764323381611, 10.437119886228313 ], [ 123.972580638833762, 10.436803934826465 ], [ 123.972306434398234, 10.436759546589874 ], [ 123.972171488397208, 10.437438179400608 ], [ 123.972355590423533, 10.437889774954904 ], [ 123.972538579612234, 10.437979653234835 ], [ 123.972764323381611, 10.437119886228313 ] ] ], [ [ [ 123.991370625806724, 10.438951784744544 ], [ 123.991259340565207, 10.438983079676023 ], [ 123.991339698124449, 10.439062135123837 ], [ 123.991370625806724, 10.438951784744544 ] ] ], [ [ [ 123.970441014594755, 10.43916156476933 ], [ 123.970391587105553, 10.437940906256561 ], [ 123.970527370409627, 10.437533561857471 ], [ 123.970252610107565, 10.437308313205905 ], [ 123.969795694755305, 10.43726447248341 ], [ 123.968975992668234, 10.43808080832677 ], [ 123.9696167304093, 10.43848581820305 ], [ 123.969755984467014, 10.43920884089969 ], [ 123.970258997213918, 10.439388187965143 ], [ 123.970441014594755, 10.43916156476933 ] ] ], [ [ [ 123.993828453339518, 10.439225962394334 ], [ 123.993873135046115, 10.438909321149335 ], [ 123.99305193385986, 10.439228355472222 ], [ 123.99309889096736, 10.439635143949529 ], [ 123.993464454613502, 10.439679232282078 ], [ 123.993828453339518, 10.439225962394334 ] ] ], [ [ [ 123.99190942514727, 10.439051013787727 ], [ 123.992686228658499, 10.439139052250948 ], [ 123.992776961035162, 10.438532244561889 ], [ 123.993049716485757, 10.438114801357816 ], [ 123.99304639029225, 10.437464995484888 ], [ 123.992589474548154, 10.437421187683739 ], [ 123.992270301053054, 10.437603029374202 ], [ 123.991726004894133, 10.438825504051646 ], [ 123.991315758038368, 10.439098054740553 ], [ 123.991318312396416, 10.439911913566402 ], [ 123.99190942514727, 10.439051013787727 ] ], [ [ 123.992320612855295, 10.439078149747999 ], [ 123.992320523628877, 10.439049748591097 ], [ 123.992339484182338, 10.439049690225337 ], [ 123.992320612855295, 10.439078149747999 ] ] ], [ [ [ 123.972544147119052, 10.43978823869131 ], [ 123.973088383324011, 10.438520575168333 ], [ 123.973087826282395, 10.438339716647087 ], [ 123.972584396515643, 10.438024730106029 ], [ 123.972083749947231, 10.438614035566291 ], [ 123.97167584804906, 10.439655211556286 ], [ 123.971311536386523, 10.440018029850101 ], [ 123.972365332297372, 10.441054799558753 ], [ 123.972544147119052, 10.43978823869131 ] ] ], [ [ [ 123.976877540899054, 10.437830892461788 ], [ 123.975963568948472, 10.43769801502204 ], [ 123.97564522172074, 10.438151128583366 ], [ 123.975234261919681, 10.438197586814017 ], [ 123.975326594431223, 10.438513812698773 ], [ 123.975601359121882, 10.438739056543076 ], [ 123.975511958205075, 10.439372337295561 ], [ 123.975421021268346, 10.439508257485311 ], [ 123.975055458442284, 10.439464148245122 ], [ 123.9743722423066, 10.440099224189373 ], [ 123.973690138433341, 10.441096015819593 ], [ 123.97268716814034, 10.441732054352991 ], [ 123.972506264998486, 10.442320395803796 ], [ 123.972599292672172, 10.442862695660677 ], [ 123.972964441517206, 10.442771163517698 ], [ 123.973144368729479, 10.441866319541555 ], [ 123.973784282828603, 10.442000032111178 ], [ 123.974468899102561, 10.441817103044013 ], [ 123.975104346522244, 10.440503945870041 ], [ 123.975378414843277, 10.440503116768161 ], [ 123.97565360043734, 10.440864004146054 ], [ 123.976383471587425, 10.440545289296285 ], [ 123.97665544283366, 10.439866240436531 ], [ 123.976652227706026, 10.438826305106231 ], [ 123.977016671181971, 10.438508695955262 ], [ 123.977657278843651, 10.43886847410179 ], [ 123.977976463415047, 10.438686646136036 ], [ 123.978066279138289, 10.438189008828552 ], [ 123.978431140423496, 10.438007041927369 ], [ 123.978384581017238, 10.43772244233015 ], [ 123.978715849067044, 10.437230433159471 ], [ 123.978838036924927, 10.436649357533089 ], [ 123.980069925206706, 10.436193466270378 ], [ 123.980073431358605, 10.437323829783095 ], [ 123.979709553405812, 10.437822300209172 ], [ 123.97952894580105, 10.438501073464767 ], [ 123.979759998693879, 10.439359455766217 ], [ 123.979669905084506, 10.43976666422553 ], [ 123.979898154240814, 10.439720755573173 ], [ 123.979851354341946, 10.439359178123699 ], [ 123.980306448795048, 10.438815215149978 ], [ 123.98025908748086, 10.438272779637073 ], [ 123.980440815884876, 10.437955722376323 ], [ 123.980302099542683, 10.437413564610107 ], [ 123.980484388729067, 10.437277365492376 ], [ 123.980438290301947, 10.43714186077702 ], [ 123.980894644079243, 10.437004828042278 ], [ 123.981577979968847, 10.436414954359746 ], [ 123.981851201198523, 10.43614283292273 ], [ 123.981759003667563, 10.435871823933679 ], [ 123.982352246113237, 10.43568915762784 ], [ 123.982671002640387, 10.435371681951287 ], [ 123.98267015903869, 10.435100394894606 ], [ 123.981573345179086, 10.434922875096502 ], [ 123.980184389913575, 10.435323257011879 ], [ 123.979839996190478, 10.435696800268786 ], [ 123.979026440562663, 10.435372309253395 ], [ 123.978103559008716, 10.435475996251492 ], [ 123.977828935700032, 10.435295968993499 ], [ 123.977189593831952, 10.435343121724445 ], [ 123.977098658677065, 10.435479042253245 ], [ 123.97728290596956, 10.435975849063341 ], [ 123.977969325778545, 10.436380703228977 ], [ 123.977719130297032, 10.436668556333421 ], [ 123.977890598050095, 10.436753134663169 ], [ 123.977924313141514, 10.436595643335517 ], [ 123.977879929947505, 10.437013984240302 ], [ 123.977530606129065, 10.437421978336424 ], [ 123.977569115601923, 10.437158450227887 ], [ 123.976877540899054, 10.437830892461788 ] ], [ [ 123.977424894154012, 10.437577619848135 ], [ 123.977424973160183, 10.437603158535428 ], [ 123.977332325741983, 10.437603439354087 ], [ 123.977424894154012, 10.437577619848135 ] ], [ [ 123.980706569233377, 10.435276774744869 ], [ 123.980752246449015, 10.43527663584571 ], [ 123.980752278901662, 10.43528709259806 ], [ 123.980706569233377, 10.435276774744869 ] ], [ [ 123.977196864836614, 10.437694279895652 ], [ 123.977178062424471, 10.437694336875865 ], [ 123.977196751045042, 10.437657488512645 ], [ 123.977196864836614, 10.437694279895652 ] ] ], [ [ [ 123.987310542592795, 10.443722262010644 ], [ 123.987262602202435, 10.442998971176999 ], [ 123.986988674007193, 10.443045025105782 ], [ 123.986670339048032, 10.443498148552884 ], [ 123.986671610713046, 10.443905078432719 ], [ 123.98699150079473, 10.443949313651869 ], [ 123.987310542592795, 10.443722262010644 ] ] ], [ [ [ 123.975481781768806, 10.444391294813773 ], [ 123.975252830055112, 10.444211127740495 ], [ 123.975299486281344, 10.444527491589604 ], [ 123.975436661883137, 10.444572291406375 ], [ 123.975481781768806, 10.444391294813773 ] ] ], [ [ [ 123.952602033412958, 10.446223128274699 ], [ 123.952645666488266, 10.445544770020383 ], [ 123.952462131856137, 10.445274020720849 ], [ 123.952097108340553, 10.445410745082203 ], [ 123.951688176858468, 10.44613539756963 ], [ 123.951463050817097, 10.447221229418016 ], [ 123.95178280628717, 10.447220285172431 ], [ 123.952602033412958, 10.446223128274699 ] ] ], [ [ [ 123.984262355986289, 10.447665282070849 ], [ 123.984533609102314, 10.446760155529676 ], [ 123.984349060749778, 10.446172925946163 ], [ 123.98412010311732, 10.445992765836445 ], [ 123.983617918787289, 10.446084729166232 ], [ 123.983575057791143, 10.446989157927122 ], [ 123.983760169078295, 10.447757245856383 ], [ 123.983943166974498, 10.447847116723322 ], [ 123.984262355986289, 10.447665282070849 ] ] ], [ [ [ 123.977133208701801, 10.446647040673305 ], [ 123.977131809151047, 10.446194895141025 ], [ 123.976640072552229, 10.445879881146585 ], [ 123.976683378178578, 10.445778863053247 ], [ 123.975861439127783, 10.445871783412093 ], [ 123.975350333172656, 10.446200292813881 ], [ 123.974941457434156, 10.44692497033884 ], [ 123.974531463158399, 10.447287930795484 ], [ 123.97462407772862, 10.447694585696555 ], [ 123.975995709096949, 10.448097368128938 ], [ 123.977133208701801, 10.446647040673305 ] ], [ [ 123.97658264938427, 10.445868959418485 ], [ 123.976605460518087, 10.445879986055497 ], [ 123.97658268370796, 10.445880055089857 ], [ 123.97658264938427, 10.445868959418485 ] ] ] ] } },
{ "type": "Feature", "properties": { "GRID": 3.0, "LH": 2.0 }, "geometry": { "type": "MultiPolygon", "coordinates": [ [ [ [ 123.95, 10.381516310634746 ], [ 123.950333648783626, 10.381591723839897 ], [ 123.950391491164325, 10.381289298773622 ], [ 123.950269398828596, 10.38110937809534 ], [ 123.95, 10.381136199610198 ], [ 123.95, 10.381516310634746 ] ] ], [ [ [ 123.95, 10.381723212081658 ], [ 123.950045032322322, 10.381576850228948 ], [ 123.95, 10.381562587265316 ], [ 123.95, 10.381723212081658 ] ] ], [ [ [ 123.95, 10.383024118694113 ], [ 123.951094757719716, 10.382210803587515 ], [ 123.952883661873344, 10.382024688756999 ], [ 123.953284957021168, 10.381552680527964 ], [ 123.953246308048719, 10.381119313610148 ], [ 123.952423982194148, 10.381031299312593 ], [ 123.95245910687602, 10.380289074701107 ], [ 123.951909446672943, 10.3797481031046 ], [ 123.950959304430299, 10.379950426798699 ], [ 123.950723661691299, 10.380294167670213 ], [ 123.951964847338871, 10.380218769192918 ], [ 123.952095388151974, 10.380836966871465 ], [ 123.952023700321988, 10.380997998221886 ], [ 123.951547880727077, 10.381015197648829 ], [ 123.951567474384987, 10.381156700934381 ], [ 123.952425337249267, 10.381483449973036 ], [ 123.952874555476228, 10.381391699119808 ], [ 123.953015284664204, 10.381595083756697 ], [ 123.951969125336802, 10.381646977703383 ], [ 123.951457894957684, 10.381467616481579 ], [ 123.950819870748575, 10.381921643008464 ], [ 123.950417218908484, 10.381941497616111 ], [ 123.95, 10.382149560171221 ], [ 123.95, 10.383024118694113 ] ] ], [ [ [ 123.95, 10.384387407578187 ], [ 123.950425333616948, 10.384654402821344 ], [ 123.950460518525531, 10.383930851967712 ], [ 123.951062280875007, 10.383838656001631 ], [ 123.951190158003442, 10.383566987949177 ], [ 123.951517898901486, 10.383475595147164 ], [ 123.951666634496405, 10.383231197794183 ], [ 123.952158207710895, 10.383175152556475 ], [ 123.952427354521802, 10.38370078627359 ], [ 123.951703017054584, 10.384288930099389 ], [ 123.951612433330439, 10.384541814856743 ], [ 123.95060855581265, 10.384834727427114 ], [ 123.950153205258772, 10.385288217398069 ], [ 123.950283462386054, 10.385811747268859 ], [ 123.951288809205479, 10.386008333760335 ], [ 123.951200932825628, 10.387165519786993 ], [ 123.951620887334016, 10.387363822620303 ], [ 123.9528450744846, 10.387160689470692 ], [ 123.952988292879652, 10.386455495215964 ], [ 123.953938255993933, 10.385768169420693 ], [ 123.953871596106723, 10.385944855946889 ], [ 123.954095216145689, 10.386079018378828 ], [ 123.954207534496689, 10.386475272103633 ], [ 123.95375767151674, 10.386886712129238 ], [ 123.953684560172533, 10.387353545979074 ], [ 123.953904961561889, 10.387537968574613 ], [ 123.954453691924101, 10.387536352718289 ], [ 123.954820277194472, 10.388168288536896 ], [ 123.95508195501921, 10.388299893596825 ], [ 123.955195356518658, 10.388567824108264 ], [ 123.954306142714614, 10.38820913972855 ], [ 123.954639497243505, 10.3888018370633 ], [ 123.955096749228176, 10.388981351086429 ], [ 123.955827210145344, 10.388888766073709 ], [ 123.955916101859515, 10.388074626588134 ], [ 123.955469722841201, 10.387685125250409 ], [ 123.955274264220421, 10.387262642140561 ], [ 123.954021283474773, 10.387226587324662 ], [ 123.95525793841739, 10.386833015261683 ], [ 123.954268893149759, 10.386571387834838 ], [ 123.954398048235134, 10.386400309360118 ], [ 123.955311197717919, 10.386311311652001 ], [ 123.955216136951421, 10.385887677077788 ], [ 123.954969908895947, 10.385726215027596 ], [ 123.954482422032314, 10.38489509945936 ], [ 123.95384303861637, 10.384896981768442 ], [ 123.953441684511787, 10.385350317092094 ], [ 123.952711557735071, 10.385551999941557 ], [ 123.952475913386394, 10.385895742184742 ], [ 123.952366410865849, 10.386547754289678 ], [ 123.952112447454581, 10.386529826553943 ], [ 123.951762332153336, 10.38683078273205 ], [ 123.951710075895448, 10.386645111419394 ], [ 123.952256209538803, 10.386005492699695 ], [ 123.952292147362328, 10.385534558584341 ], [ 123.951980289924137, 10.385373286911873 ], [ 123.950445041403441, 10.385496884303901 ], [ 123.950738328041709, 10.385196070595626 ], [ 123.952071088571927, 10.385192158368412 ], [ 123.952345652643118, 10.385372213533545 ], [ 123.952893425390855, 10.385280172589564 ], [ 123.953568202812079, 10.384626497835697 ], [ 123.953567388532235, 10.384355207584189 ], [ 123.952525622597122, 10.384467375599218 ], [ 123.952768431851638, 10.384619071079753 ], [ 123.95261799163903, 10.384810153776908 ], [ 123.951871815027872, 10.384691293997934 ], [ 123.953018317378408, 10.38401377283963 ], [ 123.953748711875804, 10.383902519691087 ], [ 123.953617635965216, 10.38310770133946 ], [ 123.953399411119264, 10.383052940232407 ], [ 123.953342802040041, 10.382837217027875 ], [ 123.952793406752761, 10.382386677675568 ], [ 123.952465069370689, 10.382278537582012 ], [ 123.951058220822048, 10.382482203640002 ], [ 123.950420949635898, 10.383188846271661 ], [ 123.950002854558079, 10.38337164022472 ], [ 123.95, 10.383377766972881 ], [ 123.95, 10.384387407578187 ] ], [ [ 123.951538918468827, 10.385891165908863 ], [ 123.951505008135754, 10.385857794532544 ], [ 123.951551975358598, 10.385844589928602 ], [ 123.951538918468827, 10.385891165908863 ] ], [ [ 123.954116745042583, 10.385719889734453 ], [ 123.954045346775871, 10.385777853975043 ], [ 123.95402480909047, 10.385736666260687 ], [ 123.954116745042583, 10.385719889734453 ] ], [ [ 123.953908748943618, 10.385308590642717 ], [ 123.953972663611538, 10.385281290450408 ], [ 123.953953275308365, 10.385392131083318 ], [ 123.953908748943618, 10.385308590642717 ] ], [ [ 123.952825510940386, 10.383107302745305 ], [ 123.953105035131983, 10.383460188151838 ], [ 123.952941500811207, 10.38380253015568 ], [ 123.952825510940386, 10.383107302745305 ] ] ], [ [ [ 123.95, 10.384797034093811 ], [ 123.950151852956552, 10.384836066544414 ], [ 123.950151312053237, 10.38465520619936 ], [ 123.95, 10.384506286216224 ], [ 123.95, 10.384797034093811 ] ] ], [ [ [ 123.95, 10.387440286615261 ], [ 123.95007051992738, 10.388182250392481 ], [ 123.950566686692795, 10.388885568692469 ], [ 123.951260397740469, 10.388992637614336 ], [ 123.951542393255423, 10.388630085910954 ], [ 123.951626848718305, 10.389353285118117 ], [ 123.952031678789822, 10.390056868929015 ], [ 123.952706449801028, 10.389839265026428 ], [ 123.953128054581214, 10.390144075985749 ], [ 123.953767992073921, 10.39032305424538 ], [ 123.954772754740162, 10.390320094452081 ], [ 123.955410244268606, 10.389685199279519 ], [ 123.954776635065755, 10.39005312884602 ], [ 123.954640497623018, 10.389947909672054 ], [ 123.955044332889614, 10.389505416559702 ], [ 123.9549143378607, 10.389072319602759 ], [ 123.953657236919113, 10.388326522282751 ], [ 123.95376152948603, 10.388171406802016 ], [ 123.954218180594395, 10.38815138831395 ], [ 123.954180072094275, 10.387898881967578 ], [ 123.95339475025861, 10.387701657926074 ], [ 123.953175316988819, 10.387901839217125 ], [ 123.95317694546857, 10.388444419658757 ], [ 123.953818237512962, 10.389075548408959 ], [ 123.953845313872236, 10.389328087273823 ], [ 123.953362015850857, 10.389239078958502 ], [ 123.952849686792177, 10.388698000892699 ], [ 123.952538368317406, 10.388717590273167 ], [ 123.952399520930527, 10.389007824227514 ], [ 123.952207855095509, 10.38788600975017 ], [ 123.951989212912665, 10.387994403174199 ], [ 123.951933830859389, 10.38788681489968 ], [ 123.950983122975558, 10.387908280481906 ], [ 123.950862680854797, 10.388319520822803 ], [ 123.95065456532997, 10.38772838271119 ], [ 123.950798545075031, 10.387275805601385 ], [ 123.950705850439618, 10.386823922868558 ], [ 123.950340159429032, 10.3867158905464 ], [ 123.950010521581063, 10.386174271292239 ], [ 123.95, 10.386180022946663 ], [ 123.95, 10.387440286615261 ] ] ], [ [ [ 123.95, 10.389972402066801 ], [ 123.950021882671209, 10.389972337906883 ], [ 123.950113765909435, 10.390152930327842 ], [ 123.950858332434834, 10.39020401970798 ], [ 123.950745696756798, 10.390555476591315 ], [ 123.950597653754741, 10.390238619042799 ], [ 123.95, 10.390405714785324 ], [ 123.95, 10.392792096361736 ], [ 123.950393747498509, 10.392141589427384 ], [ 123.950392123223608, 10.391599008669273 ], [ 123.950074535852565, 10.391124372088964 ], [ 123.951120696183295, 10.390873422944413 ], [ 123.951393910176563, 10.390601327939534 ], [ 123.951392555376813, 10.390149177397809 ], [ 123.950477510277437, 10.389609277770719 ], [ 123.95, 10.389438954482538 ], [ 123.95, 10.389972402066801 ] ] ], [ [ [ 123.95, 10.396062945043461 ], [ 123.950102433803934, 10.396015596209388 ], [ 123.950314859370067, 10.396301642738973 ], [ 123.950677525947413, 10.395396269165476 ], [ 123.951042358466822, 10.395214336057675 ], [ 123.951314491745435, 10.394580520507384 ], [ 123.951131804987057, 10.394581057136033 ], [ 123.950394555911984, 10.395633634031475 ], [ 123.95, 10.395852156993774 ], [ 123.95, 10.396062945043461 ] ] ], [ [ [ 123.95, 10.399738940765005 ], [ 123.950507841725724, 10.399737449871688 ], [ 123.950872679174822, 10.39955551654981 ], [ 123.951510194328776, 10.398920627124413 ], [ 123.951498950831621, 10.398388531985562 ], [ 123.951771627863536, 10.397935576121428 ], [ 123.951833797075622, 10.39743093356261 ], [ 123.95250088938478, 10.397436061622621 ], [ 123.95313921195806, 10.397072459626907 ], [ 123.953296903238837, 10.395832299566797 ], [ 123.953591719995032, 10.395669449420305 ], [ 123.953635761368076, 10.395126734782163 ], [ 123.953453074415904, 10.39512727276121 ], [ 123.95336037269692, 10.394675391556087 ], [ 123.953131471167964, 10.394495203710541 ], [ 123.952008862719126, 10.394488049029007 ], [ 123.952226840154609, 10.394216115548254 ], [ 123.952409526642612, 10.394215578314704 ], [ 123.952408441240237, 10.393853858070337 ], [ 123.952591127508072, 10.393853320752029 ], [ 123.952774899588448, 10.394214503535496 ], [ 123.953312663879487, 10.393997300749037 ], [ 123.953952881287407, 10.394266707910809 ], [ 123.954274318440085, 10.394843104166009 ], [ 123.954970129573312, 10.395202776008665 ], [ 123.955517373469775, 10.39492986923578 ], [ 123.956245395652715, 10.39402341246139 ], [ 123.955604088180493, 10.393392290086915 ], [ 123.95551165637815, 10.393030839670564 ], [ 123.954816833257709, 10.392998130447017 ], [ 123.954540901282371, 10.392365928134462 ], [ 123.954869536420205, 10.392128425461026 ], [ 123.95441309541846, 10.392220201601592 ], [ 123.953866398357675, 10.392673966261874 ], [ 123.953592370082191, 10.392674773198484 ], [ 123.953173069342967, 10.39313861864794 ], [ 123.953539224507765, 10.393398376363169 ], [ 123.954051530034945, 10.393487298381759 ], [ 123.953959643488531, 10.393306707412982 ], [ 123.953376905769929, 10.393133025988906 ], [ 123.95359307767869, 10.392910319600409 ], [ 123.955006058476272, 10.393880627497387 ], [ 123.952864885415224, 10.393762084529193 ], [ 123.952224669810406, 10.393492675012759 ], [ 123.952043339916244, 10.393945362466368 ], [ 123.951678509486101, 10.394127296545198 ], [ 123.951588521864281, 10.39457971536936 ], [ 123.951405835120894, 10.394580252154041 ], [ 123.951407190535775, 10.395032402570143 ], [ 123.951681763382282, 10.395212457466402 ], [ 123.952686542286457, 10.395209502819489 ], [ 123.952814533585737, 10.395389987907427 ], [ 123.952687628154877, 10.395571223004131 ], [ 123.951408274912808, 10.395394122893794 ], [ 123.951043442443634, 10.395576056415702 ], [ 123.951043984447097, 10.395756916591674 ], [ 123.9505886201826, 10.39621040822548 ], [ 123.950681860494299, 10.396843150685985 ], [ 123.951047778752397, 10.397022937765868 ], [ 123.95159557207316, 10.396930897267891 ], [ 123.951810464736553, 10.397061109932647 ], [ 123.951504770361126, 10.397112025872325 ], [ 123.951368372595525, 10.397318677976278 ], [ 123.95132235326335, 10.39720299281209 ], [ 123.95050052680196, 10.397295837543034 ], [ 123.950318650943217, 10.397567664139416 ], [ 123.950412162257521, 10.398290836728744 ], [ 123.950275763289483, 10.398497488461921 ], [ 123.95, 10.398088224777974 ], [ 123.95, 10.399738940765005 ] ], [ [ 123.950958602842604, 10.397746646725187 ], [ 123.950922634216013, 10.397952264049719 ], [ 123.95084003495046, 10.397797288336506 ], [ 123.950958602842604, 10.397746646725187 ] ], [ [ 123.95217803271423, 10.39638659965121 ], [ 123.951502601055353, 10.396388585314034 ], [ 123.95108395350104, 10.39658479590064 ], [ 123.950917535035515, 10.396492612933576 ], [ 123.951319913256, 10.396389122142985 ], [ 123.951410443787509, 10.396117563516478 ], [ 123.952086146197018, 10.39620600815716 ], [ 123.952314130071343, 10.396080148349332 ], [ 123.952863550453046, 10.396530686081142 ], [ 123.95286409355522, 10.396711546150392 ], [ 123.95217803271423, 10.39638659965121 ] ] ], [ [ [ 123.95, 10.401635575228042 ], [ 123.950138398767194, 10.401602824538122 ], [ 123.95069486798856, 10.401183794459513 ], [ 123.950876474219868, 10.400821537489696 ], [ 123.950783502665743, 10.40027922544804 ], [ 123.950600270574597, 10.400098901918934 ], [ 123.950143545544691, 10.400100242988454 ], [ 123.95, 10.400195591266142 ], [ 123.95, 10.401635575228042 ] ] ], [ [ [ 123.95, 10.405442852578169 ], [ 123.950158068625981, 10.404947723214736 ], [ 123.950250064224022, 10.405164058752852 ], [ 123.950432757183151, 10.405163522081791 ], [ 123.95043357043798, 10.405434812232293 ], [ 123.950159530758867, 10.405435617221455 ], [ 123.950277201554982, 10.405661348715885 ], [ 123.95016034379951, 10.405706907388947 ], [ 123.950162512018395, 10.406430347813053 ], [ 123.95043790817833, 10.406881692956839 ], [ 123.950895185556618, 10.407061210652405 ], [ 123.950895999364022, 10.40733250073448 ], [ 123.950532780382687, 10.408057014997254 ], [ 123.950168475447882, 10.408419808809862 ], [ 123.95, 10.408436028648957 ], [ 123.95, 10.409733867643268 ], [ 123.951449239530405, 10.409049059107032 ], [ 123.952177303330672, 10.408142608405088 ], [ 123.952267292207765, 10.407690189520657 ], [ 123.95263105018968, 10.407146533631542 ], [ 123.952329596574728, 10.406559621201259 ], [ 123.953175869192322, 10.406059759280557 ], [ 123.953175325406775, 10.4058788993324 ], [ 123.953539623873354, 10.405516102612632 ], [ 123.953629610341949, 10.405063683513907 ], [ 123.953627193901895, 10.404260270637749 ], [ 123.952655151473977, 10.40317796472025 ], [ 123.952653793166988, 10.402725814696488 ], [ 123.952926064064528, 10.402137212780701 ], [ 123.952742150531222, 10.401730815680695 ], [ 123.953252295401299, 10.401096297762511 ], [ 123.953251720412254, 10.400904980911346 ], [ 123.952793364728407, 10.400363745778515 ], [ 123.95233663960552, 10.400365090006817 ], [ 123.952054209676007, 10.400783316618817 ], [ 123.952148676750511, 10.401822993209612 ], [ 123.951738571956071, 10.402140707507149 ], [ 123.952061131963021, 10.403089282286473 ], [ 123.951787908718003, 10.403361378564567 ], [ 123.951834395995618, 10.403632534280641 ], [ 123.951616357184363, 10.403859252697842 ], [ 123.95167090991113, 10.404373061210061 ], [ 123.951135523579609, 10.404222740054847 ], [ 123.951423578946802, 10.403713716441944 ], [ 123.951376852066858, 10.40336258745757 ], [ 123.950919037722386, 10.403002209856956 ], [ 123.950282055725452, 10.403817958913951 ], [ 123.95, 10.403916010453596 ], [ 123.95, 10.405442852578169 ] ], [ [ 123.950798685449143, 10.405343308508868 ], [ 123.950892473028361, 10.406156910345469 ], [ 123.951926202088146, 10.406469881044833 ], [ 123.951431698222194, 10.406552339498852 ], [ 123.950665959903901, 10.406284921097285 ], [ 123.950616263544873, 10.405434275442675 ], [ 123.950798685449143, 10.405343308508868 ] ], [ [ 123.951162986341316, 10.404980514291772 ], [ 123.950888947116823, 10.404981319869705 ], [ 123.950705711982877, 10.404800996700979 ], [ 123.950309508212612, 10.40493310443582 ], [ 123.950248167085363, 10.404531048350085 ], [ 123.950034660067544, 10.404489032007936 ], [ 123.950122109063585, 10.404334296517728 ], [ 123.950339242346075, 10.404440349987238 ], [ 123.950429233339776, 10.403987931376305 ], [ 123.950702729484206, 10.403806266166425 ], [ 123.950811484715615, 10.403509441155169 ], [ 123.95091647003396, 10.403651137315579 ], [ 123.950703000607916, 10.403896696217604 ], [ 123.950830994830582, 10.404077181789198 ], [ 123.950612738919943, 10.404258684819705 ], [ 123.950613552257323, 10.404529974971165 ], [ 123.950796787170859, 10.404710298214274 ], [ 123.95143621145813, 10.404708418400727 ], [ 123.951711064722431, 10.404978902432978 ], [ 123.951985103879139, 10.404978096152139 ], [ 123.952258328218122, 10.404705999623168 ], [ 123.952208505392406, 10.403324294612496 ], [ 123.952439390965992, 10.404162881818172 ], [ 123.95235076101585, 10.405067450747675 ], [ 123.951530107611845, 10.405557763654397 ], [ 123.951162986341316, 10.404980514291772 ] ], [ [ 123.951864218126545, 10.40472176389927 ], [ 123.951689824425387, 10.404556041879788 ], [ 123.951892400042837, 10.404526214864731 ], [ 123.951864218126545, 10.40472176389927 ] ], [ [ 123.951035942240438, 10.405276830191706 ], [ 123.95095334066842, 10.405121854752601 ], [ 123.951071911197147, 10.405071212878646 ], [ 123.951035942240438, 10.405276830191706 ] ], [ [ 123.952250996080508, 10.402264389291245 ], [ 123.952295475010075, 10.401866658641547 ], [ 123.952298119751092, 10.402747424053956 ], [ 123.952250996080508, 10.402264389291245 ] ] ], [ [ [ 123.95, 10.408356093443906 ], [ 123.950259280645383, 10.408238680351303 ], [ 123.95053142447523, 10.407604864830315 ], [ 123.950071978208925, 10.406701906274904 ], [ 123.95007089415455, 10.406340186063524 ], [ 123.95, 10.406293969178501 ], [ 123.95, 10.408356093443906 ] ] ], [ [ [ 123.95, 10.413494886959391 ], [ 123.950082694987344, 10.413494643929175 ], [ 123.950036884936381, 10.413449563156552 ], [ 123.95, 10.413486294502645 ], [ 123.95, 10.413494886959391 ] ] ], [ [ [ 123.95, 10.417558577085904 ], [ 123.950288032804508, 10.417824261523874 ], [ 123.951019377239803, 10.418002971449392 ], [ 123.951202892587887, 10.418273723552387 ], [ 123.951843431815718, 10.418633560239657 ], [ 123.951935597815265, 10.418904580921113 ], [ 123.951891086433093, 10.419291824491612 ], [ 123.951660731089603, 10.418634098409262 ], [ 123.951478030353428, 10.418634636474604 ], [ 123.951294514542624, 10.418363884575122 ], [ 123.950562626214349, 10.418004315420619 ], [ 123.950014253596549, 10.417915497335555 ], [ 123.95, 10.417935308515988 ], [ 123.95, 10.418888990746961 ], [ 123.950378156311118, 10.418507614295983 ], [ 123.950566698452704, 10.419360764996634 ], [ 123.950384540137307, 10.419542162419141 ], [ 123.950386168904799, 10.420084742239855 ], [ 123.950112659211726, 10.420266408269811 ], [ 123.950233436604819, 10.420432707505006 ], [ 123.950103532055934, 10.420573018832838 ], [ 123.95, 10.42046864181142 ], [ 123.95, 10.420823493152543 ], [ 123.950598998923752, 10.421576223578905 ], [ 123.950300354743206, 10.421929353954157 ], [ 123.95, 10.421371091131039 ], [ 123.95, 10.424299579419984 ], [ 123.95030812177211, 10.424516078919991 ], [ 123.950496530530387, 10.426414569867044 ], [ 123.951137358423438, 10.42686483630164 ], [ 123.95143856089345, 10.427361317696409 ], [ 123.951047908595584, 10.42749811478952 ], [ 123.950955740142632, 10.427227094150263 ], [ 123.950497888915493, 10.426866719511498 ], [ 123.950369927311613, 10.427101452204763 ], [ 123.95010340591439, 10.427176109004879 ], [ 123.950223287313918, 10.426686666339423 ], [ 123.950040038720047, 10.426506344116074 ], [ 123.95003840951631, 10.425963764456688 ], [ 123.95, 10.425933585200802 ], [ 123.95, 10.428902178275099 ], [ 123.950321159799046, 10.42885671572532 ], [ 123.950625613940971, 10.428564701266929 ], [ 123.950705964837837, 10.428643768134219 ], [ 123.950503866555152, 10.428856177794373 ], [ 123.95, 10.428957475565262 ], [ 123.95, 10.42941660000321 ], [ 123.950071873666332, 10.429349674373768 ], [ 123.950416281035714, 10.429271653087408 ], [ 123.95073126524548, 10.429455406383761 ], [ 123.950780644971715, 10.429759669767261 ], [ 123.951146331427481, 10.429849023076907 ], [ 123.951394724369891, 10.430449811840399 ], [ 123.951362741334535, 10.430668531572413 ], [ 123.950783907264579, 10.430844828577388 ], [ 123.95, 10.431469404884558 ], [ 123.95, 10.433951553367077 ], [ 123.950610986512203, 10.434100842929663 ], [ 123.950734090931249, 10.434260124800398 ], [ 123.950611184700662, 10.434585836497877 ], [ 123.951035846025178, 10.434518903530533 ], [ 123.950976134087028, 10.434009336217489 ], [ 123.95152317457115, 10.433646000746352 ], [ 123.951464131313358, 10.433321741593819 ], [ 123.951786527991658, 10.433292395065651 ], [ 123.951923020117817, 10.433112694341851 ], [ 123.952065312569871, 10.431654927056353 ], [ 123.952247203924571, 10.431383098418291 ], [ 123.952646219549393, 10.431429895858843 ], [ 123.952979671541783, 10.431923520156282 ], [ 123.953335439750035, 10.431922469339126 ], [ 123.95361833275912, 10.43165034161693 ], [ 123.953707777752555, 10.431017062925465 ], [ 123.953341271606931, 10.430656423246676 ], [ 123.952691496681325, 10.430442722248387 ], [ 123.952425282252591, 10.429845251709407 ], [ 123.951410095225484, 10.429632625924672 ], [ 123.951364010427412, 10.429497115722162 ], [ 123.951866182709196, 10.429405204554214 ], [ 123.951966608903419, 10.429213590096092 ], [ 123.95185415944087, 10.429170351166913 ], [ 123.952011736063056, 10.429097559581903 ], [ 123.952057962342963, 10.429213320664315 ], [ 123.952788789768746, 10.429211164270656 ], [ 123.952789334588971, 10.42939202397771 ], [ 123.952241213718366, 10.429393641458455 ], [ 123.952241758232276, 10.429574501192379 ], [ 123.9532491000531, 10.430385403578807 ], [ 123.953981021111389, 10.430744963480063 ], [ 123.954437790248136, 10.430743612984443 ], [ 123.954701657154814, 10.430561971325265 ], [ 123.95460815127683, 10.429849259979985 ], [ 123.955474097600785, 10.42921368352914 ], [ 123.955815362504566, 10.429167457854982 ], [ 123.955529117983545, 10.429112633137683 ], [ 123.955335975024326, 10.428852369980408 ], [ 123.95592984884135, 10.428876345599255 ], [ 123.956441283753463, 10.428657778696117 ], [ 123.956239101287935, 10.428512664375875 ], [ 123.956439643117278, 10.428115200123715 ], [ 123.956713702108971, 10.428114388001086 ], [ 123.956804508031766, 10.427933257732461 ], [ 123.957807747311932, 10.427387699327456 ], [ 123.957989905097179, 10.427206297740296 ], [ 123.957862446617426, 10.4269018592202 ], [ 123.958070521500943, 10.426846856206826 ], [ 123.957896088049537, 10.426392701224103 ], [ 123.957713109373302, 10.426302813511867 ], [ 123.957712288133933, 10.426031524289572 ], [ 123.957985249934211, 10.425668992297028 ], [ 123.957983059522178, 10.424945554389943 ], [ 123.957798713059233, 10.424403517911097 ], [ 123.957887327568372, 10.423498949452352 ], [ 123.957432737089292, 10.423052030322632 ], [ 123.957104027773724, 10.423126004824022 ], [ 123.957061881249189, 10.422416229744917 ], [ 123.956668231321288, 10.421558305278973 ], [ 123.957058053096887, 10.421150212787529 ], [ 123.957332105948637, 10.421149400676361 ], [ 123.957422362805929, 10.42078741081003 ], [ 123.958150432285436, 10.419880946283621 ], [ 123.958695523259635, 10.418884592873431 ], [ 123.957634968379921, 10.41876254924601 ], [ 123.95708560514592, 10.418346782448289 ], [ 123.955496352631684, 10.418261055578045 ], [ 123.955222847790353, 10.418442725593819 ], [ 123.954679654768142, 10.420072083027126 ], [ 123.953949121553407, 10.420164671728468 ], [ 123.953724217423627, 10.420636983889162 ], [ 123.954773187415441, 10.42079525186316 ], [ 123.955501538058883, 10.419979222518364 ], [ 123.955795524118457, 10.419947399790351 ], [ 123.955412097868418, 10.420612501538134 ], [ 123.954864538326305, 10.420794981847051 ], [ 123.954591576408291, 10.421157511227488 ], [ 123.954685654924603, 10.422061539719616 ], [ 123.955234035501107, 10.42215034901467 ], [ 123.955529029555748, 10.422451721385187 ], [ 123.955449158084278, 10.422531261096493 ], [ 123.954320795089259, 10.422243479260491 ], [ 123.953927970205228, 10.421656840327424 ], [ 123.954044287896764, 10.421430420117387 ], [ 123.9534956363525, 10.421251178757176 ], [ 123.953494546784697, 10.420889459233017 ], [ 123.953129687437922, 10.421071397368534 ], [ 123.953130504308987, 10.421342687038276 ], [ 123.953223217057072, 10.421794566904277 ], [ 123.953497815608955, 10.421974617780805 ], [ 123.953499177726059, 10.422426767153858 ], [ 123.953134044345404, 10.422518275553701 ], [ 123.953132410429603, 10.421975696249685 ], [ 123.952765916404559, 10.421615054716463 ], [ 123.952877853933515, 10.42073342260186 ], [ 123.953046741620881, 10.420563267475018 ], [ 123.952671027201504, 10.420439735415577 ], [ 123.952353007859884, 10.421008646870616 ], [ 123.951940492131712, 10.420532319656191 ], [ 123.951392114850037, 10.420443504372178 ], [ 123.951118605523305, 10.420625171234358 ], [ 123.95103078646072, 10.421801029465675 ], [ 123.951399453515933, 10.42288511256635 ], [ 123.952132714849995, 10.423696828123921 ], [ 123.953258701920689, 10.423738721838854 ], [ 123.952315690624872, 10.423786719321019 ], [ 123.951950827251224, 10.423968656438712 ], [ 123.952542502091262, 10.424365383079339 ], [ 123.952043539448113, 10.424420536655958 ], [ 123.952227604138301, 10.424872147441846 ], [ 123.952410580652256, 10.424962038515027 ], [ 123.95241248600162, 10.425595047717465 ], [ 123.952275806014725, 10.42571127100552 ], [ 123.951769755298272, 10.424511774397638 ], [ 123.951767307517457, 10.42369790521118 ], [ 123.95130918916368, 10.4232471013572 ], [ 123.95130837371488, 10.422975811575302 ], [ 123.950941065246667, 10.422343878070128 ], [ 123.95093699018571, 10.420987428892872 ], [ 123.95080925973943, 10.420897374119052 ], [ 123.951207782795436, 10.419901462698856 ], [ 123.951166077838792, 10.41923737427221 ], [ 123.95129886181509, 10.419810763777946 ], [ 123.951573729379916, 10.420081246517583 ], [ 123.952304535615184, 10.420079093113765 ], [ 123.952349862589585, 10.4199631392945 ], [ 123.952669938672543, 10.420078015786096 ], [ 123.952486148870804, 10.419716834845108 ], [ 123.952303447547848, 10.419717373437516 ], [ 123.952302359520687, 10.419355653753032 ], [ 123.952850734988417, 10.419444467628226 ], [ 123.952550083271916, 10.419128846682611 ], [ 123.952666129137825, 10.418811997018175 ], [ 123.952848829913975, 10.418811458265408 ], [ 123.953335428598876, 10.418338043476819 ], [ 123.953214231436093, 10.418810380447011 ], [ 123.953306126368133, 10.418990970723655 ], [ 123.953488827214358, 10.418990431596244 ], [ 123.953489644227872, 10.419261721272536 ], [ 123.954057681429063, 10.419229091275932 ], [ 123.953582356597494, 10.419713601100588 ], [ 123.95349291250848, 10.420346879931364 ], [ 123.953857498330862, 10.420074511590137 ], [ 123.954131550499312, 10.420073702303791 ], [ 123.954131005407035, 10.419892842563161 ], [ 123.954495862759458, 10.419710903445612 ], [ 123.954768550975885, 10.419257944359515 ], [ 123.954766369373985, 10.418534505482853 ], [ 123.954035294785641, 10.418446234308821 ], [ 123.953944324679767, 10.418572677558831 ], [ 123.953896558346415, 10.417878670306404 ], [ 123.954217450221392, 10.418264835038951 ], [ 123.954948524395704, 10.418353105830736 ], [ 123.955039329067233, 10.418171976115847 ], [ 123.95540445674709, 10.41808046601542 ], [ 123.956774981286955, 10.418166841197511 ], [ 123.95686595007534, 10.418040397251422 ], [ 123.958146327033248, 10.41852449975986 ], [ 123.958511727654084, 10.418523415922445 ], [ 123.959149808903945, 10.418069369469745 ], [ 123.959331138961133, 10.417616678331761 ], [ 123.959213332672931, 10.416554866343402 ], [ 123.959054451255184, 10.416396687023717 ], [ 123.959224968000228, 10.415909269698183 ], [ 123.959050516425876, 10.415447177660061 ], [ 123.95868402452092, 10.41508654268895 ], [ 123.958578269650687, 10.413514777869132 ], [ 123.957982178606372, 10.412747884815234 ], [ 123.95776342376233, 10.412738076092239 ], [ 123.957763970562141, 10.412918935720587 ], [ 123.957217518800334, 10.413463138127863 ], [ 123.957208722173178, 10.413744913006338 ], [ 123.956799564662859, 10.414379138893462 ], [ 123.95684906388496, 10.415645021250505 ], [ 123.955946278538065, 10.415998958577696 ], [ 123.955856293762281, 10.416451378007253 ], [ 123.955673975285222, 10.416578091837943 ], [ 123.955582244897499, 10.416452188489595 ], [ 123.954760370800429, 10.416545048402424 ], [ 123.954032025243365, 10.417361075694183 ], [ 123.954023362179896, 10.417688065626177 ], [ 123.953576092510872, 10.417633713578864 ], [ 123.953028536661307, 10.417816190411816 ], [ 123.952992568300743, 10.41802180780048 ], [ 123.952909961883194, 10.417866833369734 ], [ 123.953392847924704, 10.417453392879057 ], [ 123.954030764555498, 10.417179511541397 ], [ 123.954486321765884, 10.416545857953729 ], [ 123.954301987423875, 10.416003818204912 ], [ 123.953717321071721, 10.415637352492951 ], [ 123.953925228913192, 10.415513379141954 ], [ 123.954668203310931, 10.416274028650527 ], [ 123.955398727203573, 10.416181439108884 ], [ 123.955845008474043, 10.415908974134455 ], [ 123.956025281766713, 10.415104875279832 ], [ 123.956479706649731, 10.414334870267892 ], [ 123.955930793968676, 10.414065202171468 ], [ 123.9558387313038, 10.413828940832092 ], [ 123.955182880996247, 10.413695233545567 ], [ 123.95529946801588, 10.413559242987427 ], [ 123.956670413940174, 10.413791721995764 ], [ 123.957798524723557, 10.412431921833079 ], [ 123.957749401788149, 10.411291227572251 ], [ 123.957019525739426, 10.408399607814255 ], [ 123.957014883989473, 10.406862300141654 ], [ 123.956739478904339, 10.406410961490662 ], [ 123.956732929284854, 10.404240644287864 ], [ 123.957095583795834, 10.403335264719662 ], [ 123.95755122029378, 10.402972193830022 ], [ 123.957549761430542, 10.401864963147727 ], [ 123.957911412965998, 10.401252944751661 ], [ 123.957818975434435, 10.40089149561677 ], [ 123.957152412998241, 10.400396098885917 ], [ 123.957634374136845, 10.400259027074418 ], [ 123.957633828097357, 10.400078167297426 ], [ 123.957076143171335, 10.400090273894795 ], [ 123.955889886586291, 10.400500718011699 ], [ 123.955846563474935, 10.401280430704617 ], [ 123.955993164469547, 10.401258617249475 ], [ 123.956037670195897, 10.400871373358788 ], [ 123.956449344991441, 10.401076407867098 ], [ 123.956449890403007, 10.401257267695748 ], [ 123.956267200037246, 10.4012578075953 ], [ 123.956267745353799, 10.401438667431563 ], [ 123.956085327482185, 10.401529637158893 ], [ 123.956178853927284, 10.402252806606738 ], [ 123.956042184869204, 10.40236903064209 ], [ 123.955868439365915, 10.402163292997145 ], [ 123.955994799976253, 10.401801196795637 ], [ 123.955902091827141, 10.401349317010199 ], [ 123.955755321607626, 10.401314992085391 ], [ 123.955802084327757, 10.401676576911145 ], [ 123.955437520324281, 10.401948945723761 ], [ 123.955348490484454, 10.40271786988059 ], [ 123.955075951542568, 10.403216043536307 ], [ 123.955363555833841, 10.404515983140868 ], [ 123.955094588775083, 10.40620020276574 ], [ 123.95540574444324, 10.406561006742988 ], [ 123.955546172145048, 10.407690975802694 ], [ 123.955409287819776, 10.407736595553081 ], [ 123.955319712402684, 10.408324659775184 ], [ 123.955091616738102, 10.40841576419513 ], [ 123.955046760592097, 10.408687188809349 ], [ 123.954454636623623, 10.40923152129305 ], [ 123.955508678007334, 10.41040400759983 ], [ 123.955245417786927, 10.410781440797338 ], [ 123.954914235545886, 10.410179686927227 ], [ 123.954503034149269, 10.410135685665626 ], [ 123.954321019358744, 10.410362299714096 ], [ 123.954141455066576, 10.411402782963448 ], [ 123.95432456000718, 10.411537888620648 ], [ 123.95423511827282, 10.412171167635524 ], [ 123.954464715267477, 10.41257742805635 ], [ 123.954191350591401, 10.412804311821029 ], [ 123.953469769995934, 10.412660337836734 ], [ 123.95324256332816, 10.413048120306303 ], [ 123.953196268414331, 10.412842005853346 ], [ 123.953459849847093, 10.412569936362759 ], [ 123.953593501938812, 10.411449614941093 ], [ 123.952768677852745, 10.410557427061585 ], [ 123.952184639168706, 10.410584217900988 ], [ 123.95140304465275, 10.412089083556184 ], [ 123.951772377719735, 10.413399242693592 ], [ 123.951773736194227, 10.413851392534836 ], [ 123.951501016005651, 10.414293892333838 ], [ 123.951959151792508, 10.414755154142972 ], [ 123.951832591250167, 10.415026819146609 ], [ 123.951925539832615, 10.415558672998314 ], [ 123.952108510597967, 10.415648564784352 ], [ 123.952109054295136, 10.415829424679396 ], [ 123.952494740106005, 10.415974189475131 ], [ 123.951927278058378, 10.416136996383417 ], [ 123.951560141961295, 10.415559749010079 ], [ 123.951282322688243, 10.414304992963967 ], [ 123.951089161862981, 10.414034269029084 ], [ 123.95078618268613, 10.413965369230732 ], [ 123.950768218853767, 10.413628274618416 ], [ 123.950402823107467, 10.413629349110362 ], [ 123.950724308489967, 10.414216203915322 ], [ 123.950771747335509, 10.414803864506299 ], [ 123.950681890862597, 10.415301498139302 ], [ 123.950152899004863, 10.415845638454531 ], [ 123.950286404571301, 10.417281681611657 ], [ 123.950058648317452, 10.417488602374057 ], [ 123.95, 10.417451014470723 ], [ 123.95, 10.417558577085904 ] ], [ [ 123.953069279038601, 10.429175232514686 ], [ 123.953194518842878, 10.4293810472295 ], [ 123.952826836409727, 10.429784014945824 ], [ 123.952789334588971, 10.42939202397771 ], [ 123.953069279038601, 10.429175232514686 ] ], [ [ 123.951428282278698, 10.432470681851552 ], [ 123.951562288390932, 10.432828598379009 ], [ 123.951094813863307, 10.433120354876486 ], [ 123.950839272671914, 10.432935588201618 ], [ 123.951032797732921, 10.432589820394503 ], [ 123.951428282278698, 10.432470681851552 ] ], [ [ 123.950710356371999, 10.432512195617848 ], [ 123.95075473117754, 10.432208715832681 ], [ 123.951335839587642, 10.432109231686962 ], [ 123.951078628507915, 10.432418284293274 ], [ 123.950710356371999, 10.432512195617848 ] ], [ [ 123.950929666264457, 10.431673906469577 ], [ 123.951150954951387, 10.431386331197018 ], [ 123.951607725400848, 10.431384984662655 ], [ 123.951918713243174, 10.431655359515011 ], [ 123.951791794483995, 10.431836595200739 ], [ 123.950929666264457, 10.431673906469577 ] ], [ [ 123.952864768547073, 10.431066413135389 ], [ 123.953022345803632, 10.430993620996936 ], [ 123.953129601649835, 10.43123001131017 ], [ 123.953131222259003, 10.431501298437624 ], [ 123.952864768547073, 10.431066413135389 ] ], [ [ 123.952682404593617, 10.430870183160039 ], [ 123.95279369351293, 10.430838901560008 ], [ 123.9527627566072, 10.430949249400909 ], [ 123.952682404593617, 10.430870183160039 ] ], [ [ 123.951698495078261, 10.430353043402619 ], [ 123.952320061915202, 10.43061781046349 ], [ 123.951788256220141, 10.430661006904193 ], [ 123.951489890443995, 10.430586148749461 ], [ 123.951698495078261, 10.430353043402619 ] ], [ [ 123.954046438756038, 10.428786249436524 ], [ 123.954157726774454, 10.42875496743518 ], [ 123.954126790500766, 10.428865315361396 ], [ 123.954046438756038, 10.428786249436524 ] ], [ [ 123.955125358410356, 10.428328488244508 ], [ 123.955279705123758, 10.428168850701338 ], [ 123.955455700985539, 10.428420358759791 ], [ 123.955125358410356, 10.428328488244508 ] ], [ [ 123.95576933875293, 10.428069398098865 ], [ 123.955982604781823, 10.428026123363578 ], [ 123.956056434432085, 10.428172048572675 ], [ 123.955865806796254, 10.428237709432759 ], [ 123.95576933875293, 10.428069398098865 ] ], [ [ 123.953454442528098, 10.427531628552805 ], [ 123.953582350405213, 10.427453702511249 ], [ 123.953918014367218, 10.427772264834209 ], [ 123.953607153649045, 10.427942718628277 ], [ 123.953972565734787, 10.427941639000794 ], [ 123.954100572786118, 10.428122121963343 ], [ 123.953790677695267, 10.428213468368545 ], [ 123.953698779311537, 10.428032878597401 ], [ 123.953150388485298, 10.427944067575522 ], [ 123.952967137556954, 10.427763747257897 ], [ 123.953004577583627, 10.42746528840931 ], [ 123.953606881040699, 10.427852288788463 ], [ 123.953454442528098, 10.427531628552805 ] ], [ [ 123.951774053181154, 10.427823664681879 ], [ 123.951377810596114, 10.427822282655667 ], [ 123.951596570380147, 10.427677359436814 ], [ 123.951774053181154, 10.427823664681879 ] ], [ [ 123.951964431621164, 10.428490151073818 ], [ 123.951207821240331, 10.428447166061948 ], [ 123.952440315812112, 10.428186502252503 ], [ 123.951964431621164, 10.428490151073818 ] ], [ [ 123.953604427678812, 10.427038420207165 ], [ 123.953402972638017, 10.42681569827171 ], [ 123.953466030895967, 10.426651639607268 ], [ 123.95369496261938, 10.426766860834409 ], [ 123.953694144820986, 10.426495571300668 ], [ 123.953237381778337, 10.426496920185411 ], [ 123.952962506779329, 10.426226439606893 ], [ 123.952960600199901, 10.425593430530938 ], [ 123.953089463096418, 10.425355183967117 ], [ 123.953260048547008, 10.425392510722736 ], [ 123.953324647321026, 10.425140202577678 ], [ 123.953140036144944, 10.42450773284336 ], [ 123.95268273142969, 10.424328220912791 ], [ 123.952728058731807, 10.424212267028015 ], [ 123.953139763763986, 10.424417302971952 ], [ 123.953961386534502, 10.424234015543062 ], [ 123.954234351587573, 10.423871486466329 ], [ 123.954233260884678, 10.42350976707907 ], [ 123.954139631565951, 10.423327901889177 ], [ 123.953226485234993, 10.422879725477189 ], [ 123.952404321085837, 10.422882150958271 ], [ 123.95185457977675, 10.422341187277976 ], [ 123.951762140648526, 10.421979736791902 ], [ 123.951487814788138, 10.421890114267079 ], [ 123.951304025036151, 10.421528932660381 ], [ 123.951393745506451, 10.420986084003268 ], [ 123.951785205442363, 10.421120576944324 ], [ 123.951668614267959, 10.421256566543535 ], [ 123.951943755461656, 10.421617478720362 ], [ 123.952221241198203, 10.422520261457368 ], [ 123.952586479895089, 10.422700752354267 ], [ 123.953774322034434, 10.422787677452428 ], [ 123.954963801664107, 10.423417177063367 ], [ 123.955329208328081, 10.423416096353622 ], [ 123.955878137686938, 10.423685763918845 ], [ 123.956151811626043, 10.423558779211657 ], [ 123.956335442848129, 10.423865271207559 ], [ 123.95656347215504, 10.423748775798368 ], [ 123.95697545208823, 10.424044236413895 ], [ 123.956977366483969, 10.424677244806944 ], [ 123.956650175660158, 10.425147102197338 ], [ 123.956464579998155, 10.425058060379396 ], [ 123.956335716136195, 10.423955700997501 ], [ 123.955055972061132, 10.423688196402621 ], [ 123.954858063425618, 10.424448147272665 ], [ 123.955027831507877, 10.424532534337825 ], [ 123.955060066037603, 10.425044643721019 ], [ 123.955334941555193, 10.425315122447138 ], [ 123.955336852878077, 10.425948131094557 ], [ 123.955154528988075, 10.426074845064921 ], [ 123.954788192651563, 10.425768892768634 ], [ 123.954914247859065, 10.426215473785275 ], [ 123.954755048685357, 10.426348510678581 ], [ 123.954606579300602, 10.426131152285528 ], [ 123.954696021704152, 10.425497873420472 ], [ 123.954238442082513, 10.425227934095375 ], [ 123.953991666816606, 10.426450834788634 ], [ 123.954242260389066, 10.42649395177806 ], [ 123.954243896957365, 10.427036530754036 ], [ 123.954701206458623, 10.427216039992352 ], [ 123.95470202518726, 10.427487329434109 ], [ 123.954153907955188, 10.427488949898787 ], [ 123.954062009621794, 10.427308360223783 ], [ 123.95387930395799, 10.427308900108113 ], [ 123.953878485956125, 10.427037610598079 ], [ 123.953604427678812, 10.427038420207165 ] ], [ [ 123.954643757005542, 10.426910443537176 ], [ 123.954572778830169, 10.426471117725436 ], [ 123.955156332174155, 10.426672110098945 ], [ 123.955702808778668, 10.426127909286333 ], [ 123.955701169831642, 10.425585330511433 ], [ 123.955379921230971, 10.425217295156815 ], [ 123.955256803251061, 10.424159007374625 ], [ 123.955634246520631, 10.424195963779928 ], [ 123.955974953441952, 10.425494089427815 ], [ 123.95645804629072, 10.425718735231102 ], [ 123.956159405681731, 10.426071870753413 ], [ 123.955976319607515, 10.425946238374479 ], [ 123.955978232345316, 10.42657924687825 ], [ 123.955796073622963, 10.426760647397236 ], [ 123.95497482673801, 10.42707011343172 ], [ 123.954643757005542, 10.426910443537176 ] ], [ [ 123.956956665136289, 10.426884289034634 ], [ 123.957166636294986, 10.426847017471701 ], [ 123.95711734859708, 10.426961979061893 ], [ 123.956956665136289, 10.426884289034634 ] ], [ [ 123.95674426184685, 10.423115226092403 ], [ 123.956999049120043, 10.423365937105066 ], [ 123.956882459633007, 10.423501928459702 ], [ 123.956582619967705, 10.423457601447925 ], [ 123.95674426184685, 10.423115226092403 ] ], [ [ 123.955867104361474, 10.423359365465929 ], [ 123.955664912083947, 10.423158018322569 ], [ 123.955794814905772, 10.423017704883769 ], [ 123.955997007160576, 10.423219051947354 ], [ 123.955867104361474, 10.423359365465929 ] ], [ [ 123.952346328738969, 10.421227512861597 ], [ 123.952700077032176, 10.421570033559702 ], [ 123.952583213990394, 10.421615593566541 ], [ 123.952584574739987, 10.42206774307042 ], [ 123.952701710134193, 10.422112612945872 ], [ 123.952402144157119, 10.422158711744341 ], [ 123.95221753709491, 10.421526241041784 ], [ 123.952346328738969, 10.421227512861597 ] ], [ [ 123.952598185693617, 10.426589237402336 ], [ 123.952206446291001, 10.426364316251618 ], [ 123.952459174637184, 10.425931243267044 ], [ 123.952688449138122, 10.426227248368171 ], [ 123.952598185693617, 10.426589237402336 ] ], [ [ 123.952873333122852, 10.426950148152478 ], [ 123.952828550299103, 10.427246961797771 ], [ 123.95258096027294, 10.426886764527962 ], [ 123.952652597285351, 10.426645849925967 ], [ 123.952873333122852, 10.426950148152478 ] ], [ [ 123.95229882371018, 10.418180064721714 ], [ 123.952572602300961, 10.418088826995021 ], [ 123.952664496630945, 10.418269417515399 ], [ 123.952847197091089, 10.41826887879154 ], [ 123.952848013491291, 10.418540168530798 ], [ 123.952482884277899, 10.418631675824837 ], [ 123.952085740231936, 10.418497200226348 ], [ 123.952299367653367, 10.418360924578339 ], [ 123.95229882371018, 10.418180064721714 ] ], [ [ 123.950891000276826, 10.415219986746722 ], [ 123.950969063332636, 10.414894815613943 ], [ 123.951472324269702, 10.416735607454706 ], [ 123.952112316688982, 10.416914584006504 ], [ 123.952842027082738, 10.416550710335541 ], [ 123.952930927937373, 10.415736571668589 ], [ 123.952655791456664, 10.415375659854636 ], [ 123.95247037335912, 10.414471898894883 ], [ 123.952287131363434, 10.41429157730698 ], [ 123.952099269284915, 10.412573946254129 ], [ 123.952235672261153, 10.412367293486646 ], [ 123.952373043202712, 10.412482709095288 ], [ 123.952284956555886, 10.413568137683104 ], [ 123.952561722489733, 10.414471629699348 ], [ 123.952928207208146, 10.414832272384579 ], [ 123.953326194928835, 10.41459277980344 ], [ 123.953473308261181, 10.413835926868156 ], [ 123.953745993693161, 10.413382968813096 ], [ 123.954476511392286, 10.413290381933839 ], [ 123.954840270932806, 10.412746723484316 ], [ 123.955019424371613, 10.411570595225882 ], [ 123.954443100144914, 10.410713205320457 ], [ 123.954651306903017, 10.41066737529491 ], [ 123.954651851797237, 10.410848235111411 ], [ 123.955018334091562, 10.411208875645933 ], [ 123.955475347327223, 10.411297956078126 ], [ 123.955838557463451, 10.410573437031919 ], [ 123.955745027573315, 10.409850268002973 ], [ 123.955562332170246, 10.409850807945499 ], [ 123.955560968776652, 10.409398658493 ], [ 123.955443837981576, 10.409353789244147 ], [ 123.95565177095547, 10.409217528767083 ], [ 123.955466349631152, 10.408313769645675 ], [ 123.955646862877799, 10.407589790656727 ], [ 123.955965410002477, 10.4072017369883 ], [ 123.956012251032973, 10.40758871080514 ], [ 123.955830102367244, 10.407770110571606 ], [ 123.955649589486725, 10.408494089627451 ], [ 123.955923904149742, 10.408583709592278 ], [ 123.956016069829218, 10.408854729214374 ], [ 123.955836920804003, 10.410030857755551 ], [ 123.956228640940353, 10.410255776265435 ], [ 123.956111782595187, 10.410301337172532 ], [ 123.956113146904215, 10.410753486526811 ], [ 123.955475620027499, 10.411388385961272 ], [ 123.955295377657421, 10.412202794798512 ], [ 123.955662135136521, 10.412653864231272 ], [ 123.956210226194756, 10.412652243485059 ], [ 123.956605462276016, 10.412179095022731 ], [ 123.95668580997139, 10.412258160705836 ], [ 123.956119423538638, 10.412833373391095 ], [ 123.954931346917562, 10.4126560237672 ], [ 123.95484136117372, 10.413108443048658 ], [ 123.954477056327406, 10.413471241730194 ], [ 123.953929235873915, 10.413563289548501 ], [ 123.953747082741302, 10.413744688478923 ], [ 123.953657639600792, 10.414377967406258 ], [ 123.953841154685705, 10.414648718042361 ], [ 123.955237175296844, 10.414689810574846 ], [ 123.954802305353326, 10.415304284447918 ], [ 123.954298990208756, 10.415009089404668 ], [ 123.95365954547097, 10.415010976793392 ], [ 123.953203887751684, 10.415374043833149 ], [ 123.953205520723458, 10.415916623347826 ], [ 123.953597791579369, 10.416322404322671 ], [ 123.953481747379357, 10.416639254208089 ], [ 123.952569609951837, 10.417094097820669 ], [ 123.952262306965437, 10.417936532610474 ], [ 123.951106381810959, 10.416555823132679 ], [ 123.951103937678567, 10.415741953387412 ], [ 123.950891000276826, 10.415219986746722 ] ], [ [ 123.954203827139963, 10.413743340513053 ], [ 123.95502569426462, 10.413650482651049 ], [ 123.955143099342905, 10.413785781782362 ], [ 123.95434201671317, 10.414130044844635 ], [ 123.954203827139963, 10.413743340513053 ] ], [ [ 123.956803506760608, 10.411179212678393 ], [ 123.956964181787882, 10.411256903576712 ], [ 123.956389647374777, 10.411566544772571 ], [ 123.95606725709311, 10.411953329950153 ], [ 123.955997303773813, 10.411708429066636 ], [ 123.956388828476804, 10.411295255197201 ], [ 123.956803506760608, 10.411179212678393 ] ], [ [ 123.956825576947239, 10.407868054599309 ], [ 123.956962324550787, 10.407777219325302 ], [ 123.957008817229678, 10.408048373761954 ], [ 123.956825576947239, 10.407868054599309 ] ], [ [ 123.955437323525842, 10.409057126907715 ], [ 123.955356977009529, 10.408978060794926 ], [ 123.955468258003862, 10.408946778935654 ], [ 123.955437323525842, 10.409057126907715 ] ], [ [ 123.953198717271889, 10.413655875247922 ], [ 123.953058842557354, 10.414320796825237 ], [ 123.952924398609767, 10.413566253300585 ], [ 123.953151333929682, 10.413088041066413 ], [ 123.953198717271889, 10.413655875247922 ] ], [ [ 123.952768285310214, 10.412009564870663 ], [ 123.952848632078542, 10.412088631607421 ], [ 123.95261533740765, 10.412320959604775 ], [ 123.952534990628052, 10.412241892810643 ], [ 123.952768285310214, 10.412009564870663 ] ], [ [ 123.956006251066555, 10.405599253101578 ], [ 123.956004887608159, 10.405147103588847 ], [ 123.955900578086982, 10.40474965799006 ], [ 123.955691910457475, 10.404607938835778 ], [ 123.956003251541304, 10.404604524156598 ], [ 123.956046922373062, 10.403940360784762 ], [ 123.956094870403675, 10.404694684112647 ], [ 123.956385525768468, 10.404720472895427 ], [ 123.956095415806814, 10.404875543919594 ], [ 123.956099506652251, 10.406231992406147 ], [ 123.956325500342771, 10.40661646062121 ], [ 123.955735483300657, 10.406685221734998 ], [ 123.956006251066555, 10.405599253101578 ] ], [ [ 123.955905635230877, 10.402524906028351 ], [ 123.955996600429785, 10.402398462580898 ], [ 123.956089962229413, 10.403066945757839 ], [ 123.9559546875428, 10.403645806225947 ], [ 123.955905635230877, 10.402524906028351 ] ], [ [ 123.954398787741113, 10.417812146058143 ], [ 123.954367852285955, 10.417922493978189 ], [ 123.95428750354148, 10.417843427817537 ], [ 123.954398787741113, 10.417812146058143 ] ], [ [ 123.954672019969422, 10.417540046876811 ], [ 123.954966003917519, 10.417508225101935 ], [ 123.954550279842906, 10.417831524428797 ], [ 123.954469931082002, 10.41775245831554 ], [ 123.954672019969422, 10.417540046876811 ] ], [ [ 123.957711257764089, 10.417214546029859 ], [ 123.957503047374615, 10.417260378374349 ], [ 123.956954128624162, 10.416990712615398 ], [ 123.956498472475658, 10.417353784219081 ], [ 123.95558524661071, 10.417446916827334 ], [ 123.955584700821959, 10.417266057134187 ], [ 123.956497926165397, 10.417172924573279 ], [ 123.956770609459824, 10.416719964163734 ], [ 123.956953308797907, 10.416719423176056 ], [ 123.956860866169023, 10.416357974413629 ], [ 123.957224897732615, 10.415904743218698 ], [ 123.957299213231437, 10.415116655132573 ], [ 123.9574459343862, 10.415148089796553 ], [ 123.957136554779467, 10.41689974170119 ], [ 123.957711257764089, 10.417214546029859 ] ], [ [ 123.958006409191313, 10.416444690905548 ], [ 123.958322185209809, 10.416263213551177 ], [ 123.958229105903968, 10.416572589546346 ], [ 123.958006409191313, 10.416444690905548 ] ], [ [ 123.955219846930547, 10.417447997211925 ], [ 123.955007382199014, 10.417403409885109 ], [ 123.955219574140216, 10.417357567355932 ], [ 123.955336708003202, 10.417402436402138 ], [ 123.955219846930547, 10.417447997211925 ] ], [ [ 123.957402949467323, 10.414366895230964 ], [ 123.957630151531276, 10.413979110211754 ], [ 123.957677269781954, 10.41445651315955 ], [ 123.957449520763959, 10.414663438603057 ], [ 123.957286089854435, 10.414412456676422 ], [ 123.957402949467323, 10.414366895230964 ] ], [ [ 123.957655422334852, 10.413854516614018 ], [ 123.957766704712867, 10.413823233831568 ], [ 123.957735770738395, 10.413933581963693 ], [ 123.957655422334852, 10.413854516614018 ] ], [ [ 123.951845878567283, 10.419447429663578 ], [ 123.951963012867054, 10.419492299912749 ], [ 123.95173659609604, 10.419495726703119 ], [ 123.951799654129374, 10.419331668346977 ], [ 123.951845878567283, 10.419447429663578 ] ], [ [ 123.955367983379162, 10.42112982638584 ], [ 123.955541740211629, 10.42133556315914 ], [ 123.955415100278472, 10.421607229668941 ], [ 123.954930898347797, 10.421570709793563 ], [ 123.955367983379162, 10.42112982638584 ] ], [ [ 123.956780173671405, 10.419885007504179 ], [ 123.957144755797216, 10.419612635710161 ], [ 123.956932302614362, 10.419376889279039 ], [ 123.957041367376604, 10.419194192665124 ], [ 123.957508790272513, 10.419159403982583 ], [ 123.958060400411469, 10.418854077769785 ], [ 123.958278814558668, 10.418966479268853 ], [ 123.957966089316585, 10.419338909493938 ], [ 123.957783388506869, 10.41933945119559 ], [ 123.957602328908109, 10.419882571475807 ], [ 123.957238020382434, 10.420245373566191 ], [ 123.957055319005491, 10.420245914899128 ], [ 123.956447106959402, 10.420995987628876 ], [ 123.956780173671405, 10.419885007504179 ] ], [ [ 123.956868517745249, 10.418890009126139 ], [ 123.956504317334108, 10.419288553995141 ], [ 123.956229611824654, 10.419072761991785 ], [ 123.956047457229886, 10.419254162336623 ], [ 123.955747621729657, 10.419209834158874 ], [ 123.956046091866341, 10.418802013211764 ], [ 123.95659474005906, 10.418981250475619 ], [ 123.956776894164648, 10.418799849858406 ], [ 123.957168079606305, 10.418843906471325 ], [ 123.956868517745249, 10.418890009126139 ] ], [ [ 123.95559097800168, 10.419345943481195 ], [ 123.955317580191164, 10.41956335727618 ], [ 123.955225303266189, 10.419256594223642 ], [ 123.955589232466906, 10.418767620830373 ], [ 123.95559097800168, 10.419345943481195 ] ], [ [ 123.953854366922315, 10.429408704282865 ], [ 123.953774015088413, 10.429329638298404 ], [ 123.953885303330765, 10.429298356373424 ], [ 123.953854366922315, 10.429408704282865 ] ] ], [ [ [ 123.95, 10.41945286256958 ], [ 123.950018866113865, 10.419452807100283 ], [ 123.95, 10.419421828025323 ], [ 123.95, 10.41945286256958 ] ] ], [ [ [ 123.95, 10.430416214944216 ], [ 123.950098284153839, 10.430690923099245 ], [ 123.950169146073208, 10.430510382928958 ], [ 123.950508486472145, 10.430393486296978 ], [ 123.95050794291484, 10.43021262648087 ], [ 123.95, 10.430297965194509 ], [ 123.95, 10.430416214944216 ] ] ], [ [ [ 123.95, 10.430906150095636 ], [ 123.95016423612762, 10.431158866849099 ], [ 123.950235511818022, 10.430756012931782 ], [ 123.95, 10.430834493902138 ], [ 123.95, 10.430906150095636 ] ] ], [ [ [ 123.95, 10.435019992393377 ], [ 123.950034976365714, 10.435037225528065 ], [ 123.950098117491251, 10.435623238439275 ], [ 123.95, 10.435672737143182 ], [ 123.95, 10.436293783372482 ], [ 123.950160191703773, 10.436091645977886 ], [ 123.950158017114219, 10.435368206883524 ], [ 123.950887499215682, 10.43491390421125 ], [ 123.950886955196353, 10.434733044465869 ], [ 123.950566874502769, 10.434621611664856 ], [ 123.95015649370977, 10.434861371192209 ], [ 123.95, 10.434753985602478 ], [ 123.95, 10.435019992393377 ] ] ], [ [ [ 123.95, 10.437502921755582 ], [ 123.9501456313223, 10.437213307509621 ], [ 123.950437521313361, 10.437175997115094 ], [ 123.950436977432403, 10.436995137371362 ], [ 123.950071010746285, 10.436815354124983 ], [ 123.95, 10.436703102375208 ], [ 123.95, 10.437502921755582 ] ] ], [ [ [ 123.95, 10.438685457437746 ], [ 123.950166988330849, 10.438352392935446 ], [ 123.950132846795924, 10.438098389061318 ], [ 123.95, 10.438163092077374 ], [ 123.95, 10.438685457437746 ] ] ], [ [ [ 123.95, 10.43978550898988 ], [ 123.950292818077756, 10.439417364348783 ], [ 123.950373171930636, 10.439496431008884 ], [ 123.950261879693244, 10.439527712042285 ], [ 123.950263239501837, 10.439979861349681 ], [ 123.950447856958405, 10.440612331854524 ], [ 123.95, 10.440941427810422 ], [ 123.95, 10.44168753875365 ], [ 123.950175962279445, 10.441336578426654 ], [ 123.950632475266929, 10.441244802162279 ], [ 123.951087626770843, 10.440700876102618 ], [ 123.95163495048044, 10.440427969389924 ], [ 123.951554968767368, 10.44010976641739 ], [ 123.951792924983877, 10.439930134709288 ], [ 123.951541142709033, 10.439614370553466 ], [ 123.951358429730746, 10.439614909631418 ], [ 123.951264623105274, 10.438801310588227 ], [ 123.95089783748945, 10.438350238982824 ], [ 123.95025916026421, 10.438623413388857 ], [ 123.95, 10.43905386568837 ], [ 123.95, 10.43978550898988 ] ], [ [ 123.950903280142299, 10.440158835932372 ], [ 123.950836428623347, 10.440375406484351 ], [ 123.950586388448926, 10.440256724880914 ], [ 123.950903280142299, 10.440158835932372 ] ] ], [ [ [ 123.95, 10.442955520581403 ], [ 123.950088140851236, 10.442512435733583 ], [ 123.95, 10.442425707615072 ], [ 123.95, 10.442955520581403 ] ] ], [ [ [ 123.95, 10.444633987894704 ], [ 123.950550642696598, 10.444410115782812 ], [ 123.950549554036144, 10.44404839646772 ], [ 123.950914985246783, 10.444047318676292 ], [ 123.951161198341339, 10.443864340131039 ], [ 123.951919920868818, 10.444044352593769 ], [ 123.952284533954824, 10.443771983879799 ], [ 123.952166605389749, 10.443496371002395 ], [ 123.952831861567503, 10.443499074784155 ], [ 123.95313867172365, 10.443259992716401 ], [ 123.95328673897049, 10.442864715947994 ], [ 123.953834337108944, 10.442682235087538 ], [ 123.95428975769083, 10.442228734559707 ], [ 123.954837627355644, 10.44213668184951 ], [ 123.954928437745565, 10.441955551812422 ], [ 123.955384676115045, 10.441773339084792 ], [ 123.955401780542061, 10.441189784101365 ], [ 123.955106418309157, 10.441543903462117 ], [ 123.954906895169572, 10.441100709240748 ], [ 123.954744903642535, 10.441684803754448 ], [ 123.95437947559995, 10.441685885685221 ], [ 123.954172103125217, 10.441985090301861 ], [ 123.953649984386914, 10.442140197092671 ], [ 123.953521698154177, 10.441869284825636 ], [ 123.954287299063125, 10.441414866867094 ], [ 123.954377290052818, 10.440962447732877 ], [ 123.954011862814568, 10.44096352916837 ], [ 123.953553714012671, 10.44051273152934 ], [ 123.952499018794342, 10.440286405405049 ], [ 123.952042005458836, 10.440814663498909 ], [ 123.952064929040347, 10.44108683699465 ], [ 123.951727669246324, 10.440879848853111 ], [ 123.95136251413291, 10.440971357074242 ], [ 123.950359764474101, 10.441697759332669 ], [ 123.95045411450397, 10.442692218309212 ], [ 123.950637645785164, 10.442962969093232 ], [ 123.951045693319401, 10.443119213346858 ], [ 123.95073036421762, 10.443414848836728 ], [ 123.950730908613309, 10.4435957084929 ], [ 123.950274664370411, 10.443777915023544 ], [ 123.950183850732103, 10.443959044001328 ], [ 123.95, 10.443959585845716 ], [ 123.95, 10.444633987894704 ] ], [ [ 123.951616399954318, 10.443358453033502 ], [ 123.951826382940098, 10.443321183982972 ], [ 123.951777091159329, 10.443436145036841 ], [ 123.951616399954318, 10.443358453033502 ] ], [ [ 123.953372910841651, 10.441146280218891 ], [ 123.953738338361575, 10.441145199495626 ], [ 123.953738884373777, 10.441326059018541 ], [ 123.953190742762047, 10.441327679975615 ], [ 123.953372910841651, 10.441146280218891 ] ], [ [ 123.953008574471312, 10.441509079645064 ], [ 123.953126263117099, 10.441734808213495 ], [ 123.952935632117686, 10.442068437090064 ], [ 123.952345668879843, 10.442377138770123 ], [ 123.951156981252808, 10.442471332423464 ], [ 123.951822732827253, 10.442109852918891 ], [ 123.951914470248752, 10.442235756616761 ], [ 123.95231039495458, 10.442184846127516 ], [ 123.952733958016395, 10.441329030054678 ], [ 123.953190742762047, 10.441327679975615 ], [ 123.953008574471312, 10.441509079645064 ] ] ], [ [ [ 123.95, 10.447766602996646 ], [ 123.950012561322652, 10.447757635551097 ], [ 123.950926694993811, 10.44793580046764 ], [ 123.951043267138814, 10.447723785692332 ], [ 123.95114167515564, 10.447908904458728 ], [ 123.950378813566161, 10.448027847430737 ], [ 123.950562620612615, 10.448389027704589 ], [ 123.95092860167108, 10.448568809041182 ], [ 123.950929418856177, 10.448840098422105 ], [ 123.95065588589712, 10.449021766786498 ], [ 123.950656975215495, 10.449383485978599 ], [ 123.950865752742601, 10.449518515786846 ], [ 123.950079240751506, 10.44994759964225 ], [ 123.95, 10.449869631227177 ], [ 123.95, 10.45 ], [ 123.95254103536648, 10.45 ], [ 123.952613084362895, 10.449885533272997 ], [ 123.953524766631475, 10.449249822557626 ], [ 123.953704616521478, 10.448299769683144 ], [ 123.952287052016814, 10.447806594180594 ], [ 123.952286642874228, 10.447670949535668 ], [ 123.952833294733765, 10.447171965520441 ], [ 123.953928915417535, 10.446942647773234 ], [ 123.954063494068905, 10.4461283745801 ], [ 123.954391772307716, 10.445755223552792 ], [ 123.953797225580487, 10.44543054173127 ], [ 123.953708333586547, 10.44438993723246 ], [ 123.954020875751496, 10.443947710827929 ], [ 123.954294948797383, 10.443946899551513 ], [ 123.954749550260715, 10.443222109129445 ], [ 123.954474384815626, 10.442861201812542 ], [ 123.954017598002494, 10.442862553925739 ], [ 123.953471091622376, 10.443406754146478 ], [ 123.953563268216115, 10.44367777317785 ], [ 123.953927333069444, 10.443224543255285 ], [ 123.954155376877353, 10.443108048372839 ], [ 123.954201405489187, 10.443223732115198 ], [ 123.953746529602583, 10.443858092122912 ], [ 123.95347272959178, 10.443949332675166 ], [ 123.953382190829203, 10.444220892156199 ], [ 123.953199475259041, 10.444221432525081 ], [ 123.952953820282531, 10.445801194476843 ], [ 123.952838136749392, 10.44557895941985 ], [ 123.952655693168268, 10.445669929312846 ], [ 123.952511220599789, 10.44640425783135 ], [ 123.95178280628717, 10.447220285172431 ], [ 123.951463050817097, 10.447221229418016 ], [ 123.951461960798952, 10.446859510262215 ], [ 123.951824260403825, 10.445818488628625 ], [ 123.952289064624608, 10.445274532108849 ], [ 123.95228835136011, 10.445038000827829 ], [ 123.951687071879235, 10.444646670781617 ], [ 123.95160973388991, 10.444443927006727 ], [ 123.951281233542531, 10.444317529896063 ], [ 123.951190692743126, 10.444589088926795 ], [ 123.951007976841041, 10.444589628060468 ], [ 123.951045368451332, 10.445041670818467 ], [ 123.951283032587824, 10.444914794929515 ], [ 123.951491914884159, 10.445085568218893 ], [ 123.951229205665626, 10.445413307701227 ], [ 123.951231384892367, 10.446136746118693 ], [ 123.950732181055656, 10.447223386491098 ], [ 123.950320522390427, 10.447043739472464 ], [ 123.950408342679253, 10.445867882392621 ], [ 123.950225081762767, 10.445687561487073 ], [ 123.95, 10.445787376694668 ], [ 123.95, 10.447766602996646 ] ], [ [ 123.952464771636727, 10.44958996094725 ], [ 123.952576067074958, 10.449558678868485 ], [ 123.952545128834998, 10.449669026732167 ], [ 123.952464771636727, 10.44958996094725 ] ], [ [ 123.952053122244465, 10.447550926207256 ], [ 123.952133478777355, 10.447629992161199 ], [ 123.952023002010776, 10.447932563342274 ], [ 123.952764644341968, 10.448395373358734 ], [ 123.952633460575385, 10.448510278638874 ], [ 123.952480887805251, 10.448292932453143 ], [ 123.95153009660369, 10.447934019236818 ], [ 123.952053122244465, 10.447550926207256 ] ], [ [ 123.951559394285226, 10.445673167911623 ], [ 123.951528455938529, 10.445783515700748 ], [ 123.951448100061569, 10.44570444953011 ], [ 123.951559394285226, 10.445673167911623 ] ], [ [ 123.952812798335358, 10.446768838720697 ], [ 123.952942711382477, 10.446628525663259 ], [ 123.953024674198787, 10.446844435721545 ], [ 123.952812798335358, 10.446768838720697 ] ] ], [ [ [ 123.95, 10.448275460231597 ], [ 123.950050416353477, 10.448240784667231 ], [ 123.950104736630976, 10.448028655660448 ], [ 123.95, 10.44794261471408 ], [ 123.95, 10.448275460231597 ] ] ], [ [ [ 123.95, 10.449867033926179 ], [ 123.950291809972342, 10.449474993830311 ], [ 123.950289904413651, 10.44884198517501 ], [ 123.950150933436248, 10.448789584943333 ], [ 123.95, 10.448936844613911 ], [ 123.95, 10.449867033926179 ] ] ], [ [ [ 123.956231808746608, 10.45 ], [ 123.956103294161522, 10.44969965085215 ], [ 123.956596698806848, 10.449818057299526 ], [ 123.956869406104474, 10.449365095197782 ], [ 123.95750754883943, 10.448911047079248 ], [ 123.957506725941229, 10.448639758221372 ], [ 123.957140741694019, 10.448459984772985 ], [ 123.95713964497466, 10.448098266245696 ], [ 123.957779430976373, 10.448186795517259 ], [ 123.957778882257031, 10.44800593628549 ], [ 123.957478470217964, 10.447780753028276 ], [ 123.957595341809281, 10.447735190500733 ], [ 123.957593696074412, 10.447192612754653 ], [ 123.957371751947122, 10.446562753882887 ], [ 123.957447767213679, 10.446412487679931 ], [ 123.957682860228232, 10.446468904244606 ], [ 123.95777366992786, 10.446287773480705 ], [ 123.957956386460353, 10.446287230386897 ], [ 123.957955563386008, 10.446015941520509 ], [ 123.958138279749917, 10.4460153983367 ], [ 123.958319349389626, 10.445472277359825 ], [ 123.959416194926831, 10.44564987478191 ], [ 123.959917487290241, 10.445261271069795 ], [ 123.960146234230209, 10.445376409448714 ], [ 123.960276212827011, 10.444991284610925 ], [ 123.960451254027689, 10.444916835743614 ], [ 123.960056251041451, 10.445828829458824 ], [ 123.960274521318567, 10.445883583204896 ], [ 123.9603311503692, 10.446099301535039 ], [ 123.960995204515584, 10.446526468775811 ], [ 123.962160241825984, 10.44672685791285 ], [ 123.96280168019959, 10.447357954176276 ], [ 123.962802507587142, 10.447629242633095 ], [ 123.962728589921014, 10.44791798608785 ], [ 123.96231793437704, 10.447604914520923 ], [ 123.961978351883701, 10.446998691969235 ], [ 123.961760623488601, 10.44705624722617 ], [ 123.962071914891794, 10.447721855260443 ], [ 123.962529259172044, 10.447901349974517 ], [ 123.962621445057877, 10.448172365499738 ], [ 123.963260679872917, 10.44808002468822 ], [ 123.963394530037007, 10.448193468184646 ], [ 123.962804714065655, 10.448352678495301 ], [ 123.963079893881769, 10.448713577223735 ], [ 123.963080721621438, 10.448984865635429 ], [ 123.962533671146062, 10.449348221758099 ], [ 123.962534222688561, 10.449529080721764 ], [ 123.962113887166893, 10.45 ], [ 123.964650271119609, 10.45 ], [ 123.964727669297233, 10.449793810232592 ], [ 123.965091723127045, 10.449340568549237 ], [ 123.965089234655025, 10.44852670380175 ], [ 123.964964809041717, 10.448435663797323 ], [ 123.965177275421269, 10.447441277083387 ], [ 123.965450797513242, 10.447259597125026 ], [ 123.965449414768216, 10.446807450037779 ], [ 123.964991241645606, 10.44635667120556 ], [ 123.964443093031946, 10.446358312264431 ], [ 123.964167361775509, 10.445816555698768 ], [ 123.963710295936551, 10.445727492592681 ], [ 123.963799445668258, 10.445003783607079 ], [ 123.964164324335613, 10.444821831623191 ], [ 123.964436464019755, 10.444188005359907 ], [ 123.964253196816387, 10.444007693121431 ], [ 123.964343173541494, 10.443555272466199 ], [ 123.963856005290381, 10.443847846337906 ], [ 123.963775647119661, 10.443768783494198 ], [ 123.964479303433279, 10.443258184919376 ], [ 123.965370031893798, 10.443867059726001 ], [ 123.965212451852651, 10.44393985822054 ], [ 123.965074584507079, 10.443733943886121 ], [ 123.964709155181268, 10.443735037851303 ], [ 123.964801341341499, 10.444006052756928 ], [ 123.965807102451649, 10.444274331251052 ], [ 123.966045643427876, 10.444109236843076 ], [ 123.965987604419567, 10.443550348299667 ], [ 123.964797749932359, 10.442830469839878 ], [ 123.964249607466513, 10.442832110014018 ], [ 123.963702844585256, 10.443285896679953 ], [ 123.963246334201571, 10.443377691547296 ], [ 123.963246885831026, 10.443558550540025 ], [ 123.962881732225711, 10.443650071900411 ], [ 123.961785443710156, 10.443653344986025 ], [ 123.961875699425605, 10.443291354241026 ], [ 123.963246058390695, 10.443287262050163 ], [ 123.963519026580144, 10.442924724941976 ], [ 123.964522464910985, 10.442433828693543 ], [ 123.965528882869023, 10.442918710916423 ], [ 123.966078685031945, 10.443459645066145 ], [ 123.966648478811138, 10.443503118724168 ], [ 123.966719569624729, 10.443909874671583 ], [ 123.966851442566636, 10.443763887759145 ], [ 123.967316924110492, 10.443943406700127 ], [ 123.967399396841188, 10.444079014222808 ], [ 123.966902561170897, 10.44399975597749 ], [ 123.967177464130231, 10.444270221801688 ], [ 123.967542893814183, 10.444269124955417 ], [ 123.967816302191821, 10.444051699861003 ], [ 123.968091038263452, 10.444267478902001 ], [ 123.968730262584188, 10.444175127971885 ], [ 123.968730817427627, 10.444355986662057 ], [ 123.969279517006356, 10.444535197214121 ], [ 123.97001009869868, 10.444442568926414 ], [ 123.969918185762765, 10.444261985262353 ], [ 123.969516368451494, 10.444172764134073 ], [ 123.969825995207913, 10.443990972243309 ], [ 123.969824328868725, 10.443448396330837 ], [ 123.970098400200186, 10.443447571527939 ], [ 123.970282503677979, 10.443899168062309 ], [ 123.970465496054274, 10.443989047234238 ], [ 123.970466329812865, 10.444260335131975 ], [ 123.970192813492801, 10.444442018925413 ], [ 123.97037580618003, 10.444531898119507 ], [ 123.970377751575441, 10.445164903202535 ], [ 123.97056074474817, 10.445254782243774 ], [ 123.970561300709278, 10.445435640823444 ], [ 123.970836207920229, 10.445706103074796 ], [ 123.971476268595737, 10.445885034251997 ], [ 123.971659819102641, 10.446155771105461 ], [ 123.972574511884673, 10.446514731803834 ], [ 123.972758063704305, 10.446785467896147 ], [ 123.972940779717604, 10.446784916199082 ], [ 123.973124889557667, 10.447236510454655 ], [ 123.973307605814497, 10.447235958523846 ], [ 123.974035680488271, 10.446329457873913 ], [ 123.973903020219936, 10.446208531176875 ], [ 123.974217838040616, 10.44614804709702 ], [ 123.974582152511545, 10.445785225282568 ], [ 123.973850454270362, 10.445516147392381 ], [ 123.973117642306562, 10.444885350816385 ], [ 123.972843569961796, 10.44488617832452 ], [ 123.972294311345877, 10.444526115648216 ], [ 123.972010547170797, 10.444599110407886 ], [ 123.972204903074598, 10.445159396004311 ], [ 123.97157504371522, 10.444772541126383 ], [ 123.971285764233386, 10.44335356538299 ], [ 123.970460493986963, 10.442361319750418 ], [ 123.970276113568161, 10.441819293900769 ], [ 123.970001765956624, 10.441729689403036 ], [ 123.969819608075085, 10.441911097811383 ], [ 123.969454181392294, 10.44191219701592 ], [ 123.96908986453235, 10.442275013193013 ], [ 123.968541169116406, 10.442095801924053 ], [ 123.967693447271003, 10.442143562990744 ], [ 123.968540614506395, 10.441914943198322 ], [ 123.969034823208432, 10.441138983878737 ], [ 123.969664957676983, 10.44090684101992 ], [ 123.969798527190662, 10.441227117514767 ], [ 123.97002223625995, 10.440693180240483 ], [ 123.970184479166775, 10.441729139549293 ], [ 123.970642651701525, 10.442179910991239 ], [ 123.97082536513976, 10.442179360747145 ], [ 123.970914775942902, 10.44154608048696 ], [ 123.970731507033079, 10.441365772134748 ], [ 123.970783247314571, 10.440700095938816 ], [ 123.971314495499385, 10.440830884515671 ], [ 123.971159847019294, 10.440318221211635 ], [ 123.970855906262543, 10.440244116705157 ], [ 123.970361080831665, 10.439739144528453 ], [ 123.969904023080218, 10.439650089618892 ], [ 123.969448630576309, 10.440103610135514 ], [ 123.968808582822305, 10.439924673660533 ], [ 123.968426551740521, 10.440303669968777 ], [ 123.967804773584604, 10.440289409285867 ], [ 123.967622892074985, 10.440561245891764 ], [ 123.966434982899941, 10.440474378721252 ], [ 123.966161467030702, 10.440656059015778 ], [ 123.965156546495422, 10.440659068949657 ], [ 123.964701697501397, 10.441293442356995 ], [ 123.96470363079564, 10.441926448632305 ], [ 123.96397305222942, 10.44201906440326 ], [ 123.963243300421652, 10.442382967050449 ], [ 123.962969229466367, 10.442383785885882 ], [ 123.962968953762626, 10.442293356375759 ], [ 123.962877596798847, 10.442293629266214 ], [ 123.96251354680237, 10.442746868173071 ], [ 123.961873771592437, 10.44265834749093 ], [ 123.962001789701318, 10.442838826184266 ], [ 123.961875424013286, 10.44320092470684 ], [ 123.961692709494159, 10.44320146988318 ], [ 123.961692158782697, 10.443020610803522 ], [ 123.961509444359066, 10.443021155865615 ], [ 123.961234271840041, 10.442660255048622 ], [ 123.960793885974596, 10.442692973499039 ], [ 123.961277281331363, 10.443116914983493 ], [ 123.960917449968477, 10.443323034764411 ], [ 123.96164466836467, 10.443586748080147 ], [ 123.96068887974964, 10.443566184744753 ], [ 123.960367576861884, 10.443768237227991 ], [ 123.960113784909922, 10.4437086217321 ], [ 123.960232367687311, 10.443657975415533 ], [ 123.960230718041501, 10.443115397952438 ], [ 123.95986418962535, 10.442754767951525 ], [ 123.959771458518844, 10.442302891994627 ], [ 123.959497112655313, 10.442213278240962 ], [ 123.959404931621549, 10.441942261316532 ], [ 123.959130860742405, 10.441943076823231 ], [ 123.958946774187694, 10.441491472260244 ], [ 123.958489441205757, 10.441311971324318 ], [ 123.958305630314555, 10.440950795900932 ], [ 123.957992801046387, 10.441012207549973 ], [ 123.958294022890726, 10.441296976376446 ], [ 123.958166644834833, 10.441543543932077 ], [ 123.95780464112292, 10.441537311856738 ], [ 123.957759683453304, 10.441675861874277 ], [ 123.957899574625131, 10.441786066829506 ], [ 123.958000958260257, 10.442569326957612 ], [ 123.958311117185488, 10.442759388639084 ], [ 123.958259061748493, 10.443510087389066 ], [ 123.95812977434457, 10.443212079929468 ], [ 123.957397818926481, 10.442852532818645 ], [ 123.957158266600388, 10.443167377483777 ], [ 123.957250373244875, 10.443524708363345 ], [ 123.957035129948309, 10.443757914532078 ], [ 123.956222247873797, 10.443683540533417 ], [ 123.956702001998821, 10.443197576512992 ], [ 123.956351291352192, 10.44300284265962 ], [ 123.955894662578842, 10.443159580283552 ], [ 123.95594364202276, 10.442510823563598 ], [ 123.956940758542913, 10.44276345944497 ], [ 123.957690345954916, 10.4426342091057 ], [ 123.957788013443718, 10.442434744525764 ], [ 123.957122376979001, 10.442401198353398 ], [ 123.95700776681646, 10.442533685001186 ], [ 123.956939114751165, 10.442220881427099 ], [ 123.95666476955229, 10.442131265160464 ], [ 123.95657379528771, 10.44240156815467 ], [ 123.956299614965431, 10.44222277902279 ], [ 123.956064436515533, 10.44228070210317 ], [ 123.955931508400809, 10.441932223502931 ], [ 123.956352450561909, 10.441823964201122 ], [ 123.956753387738047, 10.441226697260438 ], [ 123.956752018383995, 10.440774548845509 ], [ 123.956602534503077, 10.440700248125678 ], [ 123.956476031878807, 10.440142354131277 ], [ 123.956386591619207, 10.440775632978758 ], [ 123.955931723557001, 10.441409995487207 ], [ 123.955842008416937, 10.441952844561396 ], [ 123.955477674309961, 10.44231564661701 ], [ 123.95564425598954, 10.442563538732369 ], [ 123.955478768481711, 10.442677365450432 ], [ 123.955389052379516, 10.443220214457085 ], [ 123.954933632219507, 10.443673716512382 ], [ 123.954755017803137, 10.445030703497668 ], [ 123.955124552615601, 10.446386066287184 ], [ 123.955126467497863, 10.447019074145608 ], [ 123.955319786712522, 10.446891995542897 ], [ 123.955908462586848, 10.44714740050815 ], [ 123.956122766805834, 10.44749429062864 ], [ 123.955950884864961, 10.447740073395986 ], [ 123.956043065160131, 10.448011091335768 ], [ 123.956210539368769, 10.448313048536528 ], [ 123.956635068888517, 10.448528382130009 ], [ 123.956241789695767, 10.448865804748753 ], [ 123.955586271035671, 10.448012446359305 ], [ 123.95515917743019, 10.448051322149242 ], [ 123.955201700079471, 10.447704486984399 ], [ 123.954891088501583, 10.447901386879254 ], [ 123.955121774588491, 10.448657293953094 ], [ 123.954937509618986, 10.45 ], [ 123.956231808746608, 10.45 ] ], [ [ 123.972413716582096, 10.445271869790222 ], [ 123.972251817267846, 10.445372127236199 ], [ 123.972204903074598, 10.445159396004311 ], [ 123.972413716582096, 10.445271869790222 ] ], [ [ 123.961972566016257, 10.445099672138005 ], [ 123.961695738588972, 10.444196194784389 ], [ 123.962280269729916, 10.44428488049051 ], [ 123.962153352885764, 10.444466120075791 ], [ 123.962926463700796, 10.44521548012613 ], [ 123.962976674428006, 10.444825382464263 ], [ 123.9627020499276, 10.444645342254297 ], [ 123.962700671512636, 10.444193194726429 ], [ 123.962491893339575, 10.444058172755026 ], [ 123.963796409642129, 10.444009059373164 ], [ 123.963705989177996, 10.444316364474126 ], [ 123.963614246630854, 10.444190464656934 ], [ 123.962883386556655, 10.44419264892162 ], [ 123.962975295591576, 10.444373234978082 ], [ 123.96343208340835, 10.444371869853615 ], [ 123.963615626366007, 10.444642612062966 ], [ 123.963616454237609, 10.444913900500373 ], [ 123.96334320875205, 10.445186008308875 ], [ 123.962430181908985, 10.445369596878304 ], [ 123.962211139999908, 10.445965510388657 ], [ 123.96160229087485, 10.446088225349795 ], [ 123.961480394841885, 10.446006890451173 ], [ 123.961972566016257, 10.445099672138005 ] ], [ [ 123.963344312330122, 10.445547726241289 ], [ 123.963177018889937, 10.445763605411301 ], [ 123.963030597773084, 10.445601440646829 ], [ 123.963344312330122, 10.445547726241289 ] ], [ [ 123.959043347827247, 10.443209363193885 ], [ 123.959180032091325, 10.443093136679959 ], [ 123.959343206802998, 10.443253686129205 ], [ 123.959135529030277, 10.443480380196329 ], [ 123.958916256183713, 10.444321576322006 ], [ 123.958831782945168, 10.444087936039159 ], [ 123.958954461689601, 10.444023501473952 ], [ 123.959043347827247, 10.443209363193885 ] ], [ [ 123.956663989097351, 10.4448779278506 ], [ 123.956177168824524, 10.444496897399546 ], [ 123.956026669417099, 10.444176123492847 ], [ 123.956442932038669, 10.444267195685221 ], [ 123.956489723417704, 10.444663838244336 ], [ 123.956764070867294, 10.444753454454851 ], [ 123.956663989097351, 10.4448779278506 ] ], [ [ 123.957037048199709, 10.444390922139526 ], [ 123.957584920359125, 10.444298864462194 ], [ 123.957716459818542, 10.44326904344023 ], [ 123.95794815674148, 10.443574341514378 ], [ 123.958263337739922, 10.443632937329122 ], [ 123.957932492895026, 10.444138496572435 ], [ 123.95825589863351, 10.444342085563388 ], [ 123.957951448355857, 10.44465949711905 ], [ 123.957404124065135, 10.444932414758251 ], [ 123.956947334619528, 10.444933771330904 ], [ 123.956764070867294, 10.444753454454851 ], [ 123.957037048199709, 10.444390922139526 ] ], [ [ 123.958227442540789, 10.445291689764064 ], [ 123.958044726604413, 10.445292232961375 ], [ 123.957922706952985, 10.44549328235621 ], [ 123.95784234968589, 10.445414217930695 ], [ 123.958317977197453, 10.445020129271906 ], [ 123.958500692960186, 10.44501958593232 ], [ 123.958727912385442, 10.44463179900211 ], [ 123.959139923381585, 10.444927253823179 ], [ 123.959625533589787, 10.444967524181932 ], [ 123.959049772688843, 10.445324987617235 ], [ 123.958775041150687, 10.445109200333404 ], [ 123.958318251630814, 10.445110558890512 ], [ 123.958227442540789, 10.445291689764064 ] ], [ [ 123.959961868887788, 10.4448343763006 ], [ 123.959930933636102, 10.444944724639734 ], [ 123.959850576060674, 10.444865660749796 ], [ 123.959961868887788, 10.4448343763006 ] ], [ [ 123.956584368470971, 10.445748723086453 ], [ 123.956401652179565, 10.445749265367015 ], [ 123.956400282722086, 10.445297117032476 ], [ 123.956582998749425, 10.445296574776098 ], [ 123.956584368470971, 10.445748723086453 ] ], [ [ 123.957711327854227, 10.445544689382341 ], [ 123.957791685127731, 10.445623753840193 ], [ 123.957397215104251, 10.446111221430742 ], [ 123.957276158654324, 10.445986477486112 ], [ 123.957711327854227, 10.445544689382341 ] ], [ [ 123.956609974229309, 10.446326741977233 ], [ 123.956359927310572, 10.446208065554096 ], [ 123.956676822541269, 10.446110170536231 ], [ 123.956609974229309, 10.446326741977233 ] ], [ [ 123.957192116731122, 10.445585883508139 ], [ 123.957111759606178, 10.44550681888483 ], [ 123.957223053016321, 10.445475535347256 ], [ 123.957192116731122, 10.445585883508139 ] ], [ [ 123.967516033567847, 10.442039403124278 ], [ 123.967627324404489, 10.442008116155501 ], [ 123.967596392113592, 10.442118464989882 ], [ 123.967516033567847, 10.442039403124278 ] ], [ [ 123.96640275307405, 10.441053794161359 ], [ 123.96661907913888, 10.440925978082703 ], [ 123.966893425321942, 10.441015585641983 ], [ 123.967148346903699, 10.44078170261216 ], [ 123.967580273229316, 10.440711855352387 ], [ 123.967624831138679, 10.441194251648369 ], [ 123.966843039956117, 10.441350600207096 ], [ 123.966805390325689, 10.442101012565303 ], [ 123.966439963094388, 10.442102108340489 ], [ 123.966347499604467, 10.44174066453046 ], [ 123.966708881406078, 10.441379869121702 ], [ 123.966802068837254, 10.441015859621741 ], [ 123.96640275307405, 10.441053794161359 ] ], [ [ 123.965572416119514, 10.441673309789307 ], [ 123.965498871143225, 10.441517330309161 ], [ 123.965889886438958, 10.44147074517355 ], [ 123.966010404308292, 10.441546607323707 ], [ 123.965572416119514, 10.441673309789307 ] ], [ [ 123.967989980058974, 10.44110272522998 ], [ 123.968172693012249, 10.441102176560157 ], [ 123.968173524545293, 10.441373464691306 ], [ 123.967990811433708, 10.441374013375821 ], [ 123.967989980058974, 10.44110272522998 ] ], [ [ 123.969790897289187, 10.443093289208463 ], [ 123.9698873035681, 10.442859759527497 ], [ 123.970096455699974, 10.442814566324788 ], [ 123.969790897289187, 10.443093289208463 ] ], [ [ 123.973213738589251, 10.446422371612217 ], [ 123.972939664905482, 10.446423199324339 ], [ 123.972715089853494, 10.446121689494406 ], [ 123.973303981285184, 10.446060378812293 ], [ 123.973213738589251, 10.446422371612217 ] ], [ [ 123.973390427368116, 10.446814488862291 ], [ 123.973174803252064, 10.446703559775344 ], [ 123.973305654090908, 10.446602954074605 ], [ 123.973390427368116, 10.446814488862291 ] ], [ [ 123.968278626627338, 10.444034194506315 ], [ 123.967854704366431, 10.443867898191998 ], [ 123.967776225550892, 10.443689139004732 ], [ 123.968493915400416, 10.443771441388906 ], [ 123.968278626627338, 10.444034194506315 ] ] ], [ [ [ 123.957416068969124, 10.45 ], [ 123.95766840698704, 10.449501866084509 ], [ 123.957875180340039, 10.44963339767382 ], [ 123.957876292923856, 10.45 ], [ 123.959063974986563, 10.45 ], [ 123.959063674620594, 10.449901152906065 ], [ 123.958879857147039, 10.449539978511259 ], [ 123.958879033006994, 10.449268689773275 ], [ 123.95924446942675, 10.449267601906117 ], [ 123.959337477620636, 10.449809907272439 ], [ 123.959520745951608, 10.449990222219515 ], [ 123.959518987248146, 10.45 ], [ 123.959891799226966, 10.45 ], [ 123.959912244811065, 10.449313941070976 ], [ 123.96034022818337, 10.449083476710895 ], [ 123.960270419780571, 10.448817559885292 ], [ 123.95984878056835, 10.449124449361191 ], [ 123.959790974183747, 10.448723391976715 ], [ 123.959516897393883, 10.448724208343265 ], [ 123.959517722043003, 10.448995497039537 ], [ 123.95934971879197, 10.4491150625561 ], [ 123.95920796110795, 10.448986473417266 ], [ 123.95978987437006, 10.448361673736915 ], [ 123.960063950820228, 10.448360857164207 ], [ 123.96026324223233, 10.448694409644435 ], [ 123.960601299738769, 10.44850669056868 ], [ 123.960887005841087, 10.448629694627368 ], [ 123.960977814115552, 10.448448563084858 ], [ 123.961342973952441, 10.448357043380275 ], [ 123.961433231053704, 10.447995052698001 ], [ 123.960976712958796, 10.448086844965244 ], [ 123.960859291347845, 10.447951549629586 ], [ 123.961157227756047, 10.447362863719347 ], [ 123.961522386282525, 10.447271343921033 ], [ 123.961430201657294, 10.447000327954637 ], [ 123.96106515221301, 10.447127591132858 ], [ 123.959956792723432, 10.446524806091874 ], [ 123.959747708359515, 10.446766197582029 ], [ 123.960188119859708, 10.447275322665245 ], [ 123.960061475674578, 10.447546991160126 ], [ 123.959604682766852, 10.447548351874648 ], [ 123.959422515230898, 10.447729755127092 ], [ 123.95850892864668, 10.447732474121084 ], [ 123.958727298177791, 10.448274870535746 ], [ 123.95837778434462, 10.44839953464437 ], [ 123.958235676078232, 10.448004578124646 ], [ 123.958052684122251, 10.447914691858012 ], [ 123.95805433077085, 10.448457269506658 ], [ 123.957690815635999, 10.449091363228074 ], [ 123.957691913100533, 10.449453081674529 ], [ 123.957509194704059, 10.449453624781107 ], [ 123.957145403202361, 10.44999728842188 ], [ 123.957137939487339, 10.45 ], [ 123.957416068969124, 10.45 ] ], [ [ 123.958480295738852, 10.44895394388775 ], [ 123.958695216175386, 10.448907515206075 ], [ 123.958581577134709, 10.449114202895158 ], [ 123.958480295738852, 10.44895394388775 ] ], [ [ 123.96024501800413, 10.44781773534941 ], [ 123.960178171973794, 10.448034307328067 ], [ 123.959928122529746, 10.447915633955006 ], [ 123.96024501800413, 10.44781773534941 ] ] ], [ [ [ 123.960472431321008, 10.45 ], [ 123.960434063683266, 10.449897070207591 ], [ 123.960251345174498, 10.449897614907321 ], [ 123.960251656677428, 10.45 ], [ 123.960472431321008, 10.45 ] ] ], [ [ [ 123.983710904420136, 10.45 ], [ 123.984004947549991, 10.449916355820175 ], [ 123.983957779201674, 10.449438961891921 ], [ 123.984357369274278, 10.45 ], [ 123.985098043039855, 10.45 ], [ 123.984918251321474, 10.449823134389469 ], [ 123.984825763858723, 10.44946169824347 ], [ 123.984495969639298, 10.44933751869484 ], [ 123.984174946007357, 10.448931565860399 ], [ 123.983855050897702, 10.448887328260625 ], [ 123.98367543497784, 10.449882604350123 ], [ 123.983449352400385, 10.45 ], [ 123.983710904420136, 10.45 ] ] ], [ [ [ 123.986393681538431, 10.45 ], [ 123.986380270684094, 10.449909089737533 ], [ 123.985808761989333, 10.44914383176893 ], [ 123.985966328351452, 10.449071023355749 ], [ 123.98628721625164, 10.449366796493431 ], [ 123.986471629231005, 10.449908809919805 ], [ 123.986564328924828, 10.45 ], [ 123.987022592429796, 10.45 ], [ 123.987065663181085, 10.449972030333717 ], [ 123.987096829952037, 10.45 ], [ 123.987928385623974, 10.45 ], [ 123.988024724130369, 10.449904049017965 ], [ 123.988023308378558, 10.449451905060149 ], [ 123.988296817033614, 10.449270206582318 ], [ 123.988939833947768, 10.449325192889257 ], [ 123.988938592435474, 10.449991673722481 ], [ 123.989394534255496, 10.449718984440173 ], [ 123.988935191539653, 10.448906528508363 ], [ 123.98847755081475, 10.448636644375211 ], [ 123.988020760189798, 10.448638045903573 ], [ 123.987838610061786, 10.448819463935852 ], [ 123.987748950195822, 10.449362316930294 ], [ 123.987383799729997, 10.449453866259212 ], [ 123.987156331871233, 10.449751241773917 ], [ 123.987109158801601, 10.449273848744173 ], [ 123.987290743793054, 10.448911573439545 ], [ 123.986925310845734, 10.448912693384958 ], [ 123.986926159291031, 10.449183979860456 ], [ 123.986743837179205, 10.449310711751274 ], [ 123.986559595152414, 10.448823384075888 ], [ 123.986285237840136, 10.44873379459503 ], [ 123.986086836826061, 10.44838334665449 ], [ 123.986180126034313, 10.448083623005193 ], [ 123.986923331231097, 10.448279691590807 ], [ 123.98750600848382, 10.44818143787078 ], [ 123.987257018422369, 10.448770888217513 ], [ 123.987473177282666, 10.448820584498751 ], [ 123.987655327642869, 10.448639166655658 ], [ 123.987618830883648, 10.448170649280597 ], [ 123.987324740289196, 10.448024525343779 ], [ 123.987287066094126, 10.447735998788716 ], [ 123.985460472522547, 10.447922451427747 ], [ 123.984822377414517, 10.448376551643834 ], [ 123.984824635002354, 10.449099982718518 ], [ 123.985325894513664, 10.45 ], [ 123.986393681538431, 10.45 ] ] ], [ [ [ 123.99012629032346, 10.45 ], [ 123.99012426643057, 10.44935502336415 ], [ 123.990007114986, 10.449310168694309 ], [ 123.990396922159675, 10.448902037013513 ], [ 123.989757698727104, 10.448994431614244 ], [ 123.989676215036866, 10.45 ], [ 123.99012629032346, 10.45 ] ] ], [ [ [ 123.990758773761499, 10.45 ], [ 123.99076576194561, 10.449986057707029 ], [ 123.990945922901716, 10.449171637122541 ], [ 123.990945354944344, 10.448990779692929 ], [ 123.990670996576455, 10.448901194113082 ], [ 123.990581341693783, 10.449444047451948 ], [ 123.990217611202326, 10.449987743609892 ], [ 123.990220127715375, 10.45 ], [ 123.990758773761499, 10.45 ] ] ], [ [ [ 123.992067846446218, 10.45 ], [ 123.992318286409557, 10.449800418525268 ], [ 123.992316580081763, 10.449257846477725 ], [ 123.99249872760295, 10.449076426108798 ], [ 123.992405663105671, 10.448534135572451 ], [ 123.992223231475307, 10.448625127188164 ], [ 123.991737849367013, 10.45 ], [ 123.992067846446218, 10.45 ] ] ], [ [ [ 123.99354640970715, 10.45 ], [ 123.993060215046015, 10.449486871616653 ], [ 123.99341316291374, 10.449344895400685 ], [ 123.99350366693433, 10.449073327653451 ], [ 123.993136242263006, 10.448441454135937 ], [ 123.992679168108268, 10.448352433635087 ], [ 123.992679737032717, 10.448533290976558 ], [ 123.993046307201382, 10.448893879119229 ], [ 123.993047160956024, 10.44916516509126 ], [ 123.992682012834905, 10.449256720321815 ], [ 123.992799449072663, 10.449392002638485 ], [ 123.992683719796744, 10.449799292309086 ], [ 123.9927858960571, 10.45 ], [ 123.99354640970715, 10.45 ] ] ], [ [ [ 123.994634212836246, 10.45 ], [ 123.994693317594312, 10.449702662033928 ], [ 123.994601389233651, 10.449522086977456 ], [ 123.994418672814007, 10.449522651220935 ], [ 123.994417532852879, 10.449160936749676 ], [ 123.994234816634176, 10.449161500868451 ], [ 123.99423424677498, 10.448980643619651 ], [ 123.99377631728764, 10.448620338879845 ], [ 123.993500250504198, 10.44798818388217 ], [ 123.992952103719048, 10.447989874159965 ], [ 123.992860176913808, 10.447809298443802 ], [ 123.991855241448093, 10.447812394499257 ], [ 123.991689121392795, 10.448051078412911 ], [ 123.990485725835001, 10.448087897496631 ], [ 123.99039493551922, 10.448269035884755 ], [ 123.990120861633628, 10.448269878497243 ], [ 123.989993115077041, 10.448179841543055 ], [ 123.990120294204047, 10.448089021012215 ], [ 123.99002808524429, 10.447818015586789 ], [ 123.989571012485285, 10.447728990464917 ], [ 123.989480050244239, 10.447855443078446 ], [ 123.988984593690631, 10.447424962190263 ], [ 123.989341120980399, 10.44725215925753 ], [ 123.989570161867334, 10.447457704182209 ], [ 123.990118308282945, 10.44745601979831 ], [ 123.990214802055107, 10.44733148181408 ], [ 123.990393516568744, 10.447816892205852 ], [ 123.990667873898758, 10.447906478124937 ], [ 123.990482036424467, 10.44691232392384 ], [ 123.989817707062372, 10.44700932138303 ], [ 123.989476536133893, 10.446734554691419 ], [ 123.989019748425648, 10.446735957394937 ], [ 123.988472735900899, 10.447099354955711 ], [ 123.988473585536752, 10.4473706413347 ], [ 123.988747942067519, 10.447460228993455 ], [ 123.98886494428794, 10.447780292381003 ], [ 123.988786474001103, 10.447939359171757 ], [ 123.988657434124619, 10.447731795755121 ], [ 123.988658850552923, 10.44818393967442 ], [ 123.988933774610686, 10.44845438464721 ], [ 123.989207848756735, 10.448453543039301 ], [ 123.989344239236104, 10.448246875686529 ], [ 123.989518027816118, 10.448452590279009 ], [ 123.989391131868885, 10.448633839357628 ], [ 123.98966577333097, 10.448813854846403 ], [ 123.990304996443683, 10.448721460460238 ], [ 123.990487032768854, 10.448504297963167 ], [ 123.990578786848602, 10.448630188926135 ], [ 123.991675083360661, 10.44862681537537 ], [ 123.991993619573776, 10.448238727040994 ], [ 123.992222378481046, 10.448353841139054 ], [ 123.992449840289581, 10.448056462522469 ], [ 123.992495883457039, 10.448172139361521 ], [ 123.993318104192767, 10.448169604723098 ], [ 123.993869668992815, 10.449253057425926 ], [ 123.993930084262701, 10.45 ], [ 123.994634212836246, 10.45 ] ], [ [ 123.994235956383889, 10.449523215359841 ], [ 123.994122337645805, 10.449729913605585 ], [ 123.99402103744815, 10.449569667559288 ], [ 123.994235956383889, 10.449523215359841 ] ], [ [ 123.989603075595326, 10.447980355214915 ], [ 123.989683435300037, 10.448059410862275 ], [ 123.989541217744502, 10.448201055785896 ], [ 123.989460858032686, 10.448122000103472 ], [ 123.989603075595326, 10.447980355214915 ] ] ], [ [ [ 123.995604606931934, 10.45 ], [ 123.995607756081213, 10.449971124682573 ], [ 123.99597318930158, 10.449969994680979 ], [ 123.995978339015849, 10.45 ], [ 123.998553602811114, 10.45 ], [ 123.99862257889005, 10.449961789657671 ], [ 123.998894935777713, 10.449418368653962 ], [ 123.998802146448227, 10.448966509527386 ], [ 123.998070996907813, 10.448878346855256 ], [ 123.997523534080599, 10.449096645310027 ], [ 123.997066345347477, 10.448971888182252 ], [ 123.996972987397484, 10.448339171149902 ], [ 123.996516198387368, 10.448340584797675 ], [ 123.996518768613782, 10.449154441866824 ], [ 123.996702055997162, 10.449334733551462 ], [ 123.997615922720414, 10.44942233333126 ], [ 123.998072123768821, 10.44920418505974 ], [ 123.99838474648837, 10.449362273310264 ], [ 123.998072713157384, 10.449420917963387 ], [ 123.997799496825735, 10.449693052832362 ], [ 123.996703198620821, 10.4496964477667 ], [ 123.996612238958306, 10.449822902185545 ], [ 123.996429124010277, 10.449697295911983 ], [ 123.996428267276357, 10.449426010228622 ], [ 123.996062263811083, 10.449246283547716 ], [ 123.995514115248383, 10.449247978429145 ], [ 123.994967392354638, 10.449701815379036 ], [ 123.994968332677388, 10.45 ], [ 123.995604606931934, 10.45 ] ] ], [ [ [ 123.970607376063043, 10.353297405620719 ], [ 123.970607401093517, 10.353305622558329 ], [ 123.970635100171279, 10.353305539836747 ], [ 123.970607376063043, 10.353297405620719 ] ] ], [ [ [ 123.972800722207253, 10.353751217812274 ], [ 123.972618060285143, 10.353751764528578 ], [ 123.972618336342705, 10.353842194275192 ], [ 123.972800722207253, 10.353751217812274 ] ] ], [ [ [ 123.972801274429585, 10.353932077295184 ], [ 123.972892605439156, 10.353931803893261 ], [ 123.972892329300521, 10.353841374154525 ], [ 123.972801274429585, 10.353932077295184 ] ] ], [ [ [ 123.97106598476141, 10.353937267010101 ], [ 123.971340529323783, 10.354117307762651 ], [ 123.971248095542435, 10.353755861598181 ], [ 123.970790062866783, 10.353305077006297 ], [ 123.97060602378582, 10.352853473534402 ], [ 123.970423362263901, 10.35285401895827 ], [ 123.97106598476141, 10.353937267010101 ] ] ], [ [ [ 123.971340805025392, 10.35420773754165 ], [ 123.971432136154391, 10.3542074645468 ], [ 123.971431860426634, 10.35411703477028 ], [ 123.971340805025392, 10.35420773754165 ] ] ], [ [ [ 123.961221590015015, 10.36038712117066 ], [ 123.961130256820923, 10.360387391429564 ], [ 123.961130529767246, 10.360477821447018 ], [ 123.961221590015015, 10.36038712117066 ] ] ], [ [ [ 123.961222135962572, 10.36056798120021 ], [ 123.961496135686616, 10.360567170253383 ], [ 123.961495862633043, 10.36047674024617 ], [ 123.961222135962572, 10.36056798120021 ] ] ], [ [ [ 123.961862014940777, 10.360746948621529 ], [ 123.962044408279468, 10.360655977652016 ], [ 123.962043588647504, 10.360384687674152 ], [ 123.961952801842727, 10.36056581815696 ], [ 123.961496135686616, 10.360567170253383 ], [ 123.961862014940777, 10.360746948621529 ] ] ], [ [ [ 123.989963423872524, 10.361430151045596 ], [ 123.990288173109917, 10.361687444516239 ], [ 123.990387466536077, 10.361536726594938 ], [ 123.989963423872524, 10.361430151045596 ] ] ], [ [ [ 123.990899017543725, 10.361889975812922 ], [ 123.9912218494363, 10.362286606121559 ], [ 123.991682761410246, 10.362460406832268 ], [ 123.991275140729215, 10.361924524510211 ], [ 123.990899017543725, 10.361889975812922 ] ] ], [ [ [ 123.950906863992245, 10.36240696262804 ], [ 123.951089261975454, 10.362315997511866 ], [ 123.951050523247687, 10.362168357380037 ], [ 123.950724195879687, 10.362407497367755 ], [ 123.950907404133687, 10.362587823181636 ], [ 123.950906863992245, 10.36240696262804 ] ] ], [ [ [ 123.992099390990873, 10.362645447211802 ], [ 123.991988130779319, 10.362676742801623 ], [ 123.992068472738595, 10.362755797444112 ], [ 123.992099390990873, 10.362645447211802 ] ] ], [ [ [ 123.966529892548692, 10.363988596350989 ], [ 123.966713110021928, 10.36416891224912 ], [ 123.966711736808534, 10.363716763005225 ], [ 123.96662012818939, 10.363626605057034 ], [ 123.966529892548692, 10.363988596350989 ] ] ], [ [ [ 123.989363054277945, 10.363829388586991 ], [ 123.988631824974391, 10.363650756066688 ], [ 123.988907230164116, 10.364102067767977 ], [ 123.989226537418574, 10.363985275495939 ], [ 123.989455231196175, 10.364100397918005 ], [ 123.989363054277945, 10.363829388586991 ] ] ], [ [ [ 123.96032080527516, 10.364549603873115 ], [ 123.960595900170105, 10.36491051341422 ], [ 123.961052845784209, 10.364999592024841 ], [ 123.960503201238282, 10.364458633561002 ], [ 123.96032080527516, 10.364549603873115 ] ] ], [ [ [ 123.991493450779885, 10.365134124313235 ], [ 123.991376333144672, 10.365089267028546 ], [ 123.991376614894619, 10.365179696201494 ], [ 123.991493450779885, 10.365134124313235 ] ] ], [ [ [ 123.990006045535225, 10.365003019273269 ], [ 123.990554892493279, 10.365272634992643 ], [ 123.990462151258285, 10.3648207677169 ], [ 123.990188150211651, 10.364821603674311 ], [ 123.990095691048566, 10.364460165431529 ], [ 123.990006045535225, 10.365003019273269 ] ] ], [ [ [ 123.991103176962639, 10.365361391326321 ], [ 123.991103458641845, 10.365451820505267 ], [ 123.991377178402345, 10.365360554545846 ], [ 123.991376614894619, 10.365179696201494 ], [ 123.991103176962639, 10.365361391326321 ] ] ], [ [ [ 123.9873596107021, 10.365734521058725 ], [ 123.987359330088935, 10.365644091778723 ], [ 123.987267996084952, 10.365644369597977 ], [ 123.9873596107021, 10.365734521058725 ] ] ], [ [ [ 123.987176942639081, 10.365735076676282 ], [ 123.987177223202508, 10.365825505960744 ], [ 123.98726855726153, 10.365825228162445 ], [ 123.987176942639081, 10.365735076676282 ] ] ], [ [ [ 124.000329016431451, 10.365694807075663 ], [ 124.000217756260113, 10.365726105531532 ], [ 124.000298100937954, 10.365805157838322 ], [ 124.000329016431451, 10.365694807075663 ] ] ], [ [ [ 123.979233098192339, 10.366482581632578 ], [ 123.979141763721714, 10.366482857166099 ], [ 123.979142042000845, 10.36657328666533 ], [ 123.979233098192339, 10.366482581632578 ] ] ], [ [ [ 123.983799818423464, 10.366468771889735 ], [ 123.983800098038543, 10.366559201262362 ], [ 123.98389143240324, 10.366558924403675 ], [ 123.983799818423464, 10.366468771889735 ] ] ], [ [ [ 123.979233654805569, 10.366663440625594 ], [ 123.979416323843793, 10.366662889470847 ], [ 123.979416045483489, 10.366572459979562 ], [ 123.979233654805569, 10.366663440625594 ] ] ], [ [ [ 123.979416602206626, 10.366753318961637 ], [ 123.979507936748121, 10.366753043342866 ], [ 123.979507658358997, 10.366662613854576 ], [ 123.979416602206626, 10.366753318961637 ] ] ], [ [ [ 123.959870951297432, 10.366811704716154 ], [ 123.959869587537412, 10.3663595546327 ], [ 123.959503975040988, 10.366270204570514 ], [ 123.959413457944521, 10.366541764584225 ], [ 123.959687463005721, 10.366540954712061 ], [ 123.95968800840744, 10.366721814754637 ], [ 123.959049207907768, 10.366904564201736 ], [ 123.959323485918574, 10.366994184640905 ], [ 123.959870951297432, 10.366811704716154 ] ] ], [ [ [ 123.984166274656957, 10.366829381756897 ], [ 123.984074940221348, 10.366829658700849 ], [ 123.984075219925415, 10.366920088063971 ], [ 123.984166274656957, 10.366829381756897 ] ] ], [ [ [ 123.997589856202296, 10.365974527914004 ], [ 123.997590706881724, 10.36624581490276 ], [ 123.99795660977432, 10.366425549647772 ], [ 123.9981573927477, 10.366907460181512 ], [ 123.998475254639501, 10.366845724768222 ], [ 123.998138710191355, 10.366244129910061 ], [ 123.997589856202296, 10.365974527914004 ] ] ], [ [ [ 123.984167113855321, 10.367100669837201 ], [ 123.984258448366859, 10.367100392859827 ], [ 123.984257888846244, 10.366919534145131 ], [ 123.984167113855321, 10.367100669837201 ] ] ], [ [ [ 123.99996794551501, 10.367052366872286 ], [ 124.000333566108822, 10.367141669774171 ], [ 124.000333281734214, 10.367051240859357 ], [ 123.99996794551501, 10.367052366872286 ] ] ], [ [ [ 123.963617878600985, 10.367524049952173 ], [ 123.963343599229717, 10.367434433331328 ], [ 123.963344146777928, 10.3676152931691 ], [ 123.963617878600985, 10.367524049952173 ] ] ], [ [ [ 123.982797654563711, 10.36728568017759 ], [ 123.982980044366727, 10.367194697574153 ], [ 123.982706040636813, 10.367195527346563 ], [ 123.982707157938165, 10.367557244936956 ], [ 123.982797654563711, 10.36728568017759 ] ] ], [ [ [ 123.963618426311456, 10.367704909774293 ], [ 123.963709761558221, 10.367704638618106 ], [ 123.963709487675544, 10.367614208709741 ], [ 123.963618426311456, 10.367704909774293 ] ] ], [ [ [ 123.998523417383311, 10.367178916558579 ], [ 123.998873640376786, 10.367598316145198 ], [ 123.999176862481335, 10.367671065174905 ], [ 123.999219389153723, 10.367480428057245 ], [ 123.998963554676365, 10.367145890220916 ], [ 123.998523417383311, 10.367178916558579 ] ] ], [ [ [ 123.963710309331262, 10.367885498433312 ], [ 123.963253632809938, 10.367886853979218 ], [ 123.963253906569292, 10.367977283898247 ], [ 123.96352818640878, 10.368066900552398 ], [ 123.963710309331262, 10.367885498433312 ] ] ], [ [ [ 123.984078576575953, 10.368005240381233 ], [ 123.984168792322208, 10.367643245983967 ], [ 123.983895907015935, 10.368005794256064 ], [ 123.983713237445627, 10.368006348027125 ], [ 123.983713796714127, 10.368187206759433 ], [ 123.984078576575953, 10.368005240381233 ] ] ], [ [ [ 124.000037852549269, 10.367907351618369 ], [ 124.000154025670867, 10.368136950922374 ], [ 124.00042802876645, 10.368136106204851 ], [ 124.000427459909375, 10.367955248391048 ], [ 124.000037852549269, 10.367907351618369 ] ] ], [ [ [ 123.954046909381816, 10.368488301634613 ], [ 123.954305472236598, 10.368817593307588 ], [ 123.954488143872553, 10.368817056202873 ], [ 123.954764050796641, 10.369449261317023 ], [ 123.954946722774224, 10.36944872391906 ], [ 123.954853758488454, 10.368906411819225 ], [ 123.954395994341311, 10.368546034317641 ], [ 123.954046909381816, 10.368488301634613 ] ] ], [ [ [ 124.006824862945251, 10.369201474563821 ], [ 124.006825149243468, 10.36929190328607 ], [ 124.006916483758644, 10.369291619812882 ], [ 124.006824862945251, 10.369201474563821 ] ] ], [ [ [ 123.997874921378511, 10.369500415756137 ], [ 123.998058158613631, 10.369680711786101 ], [ 123.998252336241777, 10.369609657858279 ], [ 123.997965688683891, 10.369319276885252 ], [ 123.997874921378511, 10.369500415756137 ] ] ], [ [ [ 123.955453781101923, 10.370262093754189 ], [ 123.955406389852627, 10.370442111251171 ], [ 123.956358021111427, 10.370485104740952 ], [ 123.955453781101923, 10.370262093754189 ] ] ], [ [ [ 123.998664008335354, 10.37056582019007 ], [ 123.998609291448645, 10.370673743839317 ], [ 123.998793097893227, 10.371034897206854 ], [ 123.99888329687964, 10.370672900232472 ], [ 123.998664008335354, 10.37056582019007 ] ] ], [ [ [ 123.998339260885018, 10.371940592465124 ], [ 123.998339544825569, 10.372031021407885 ], [ 123.998522215917603, 10.372030459109144 ], [ 123.998339260885018, 10.371940592465124 ] ] ], [ [ [ 124.000713983576929, 10.371933274551521 ], [ 124.000602721316881, 10.371964574711052 ], [ 124.000683067813753, 10.372043623974161 ], [ 124.000713983576929, 10.371933274551521 ] ] ], [ [ [ 123.959125577697165, 10.372310363577336 ], [ 123.959045718791984, 10.372389897690244 ], [ 123.959157173382053, 10.37242052550552 ], [ 123.959125577697165, 10.372310363577336 ] ] ], [ [ [ 123.95915771879838, 10.372601385510668 ], [ 123.959249328322713, 10.372691545493867 ], [ 123.959374449247974, 10.372591736998904 ], [ 123.959157173382053, 10.37242052550552 ], [ 123.95915771879838, 10.372601385510668 ] ] ], [ [ [ 124.00884455025286, 10.372450663877133 ], [ 124.008844837223293, 10.372541092524877 ], [ 124.008936172623365, 10.372540808389102 ], [ 124.00884455025286, 10.372450663877133 ] ] ], [ [ [ 123.998188148412339, 10.37283075415432 ], [ 123.998159996666288, 10.373026301994878 ], [ 123.998362545099909, 10.372996442309709 ], [ 123.998188148412339, 10.37283075415432 ] ] ], [ [ [ 124.003642140952081, 10.373642390842928 ], [ 124.003874766181085, 10.373755977349083 ], [ 124.003915862954997, 10.373551113924709 ], [ 124.003732620222479, 10.37337082180189 ], [ 124.003642140952081, 10.373642390842928 ] ] ], [ [ [ 124.001174647595676, 10.373197869303839 ], [ 124.001359028299603, 10.373739878435469 ], [ 124.001815993053853, 10.373828896808222 ], [ 124.002180766737297, 10.373646910307032 ], [ 124.001906188978808, 10.373466899296663 ], [ 124.001388761193766, 10.373438118700813 ], [ 124.001174647595676, 10.373197869303839 ] ] ], [ [ [ 124.00215011887633, 10.37383503274404 ], [ 124.00226348895724, 10.374047766750492 ], [ 124.002364293991036, 10.373917632200865 ], [ 124.00215011887633, 10.37383503274404 ] ] ], [ [ [ 124.002213677802203, 10.374169562560166 ], [ 124.002182762433577, 10.374279912083525 ], [ 124.002294025280449, 10.374248611319311 ], [ 124.002213677802203, 10.374169562560166 ] ] ], [ [ [ 124.003004216480193, 10.374096512940485 ], [ 124.002783595381473, 10.374154870121025 ], [ 124.003094505647681, 10.374312132868758 ], [ 124.003004216480193, 10.374096512940485 ] ] ], [ [ [ 124.005199139939307, 10.374994012723267 ], [ 124.005082302989933, 10.375039589723411 ], [ 124.005199425935672, 10.375084441458533 ], [ 124.005199139939307, 10.374994012723267 ] ] ], [ [ [ 124.000541558830648, 10.375189277522773 ], [ 124.000542412832289, 10.375460564112101 ], [ 124.000817561285203, 10.375821433883145 ], [ 124.001000234436702, 10.375820869970518 ], [ 124.000999664816305, 10.375640012274218 ], [ 124.000816991769653, 10.375640576176718 ], [ 124.000725085789895, 10.375460000375478 ], [ 124.000724231630954, 10.375188713801339 ], [ 124.000541558830648, 10.375189277522773 ] ] ], [ [ [ 123.955699148766001, 10.376680980613031 ], [ 123.954966271314106, 10.375959692049637 ], [ 123.954783595562049, 10.375960229795426 ], [ 123.955023523108721, 10.376356175607011 ], [ 123.955608082504767, 10.376771679799162 ], [ 123.955554580015715, 10.376934025198617 ], [ 123.955737799988285, 10.377114347100353 ], [ 123.955699148766001, 10.376680980613031 ] ] ], [ [ [ 124.012827124142291, 10.378026200902916 ], [ 124.01301008622157, 10.378116058540904 ], [ 124.012972221471713, 10.377953991746267 ], [ 124.012827124142291, 10.378026200902916 ] ] ], [ [ [ 124.005118100317517, 10.378249730102093 ], [ 124.004935425988222, 10.378250296488254 ], [ 124.005027621280234, 10.378521299472295 ], [ 124.005369484939607, 10.378463525994807 ], [ 124.005118100317517, 10.378249730102093 ] ] ], [ [ [ 124.006125099846003, 10.378970042638437 ], [ 124.006490449195311, 10.378968908330672 ], [ 124.006490162717725, 10.378878479653066 ], [ 124.006215864392232, 10.378788901729465 ], [ 124.006125099846003, 10.378970042638437 ] ] ], [ [ [ 123.969718858591804, 10.3791527464134 ], [ 123.96971803083747, 10.3788814573614 ], [ 123.969407827890876, 10.37926278091741 ], [ 123.96959078066061, 10.379352664368829 ], [ 123.969718858591804, 10.3791527464134 ] ] ], [ [ [ 123.952181894400667, 10.379223391540776 ], [ 123.952783918134088, 10.379221623300301 ], [ 123.953276277792312, 10.378658916818688 ], [ 123.953237900712978, 10.378315979918053 ], [ 123.953129119554333, 10.378182048036617 ], [ 123.953002692283619, 10.378803354048999 ], [ 123.952548695136684, 10.379022778460502 ], [ 123.952181025815946, 10.378933427262655 ], [ 123.951450856594121, 10.379116432241686 ], [ 123.951177651729978, 10.379388526595637 ], [ 123.951323307694864, 10.379497204292722 ], [ 123.952181894400667, 10.379223391540776 ] ] ], [ [ [ 123.95802806734757, 10.37936836030274 ], [ 123.957624875131998, 10.379207363611343 ], [ 123.956711159169274, 10.379100955870184 ], [ 123.956159612752046, 10.378261648576176 ], [ 123.956107232340585, 10.378469721111973 ], [ 123.956566374389936, 10.379282244669183 ], [ 123.957991047764239, 10.379477574434373 ], [ 123.95802806734757, 10.37936836030274 ] ] ], [ [ [ 123.950264532253613, 10.379481634597152 ], [ 123.95026141574408, 10.379754636261577 ], [ 123.950447751085093, 10.37966195962689 ], [ 123.950447210289738, 10.379481099239623 ], [ 123.950264532253613, 10.379481634597152 ] ] ], [ [ [ 124.013613598918397, 10.378584992373517 ], [ 124.013614175951474, 10.378765849332691 ], [ 124.013834715392562, 10.378927344622577 ], [ 124.015115457448502, 10.379556341090311 ], [ 124.016540433369656, 10.37984183599333 ], [ 124.016082879066147, 10.379571983009825 ], [ 124.015351832370044, 10.379465171269242 ], [ 124.013613598918397, 10.378584992373517 ] ] ], [ [ [ 123.950962280685815, 10.380945158726053 ], [ 123.950961739525866, 10.380764298380235 ], [ 123.950596922959221, 10.380946230073912 ], [ 123.950688803407189, 10.381126822634116 ], [ 123.950962280685815, 10.380945158726053 ] ] ], [ [ [ 123.96110148852452, 10.381096122858729 ], [ 123.960956102252652, 10.381077879882966 ], [ 123.960956922635745, 10.381349169601362 ], [ 123.96110148852452, 10.381096122858729 ] ] ], [ [ [ 123.971185800046314, 10.380956965037553 ], [ 123.970875320882897, 10.381247860347507 ], [ 123.971643381131827, 10.381245559084306 ], [ 123.971880602701034, 10.381425708833738 ], [ 123.972245958693122, 10.381424613220497 ], [ 123.972008460304735, 10.38115403414972 ], [ 123.971185800046314, 10.380956965037553 ] ] ], [ [ [ 124.021068074111881, 10.384420815446118 ], [ 124.021156213427957, 10.383425816894681 ], [ 124.020973827773176, 10.383516820933334 ], [ 124.020938805728434, 10.384240364595009 ], [ 124.020613125777501, 10.384964824239086 ], [ 124.020705045922099, 10.385145392903562 ], [ 124.021068074111881, 10.384420815446118 ] ] ], [ [ [ 124.020705336663454, 10.385235821146861 ], [ 124.020588498844972, 10.38528140390877 ], [ 124.020705627407452, 10.385326249389662 ], [ 124.020705336663454, 10.385235821146861 ] ] ], [ [ [ 123.998786235910956, 10.386027586355452 ], [ 123.999023249222773, 10.386135958941216 ], [ 123.999022964687569, 10.386045530096133 ], [ 123.998786235910956, 10.386027586355452 ] ] ], [ [ [ 124.020122340399979, 10.385979764874349 ], [ 124.020122049804726, 10.385889336618726 ], [ 124.019756984458226, 10.385980915462776 ], [ 124.020122340399979, 10.385979764874349 ] ] ], [ [ [ 124.019483548304791, 10.386162634677117 ], [ 124.019483838724398, 10.386253062949271 ], [ 124.019575177800661, 10.386252775411361 ], [ 124.019483548304791, 10.386162634677117 ] ] ], [ [ [ 123.96492879504828, 10.386233959430974 ], [ 123.964861224320131, 10.385968207799625 ], [ 123.964039708567469, 10.386151514101757 ], [ 123.963983387616054, 10.386565998569964 ], [ 123.96492879504828, 10.386233959430974 ] ] ], [ [ [ 124.019339029913937, 10.386415703509465 ], [ 124.019429788226461, 10.386234559462226 ], [ 124.019064722210999, 10.386326137574075 ], [ 124.019156641983429, 10.386506706713885 ], [ 124.019339029913937, 10.386415703509465 ] ] ], [ [ [ 124.016926633184724, 10.386351531805033 ], [ 124.016835873334642, 10.386532675283076 ], [ 124.018480559402562, 10.3867083656462 ], [ 124.016926633184724, 10.386351531805033 ] ] ], [ [ [ 123.999337119804139, 10.386930184456839 ], [ 123.999245779959338, 10.386930466253952 ], [ 123.999246064583545, 10.387020895087909 ], [ 123.999337119804139, 10.386930184456839 ] ] ], [ [ [ 123.999337689107747, 10.387111042119205 ], [ 123.999429029002357, 10.387110760291053 ], [ 123.999428744322998, 10.387020331462647 ], [ 123.999337689107747, 10.387111042119205 ] ] ], [ [ [ 123.999429313684388, 10.387201189118903 ], [ 123.999431021831768, 10.387743762075409 ], [ 123.999522361907538, 10.38774348020357 ], [ 123.999429313684388, 10.387201189118903 ] ] ], [ [ [ 123.957596153764385, 10.387591534636938 ], [ 123.957648860474805, 10.387165202147273 ], [ 123.957412130369889, 10.38714722774465 ], [ 123.957468086760329, 10.387798751746486 ], [ 123.95819908946649, 10.387887021520823 ], [ 123.958198543772326, 10.38770616163543 ], [ 123.957596153764385, 10.387591534636938 ] ] ], [ [ [ 123.999339966427598, 10.387834472748064 ], [ 123.999340251104442, 10.387924901574353 ], [ 123.99943159123535, 10.387924619723465 ], [ 123.999339966427598, 10.387834472748064 ] ] ], [ [ [ 123.965416139892611, 10.388227319349257 ], [ 123.965268607927015, 10.387504314367725 ], [ 123.965541474200322, 10.387123105120352 ], [ 123.965634581372555, 10.386651301552787 ], [ 123.964987401849015, 10.386454805561387 ], [ 123.965260606264593, 10.386936199544175 ], [ 123.964902637852674, 10.387305869398658 ], [ 123.964812670657523, 10.387758290245607 ], [ 123.965178366380442, 10.387866305513475 ], [ 123.965088617590681, 10.388390482412358 ], [ 123.965416139892611, 10.388227319349257 ] ] ], [ [ [ 123.9669660974007, 10.38872222120502 ], [ 123.966916818140632, 10.388837183713253 ], [ 123.967126762480163, 10.388799907919109 ], [ 123.9669660974007, 10.38872222120502 ] ] ], [ [ [ 123.965982329161719, 10.38889178284192 ], [ 123.966454685552193, 10.38877026516826 ], [ 123.966330376894263, 10.388495885313811 ], [ 123.966084030472317, 10.388488403038487 ], [ 123.965856640188576, 10.388805587993916 ], [ 123.965546183968186, 10.388716082897009 ], [ 123.965272674518218, 10.388842086905473 ], [ 123.9652732243418, 10.389022946401065 ], [ 123.965784254998468, 10.389130527735452 ], [ 123.965982329161719, 10.38889178284192 ] ] ], [ [ [ 123.957053034261136, 10.389228196406394 ], [ 123.956779554204417, 10.389409865740989 ], [ 123.956813052442399, 10.3897549867301 ], [ 123.957053034261136, 10.389228196406394 ] ] ], [ [ [ 123.964879007019789, 10.389818170134523 ], [ 123.964799145678882, 10.389897711381638 ], [ 123.964910606990742, 10.389928332420077 ], [ 123.964879007019789, 10.389818170134523 ] ] ], [ [ [ 123.964961764088059, 10.390045711066467 ], [ 123.965118298588777, 10.389963932265081 ], [ 123.964910606990742, 10.389928332420077 ], [ 123.964961764088059, 10.390045711066467 ] ] ], [ [ [ 123.998889811080375, 10.389915744765732 ], [ 123.99889009568659, 10.390006173592868 ], [ 123.998981436434505, 10.390005891813784 ], [ 123.998889811080375, 10.389915744765732 ] ] ], [ [ [ 123.965276798443483, 10.390198533072443 ], [ 123.965165525208363, 10.390229817691431 ], [ 123.965245868742684, 10.39030888164389 ], [ 123.965276798443483, 10.390198533072443 ] ] ], [ [ [ 123.958426434590777, 10.390309305050653 ], [ 123.958516957526015, 10.390037745019882 ], [ 123.958152135841615, 10.390219685768464 ], [ 123.958152681645274, 10.390400545628179 ], [ 123.958426434590777, 10.390309305050653 ] ] ], [ [ [ 123.999073915841095, 10.390367325291892 ], [ 123.999074200512979, 10.39045775411139 ], [ 123.999165541386887, 10.390457472267707 ], [ 123.999073915841095, 10.390367325291892 ] ] ], [ [ [ 123.96284911031124, 10.391035301151051 ], [ 123.962829955747608, 10.391075363237096 ], [ 123.962849231645336, 10.39107530593588 ], [ 123.96284911031124, 10.391035301151051 ] ] ], [ [ [ 123.957606266248575, 10.390944745890817 ], [ 123.95751546957149, 10.391125875801229 ], [ 123.95769815398117, 10.391125335715621 ], [ 123.957606266248575, 10.390944745890817 ] ] ], [ [ [ 123.963591780912068, 10.39080208981683 ], [ 123.963726459292857, 10.391017024772575 ], [ 123.964410897720541, 10.390808736940006 ], [ 123.964731496049126, 10.391104463345116 ], [ 123.96518820605236, 10.391103102666674 ], [ 123.965461681977928, 10.3909214264854 ], [ 123.964912256045267, 10.390470910922373 ], [ 123.964181246780299, 10.390382657166644 ], [ 123.963906672219977, 10.39020261318182 ], [ 123.963815879511117, 10.390383744539413 ], [ 123.964298920560253, 10.39060838332516 ], [ 123.963816703119804, 10.390655033873026 ], [ 123.963541854032542, 10.390384559796031 ], [ 123.963085419174362, 10.390476347835008 ], [ 123.962994625906475, 10.390657479006766 ], [ 123.962537916254504, 10.390658836504482 ], [ 123.962420517791301, 10.390523539404086 ], [ 123.962537367914791, 10.390477976881041 ], [ 123.962495224808563, 10.390247841797109 ], [ 123.962254213843067, 10.390145211699098 ], [ 123.962663944812789, 10.389738646069279 ], [ 123.962242167971866, 10.38955903793831 ], [ 123.962624597179669, 10.38912125823374 ], [ 123.962441422599369, 10.388959615132812 ], [ 123.962439229893263, 10.388236176530194 ], [ 123.963040720560045, 10.388053527890971 ], [ 123.963076916324084, 10.387673023862442 ], [ 123.962985026833138, 10.387492435726646 ], [ 123.962216457961333, 10.387332531735597 ], [ 123.961978256897993, 10.386828965804497 ], [ 123.96234213412724, 10.38633742132132 ], [ 123.96279828927635, 10.386155205007627 ], [ 123.963217917425084, 10.386244388567313 ], [ 123.963256581298239, 10.386677752864117 ], [ 123.963401970225803, 10.386695994547217 ], [ 123.963399227223533, 10.385791696418602 ], [ 123.962887928428145, 10.385593680872249 ], [ 123.96202966722845, 10.385976626490084 ], [ 123.961908371505132, 10.386217899511832 ], [ 123.961611078225417, 10.38623048699289 ], [ 123.961392746570411, 10.386792392819514 ], [ 123.961889482393616, 10.387676551298105 ], [ 123.962801978375083, 10.387782945555717 ], [ 123.962073260414357, 10.388037728258686 ], [ 123.961982741060211, 10.388309288999412 ], [ 123.962168985826025, 10.389484334319107 ], [ 123.961804989061932, 10.389937568487163 ], [ 123.961899344612391, 10.390932025391855 ], [ 123.962702626403726, 10.391075741718231 ], [ 123.962421584571956, 10.390971064079253 ], [ 123.962915237924108, 10.390896994078135 ], [ 123.962851604949719, 10.39103008357271 ], [ 123.963087613854753, 10.391199786199556 ], [ 123.963591780912068, 10.39080208981683 ] ] ], [ [ [ 123.971764823023761, 10.391083436829783 ], [ 123.971582969764299, 10.391355273619942 ], [ 123.972588284613209, 10.391533116814379 ], [ 123.972587730445198, 10.391352257739682 ], [ 123.971764823023761, 10.391083436829783 ] ] ], [ [ [ 123.999076762678826, 10.391271613463866 ], [ 123.999077616781562, 10.391542899905463 ], [ 123.999168957970596, 10.391542618031428 ], [ 123.999076762678826, 10.391271613463866 ] ] ], [ [ [ 123.952036288447388, 10.391594180440817 ], [ 123.952619720247782, 10.391376844898957 ], [ 123.952070174272222, 10.390881090733004 ], [ 123.951945402344975, 10.391322724383595 ], [ 123.951670105261329, 10.391323963823554 ], [ 123.951306632338742, 10.391958047771372 ], [ 123.951712370508901, 10.39214817459988 ], [ 123.952036288447388, 10.391594180440817 ] ] ], [ [ [ 123.952403014831702, 10.392045256725446 ], [ 123.952768385255965, 10.392044182177576 ], [ 123.953349125734661, 10.391728073841429 ], [ 123.95386531144527, 10.392312246136965 ], [ 123.954402536041655, 10.39173433263783 ], [ 123.954869536420205, 10.392128425461026 ], [ 123.955782145191009, 10.391854441316873 ], [ 123.955781328416393, 10.391583151362267 ], [ 123.955457547063901, 10.391713107387103 ], [ 123.955011644271295, 10.391590013827598 ], [ 123.955239179936115, 10.391424167570221 ], [ 123.955554438428521, 10.391548540419967 ], [ 123.955780783912616, 10.391402291389984 ], [ 123.955824856217461, 10.391008127276271 ], [ 123.956599867627034, 10.390405134921469 ], [ 123.95669011973159, 10.390043145294507 ], [ 123.955779422697191, 10.390950141450281 ], [ 123.954866000543092, 10.390952835330269 ], [ 123.954216173635032, 10.39069391467695 ], [ 123.954227148471006, 10.391135579558933 ], [ 123.953897395297744, 10.391701412354184 ], [ 123.953902855118116, 10.391553930426628 ], [ 123.953579358662253, 10.391554882945943 ], [ 123.953441258699613, 10.391193566082716 ], [ 123.953212902851689, 10.391194238147962 ], [ 123.952940640138891, 10.391782839810423 ], [ 123.952219787123994, 10.391864933687948 ], [ 123.951847777097512, 10.392192992149427 ], [ 123.95222114334409, 10.392317084072607 ], [ 123.952403014831702, 10.392045256725446 ] ] ], [ [ [ 123.951300810205026, 10.393234554343961 ], [ 123.951300862985121, 10.393252165861075 ], [ 123.951364176674232, 10.393234368211363 ], [ 123.951300810205026, 10.393234554343961 ] ] ], [ [ [ 123.954051801844514, 10.393577728402267 ], [ 123.95414314485555, 10.393577459295251 ], [ 123.954142873019734, 10.393487029277157 ], [ 123.954051801844514, 10.393577728402267 ] ] ], [ [ [ 123.966291742797949, 10.393541436332224 ], [ 123.966292293464321, 10.393722295720737 ], [ 123.966474978909943, 10.393721750501621 ], [ 123.966474428138454, 10.393540891122885 ], [ 123.966291742797949, 10.393541436332224 ] ] ], [ [ [ 123.973769370353551, 10.393123887955021 ], [ 123.973689658546704, 10.393247983662242 ], [ 123.974056415882998, 10.393699032175682 ], [ 123.974421785893412, 10.393697932791746 ], [ 123.974238268041972, 10.393427194092823 ], [ 123.974055583189255, 10.393427743718 ], [ 123.974055028072868, 10.393246884743652 ], [ 123.973769370353551, 10.393123887955021 ] ] ], [ [ [ 123.950709679849368, 10.394104069926835 ], [ 123.950709789263954, 10.39414059883503 ], [ 123.950719548699951, 10.394140570184053 ], [ 123.950709679849368, 10.394104069926835 ] ] ], [ [ [ 123.966293670174849, 10.394174444183019 ], [ 123.965927748245974, 10.393994674955144 ], [ 123.965928573972363, 10.394265964058759 ], [ 123.966386114549664, 10.394535890325043 ], [ 123.966293670174849, 10.394174444183019 ] ] ], [ [ [ 123.966933621179024, 10.394353394722508 ], [ 123.967391162621922, 10.394623319463971 ], [ 123.96729899272411, 10.394352303383616 ], [ 123.96702441294677, 10.394172262584618 ], [ 123.966933621179024, 10.394353394722508 ] ] ], [ [ [ 123.952076004969868, 10.392825337499746 ], [ 123.951483089580663, 10.393098372552826 ], [ 123.951370834358642, 10.393334148503564 ], [ 123.951118937112611, 10.393506381192045 ], [ 123.951028813292481, 10.393913584883071 ], [ 123.950754919145595, 10.393959604544071 ], [ 123.950666013653134, 10.394773743643309 ], [ 123.950943868314539, 10.39459206603034 ], [ 123.951129908063351, 10.393948046481411 ], [ 123.951590345262034, 10.39322415200218 ], [ 123.952222770891169, 10.392859664517299 ], [ 123.952313571164098, 10.392678535808303 ], [ 123.952312486037741, 10.392316815519427 ], [ 123.95222114334409, 10.392317084072607 ], [ 123.952076004969868, 10.392825337499746 ] ] ], [ [ [ 123.965655921149008, 10.39471892995674 ], [ 123.965687522035623, 10.394829092063956 ], [ 123.965767384269753, 10.394749550527015 ], [ 123.965655921149008, 10.39471892995674 ] ] ], [ [ [ 123.998995101893357, 10.394346474790948 ], [ 123.998996525727947, 10.394798618783049 ], [ 123.999087867865157, 10.39479833684404 ], [ 123.998995101893357, 10.394346474790948 ] ] ], [ [ [ 123.973143545293837, 10.393882637833661 ], [ 123.973327339934983, 10.394243806715053 ], [ 123.973601922891334, 10.394423841783592 ], [ 123.973694653072599, 10.394875714534894 ], [ 123.974060857307293, 10.395145903871976 ], [ 123.97378405333238, 10.394242433386434 ], [ 123.973234333209291, 10.393701504268225 ], [ 123.973143545293837, 10.393882637833661 ] ] ], [ [ [ 123.995650336552885, 10.3948259069426 ], [ 123.995618283840585, 10.39526117668958 ], [ 123.995800968569839, 10.395260614684867 ], [ 123.995799833121978, 10.394898899149268 ], [ 123.995650336552885, 10.3948259069426 ] ] ], [ [ [ 123.96638749150631, 10.394988038752023 ], [ 123.966205356015493, 10.395169443364557 ], [ 123.966206182077755, 10.395440732426152 ], [ 123.966479660878974, 10.395259055137934 ], [ 123.966660969818619, 10.394806361349046 ], [ 123.966660694348462, 10.394715931670989 ], [ 123.966569351343068, 10.394716204372463 ], [ 123.966569075901774, 10.394625774691445 ], [ 123.96647773292014, 10.394626047364468 ], [ 123.966477457507636, 10.394535617680491 ], [ 123.966386114549664, 10.394535890325043 ], [ 123.96638749150631, 10.394988038752023 ] ] ], [ [ [ 123.966114838849435, 10.395441005017137 ], [ 123.966115114182372, 10.395531434705754 ], [ 123.966206457436954, 10.395531162112324 ], [ 123.966114838849435, 10.395441005017137 ] ] ], [ [ [ 123.973512799692699, 10.395147552404234 ], [ 123.973146041196088, 10.39469650339141 ], [ 123.972598815756342, 10.394969438843633 ], [ 123.973055807623993, 10.395058495961607 ], [ 123.973057303865232, 10.395546386974713 ], [ 123.973512799692699, 10.395147552404234 ] ] ], [ [ [ 123.965932427665592, 10.395531979814592 ], [ 123.96593297823398, 10.395712839200074 ], [ 123.966024321546186, 10.395712566653772 ], [ 123.965932427665592, 10.395531979814592 ] ] ], [ [ [ 123.96477990912625, 10.394079067273173 ], [ 123.964922152297291, 10.393726381548435 ], [ 123.964829709891006, 10.393364934793537 ], [ 123.96455513224852, 10.393184891664237 ], [ 123.964764974869738, 10.393681634608122 ], [ 123.964648948595354, 10.393998487222671 ], [ 123.964283851941715, 10.394090005251408 ], [ 123.964284401482828, 10.394270864741202 ], [ 123.96401064734998, 10.394362110453828 ], [ 123.96391996229157, 10.394578985493588 ], [ 123.963736618419844, 10.394362926188297 ], [ 123.963735519967983, 10.394001207150195 ], [ 123.964009273897489, 10.3939099616915 ], [ 123.964190860649211, 10.393547698763257 ], [ 123.963603975613893, 10.393787013666611 ], [ 123.96323157430713, 10.393705528669726 ], [ 123.96300340492607, 10.393551232313106 ], [ 123.963002033032737, 10.393099083393613 ], [ 123.963092278090585, 10.392737092615207 ], [ 123.963547892627787, 10.392374014962757 ], [ 123.96363497592543, 10.392068994170218 ], [ 123.964094848380299, 10.392010664849478 ], [ 123.964276159434391, 10.391557972178846 ], [ 123.963923011731396, 10.391672966832434 ], [ 123.963362737796814, 10.391560690407816 ], [ 123.963363561110725, 10.391831979757985 ], [ 123.962633645693799, 10.392105441931667 ], [ 123.962398278908168, 10.392975689236222 ], [ 123.962180392138592, 10.393247628550434 ], [ 123.962180940423721, 10.393428488161991 ], [ 123.962353978543646, 10.393427973970274 ], [ 123.962545045595647, 10.393010011422541 ], [ 123.962681708239643, 10.392893785127402 ], [ 123.962819073442873, 10.393009196811924 ], [ 123.962820993725842, 10.393642205333316 ], [ 123.96293811926455, 10.393687072358047 ], [ 123.962729925238776, 10.393732906702397 ], [ 123.96272827941668, 10.393190327959793 ], [ 123.962545594077625, 10.393190871017257 ], [ 123.962639679573414, 10.394094897419974 ], [ 123.96355365788942, 10.394273040117618 ], [ 123.963373717197072, 10.395177881363637 ], [ 123.963741012634117, 10.395809802258672 ], [ 123.96422367700437, 10.395742518141395 ], [ 123.963702436173719, 10.394996041951266 ], [ 123.96477990912625, 10.394079067273173 ] ] ], [ [ [ 123.961972395661292, 10.395922470638514 ], [ 123.961823348874532, 10.395996366266356 ], [ 123.961823897103741, 10.396177225866174 ], [ 123.962006858388293, 10.396267112858411 ], [ 123.961972395661292, 10.395922470638514 ] ] ], [ [ [ 123.965751943052922, 10.396255962388087 ], [ 123.965751392559056, 10.396075102999001 ], [ 123.965568980899704, 10.396166077628745 ], [ 123.965660874799923, 10.396346664567218 ], [ 123.965751943052922, 10.396255962388087 ] ] ], [ [ [ 123.973404134959068, 10.39584393435914 ], [ 123.973150478869229, 10.396143375391476 ], [ 123.973699370889236, 10.396413015761954 ], [ 123.973923988770466, 10.396345323129653 ], [ 123.973404134959068, 10.39584393435914 ] ] ], [ [ [ 123.964656645968802, 10.3965305196341 ], [ 123.964539794053394, 10.396576083087117 ], [ 123.964656920911906, 10.396620949355643 ], [ 123.964656645968802, 10.3965305196341 ] ] ], [ [ [ 123.964657195857555, 10.39671137907667 ], [ 123.964748539494479, 10.396711106867663 ], [ 123.964748264522527, 10.396620677149075 ], [ 123.964656920911906, 10.396620949355643 ], [ 123.964657195857555, 10.39671137907667 ] ] ], [ [ [ 123.984569486727423, 10.396470563873114 ], [ 123.984568925393262, 10.396289705503456 ], [ 123.984223343545509, 10.3966161369239 ], [ 123.984569486727423, 10.396470563873114 ] ] ], [ [ [ 123.964748814468933, 10.396801536585754 ], [ 123.964840158129576, 10.396801264348294 ], [ 123.964839883128789, 10.396710834632664 ], [ 123.964748814468933, 10.396801536585754 ] ] ], [ [ [ 123.962007680916443, 10.39653840223813 ], [ 123.962282808938099, 10.396899306947388 ], [ 123.96228171188308, 10.396537587810808 ], [ 123.962007680916443, 10.39653840223813 ] ] ], [ [ [ 123.967855049243681, 10.3969731251875 ], [ 123.96803608097936, 10.396430001125971 ], [ 123.967762050572929, 10.396430820462268 ], [ 123.967671534529543, 10.396702382444991 ], [ 123.967397503855977, 10.396703201491169 ], [ 123.967078705707848, 10.397000834900117 ], [ 123.966849993600064, 10.396885698204448 ], [ 123.967033783415218, 10.397246871122796 ], [ 123.967855049243681, 10.3969731251875 ] ] ], [ [ [ 123.965846039412952, 10.39715998676942 ], [ 123.965734763851557, 10.397191271789392 ], [ 123.965815109456457, 10.397270335392601 ], [ 123.965846039412952, 10.39715998676942 ] ] ], [ [ [ 123.966459386472138, 10.397022510372519 ], [ 123.966667306335836, 10.39688624380279 ], [ 123.966457733674147, 10.396479932338419 ], [ 123.966573483268931, 10.396072649526165 ], [ 123.967029097812258, 10.395709566927836 ], [ 123.967301473610405, 10.395166170332057 ], [ 123.96702827101771, 10.395438277936872 ], [ 123.96666317367152, 10.395529798755057 ], [ 123.966026248799707, 10.39634557446969 ], [ 123.966026799466547, 10.396526433841055 ], [ 123.966418783489345, 10.396841770605445 ], [ 123.966211170779474, 10.397078923511911 ], [ 123.96630330893359, 10.397339483059806 ], [ 123.966668408476608, 10.397247962462696 ], [ 123.967034334711144, 10.397427730430083 ], [ 123.967033783415218, 10.397246871122796 ], [ 123.966459386472138, 10.397022510372519 ] ] ], [ [ [ 123.96593793380822, 10.397340573577029 ], [ 123.965826658196619, 10.397371858633504 ], [ 123.965907003872914, 10.397450922206568 ], [ 123.96593793380822, 10.397340573577029 ] ] ], [ [ [ 123.968404491155596, 10.397423634125044 ], [ 123.968404767201463, 10.397514063741211 ], [ 123.968496110970293, 10.39751379044365 ], [ 123.968404491155596, 10.397423634125044 ] ] ], [ [ [ 123.973884555937616, 10.397226331433357 ], [ 123.973827929694593, 10.397010614903206 ], [ 123.973335939754648, 10.397047121022737 ], [ 123.972971397788982, 10.397319508007534 ], [ 123.972971952505986, 10.397500366994796 ], [ 123.97342867068393, 10.397498993743159 ], [ 123.973884555937616, 10.397226331433357 ] ] ], [ [ [ 123.958315969239692, 10.397790996077736 ], [ 123.958266685575779, 10.397905957604614 ], [ 123.95847663741911, 10.397868686858596 ], [ 123.958315969239692, 10.397790996077736 ] ] ], [ [ [ 123.969957887418602, 10.397599843718503 ], [ 123.969866543664423, 10.397600117434749 ], [ 123.969776305703931, 10.397962109435369 ], [ 123.969958716919578, 10.397871132437322 ], [ 123.969957887418602, 10.397599843718503 ] ] ], [ [ [ 123.983565834839425, 10.396835335620933 ], [ 123.983957683282071, 10.396698499503051 ], [ 123.983564993677916, 10.396564047989692 ], [ 123.983018336313094, 10.397017859114042 ], [ 123.98274682816421, 10.39783255435847 ], [ 123.983204106120908, 10.398012025566278 ], [ 123.982983637705416, 10.397470114873119 ], [ 123.983565834839425, 10.396835335620933 ] ] ], [ [ [ 123.9722431434068, 10.398135569421756 ], [ 123.972152353849253, 10.39831670282546 ], [ 123.972700971828544, 10.398495915108105 ], [ 123.972700417212678, 10.398315056117371 ], [ 123.9722431434068, 10.398135569421756 ] ] ], [ [ [ 123.997820248700805, 10.398148995977197 ], [ 123.998093632914035, 10.398147302819787 ], [ 123.9976366327205, 10.398058282475123 ], [ 123.99769833267618, 10.398389432277586 ], [ 123.997820248700805, 10.398148995977197 ] ] ], [ [ [ 123.999192599736318, 10.399048207539378 ], [ 123.999192314787649, 10.398957778771193 ], [ 123.999009628098577, 10.398958342907742 ], [ 123.999192599736318, 10.399048207539378 ] ] ], [ [ [ 123.959092610416022, 10.399169540916711 ], [ 123.95890992140589, 10.399170082214113 ], [ 123.958910194767029, 10.399260512074044 ], [ 123.959092610416022, 10.399169540916711 ] ] ], [ [ [ 123.996725190894693, 10.398694099321624 ], [ 123.996782358119987, 10.398460552294203 ], [ 123.996450592583543, 10.398514085664848 ], [ 123.995904236775232, 10.399058346165523 ], [ 123.996178551236227, 10.399147931418847 ], [ 123.996725190894693, 10.398694099321624 ] ] ], [ [ [ 123.998644539479812, 10.39904989965201 ], [ 123.998644824273399, 10.399140328434839 ], [ 123.999010197893426, 10.399139200453725 ], [ 123.998644539479812, 10.39904989965201 ] ] ], [ [ [ 123.9563718484915, 10.399027683243906 ], [ 123.956022320504388, 10.398979501711533 ], [ 123.955977688585165, 10.399324859062366 ], [ 123.956616937948738, 10.399268920510343 ], [ 123.957173724713087, 10.398959601421474 ], [ 123.957355699877397, 10.398722529526372 ], [ 123.957354062520125, 10.398179950093319 ], [ 123.95725269298859, 10.39805506073918 ], [ 123.957161758001945, 10.398190975716531 ], [ 123.956385467920583, 10.398238485586226 ], [ 123.956431821633586, 10.39846442546976 ], [ 123.956168767337445, 10.398906899384809 ], [ 123.9563718484915, 10.399027683243906 ] ], [ [ 123.95657837764827, 10.398428145979075 ], [ 123.956837967965015, 10.398629743978109 ], [ 123.956692528686148, 10.398943104809828 ], [ 123.95640587779269, 10.398634906661293 ], [ 123.95657837764827, 10.398428145979075 ] ] ], [ [ [ 123.954891305037478, 10.39936282435762 ], [ 123.955255866772873, 10.399090456348459 ], [ 123.955199625393689, 10.398784571592305 ], [ 123.954889839403961, 10.398875916385816 ], [ 123.954616998883935, 10.399273202715332 ], [ 123.95461771067778, 10.399509734495171 ], [ 123.9548822130958, 10.399547441380379 ], [ 123.954891305037478, 10.39936282435762 ] ] ], [ [ [ 123.959185595595287, 10.399711849337256 ], [ 123.959368284905608, 10.399711307854632 ], [ 123.959367190899854, 10.399349588470596 ], [ 123.959092883829726, 10.399259970771809 ], [ 123.959185595595287, 10.399711849337256 ] ] ], [ [ [ 123.997001211110842, 10.399326256853302 ], [ 123.996727180568314, 10.399327101176105 ], [ 123.996470567119729, 10.399567046871546 ], [ 123.996819376920698, 10.399598106255011 ], [ 123.997001211110842, 10.399326256853302 ] ] ], [ [ [ 123.958598737984516, 10.399592778321439 ], [ 123.958424069899309, 10.399686883411999 ], [ 123.958488897133975, 10.400058856940673 ], [ 123.958638074201019, 10.399894332888437 ], [ 123.958598737984516, 10.399592778321439 ] ] ], [ [ [ 123.958090825244867, 10.40016724543562 ], [ 123.958089732660511, 10.399805525925995 ], [ 123.957905677815901, 10.399353917262102 ], [ 123.957631371044855, 10.399264298275577 ], [ 123.95772544594675, 10.400168326888114 ], [ 123.957908681803161, 10.400348645975345 ], [ 123.958090825244867, 10.40016724543562 ] ] ], [ [ [ 123.961379237105845, 10.40015749362758 ], [ 123.961378414825035, 10.399886204258339 ], [ 123.961196273600592, 10.400067606485337 ], [ 123.961197095738939, 10.400338895866074 ], [ 123.961379237105845, 10.40015749362758 ] ] ], [ [ [ 123.986499221945238, 10.400172317019978 ], [ 123.986499503274715, 10.400262746130618 ], [ 123.986590847347443, 10.400262467604849 ], [ 123.986499221945238, 10.400172317019978 ] ] ], [ [ [ 123.966497293726505, 10.401046553615048 ], [ 123.966497018132941, 10.400956123967514 ], [ 123.966223259168942, 10.401047371998761 ], [ 123.966166382638519, 10.401392285945738 ], [ 123.966497293726505, 10.401046553615048 ] ] ], [ [ [ 123.970335435358848, 10.401577648907644 ], [ 123.971004715956013, 10.401628362654138 ], [ 123.970517848386351, 10.401486671436272 ], [ 123.970333775119329, 10.401035071650574 ], [ 123.970335435358848, 10.401577648907644 ] ] ], [ [ [ 123.971706162779242, 10.401754395867714 ], [ 123.97170588566685, 10.401663966364026 ], [ 123.971357038950515, 10.401696684348817 ], [ 123.971523750010121, 10.401845373997002 ], [ 123.971706162779242, 10.401754395867714 ] ] ], [ [ [ 123.966226014456424, 10.401951668519239 ], [ 123.966226841092379, 10.402222957465369 ], [ 123.966409531483507, 10.402222411838691 ], [ 123.966408704689812, 10.401951122907207 ], [ 123.966226014456424, 10.401951668519239 ] ] ], [ [ [ 123.965854072038539, 10.402203604383722 ], [ 123.965587700009578, 10.402315296003687 ], [ 123.965588250750031, 10.402496155331709 ], [ 123.966082045915357, 10.402415576674311 ], [ 123.965854072038539, 10.402203604383722 ] ] ], [ [ [ 123.996097719738415, 10.402494079864471 ], [ 123.996188211657611, 10.40222251204607 ], [ 123.996005522902294, 10.402223074646896 ], [ 123.996097719738415, 10.402494079864471 ] ] ], [ [ [ 123.995915030820115, 10.402494642428351 ], [ 123.995915314925142, 10.40258507126736 ], [ 123.996006659411933, 10.40258478999591 ], [ 123.995915030820115, 10.402494642428351 ] ] ], [ [ [ 123.983370037146301, 10.399065729225963 ], [ 123.984029845060903, 10.399185106321587 ], [ 123.984396062452475, 10.399455282511466 ], [ 123.984672059668398, 10.400087452860285 ], [ 123.984677114487639, 10.401715177680055 ], [ 123.985318212481459, 10.402255805615299 ], [ 123.985320460935057, 10.402979238650898 ], [ 123.985503150722877, 10.402978682100295 ], [ 123.985591684283207, 10.402074112561106 ], [ 123.985134118167821, 10.401804216333044 ], [ 123.985221247913842, 10.400447501048918 ], [ 123.985014000223472, 10.400188598399705 ], [ 123.9851276562989, 10.39972434599882 ], [ 123.984943844930328, 10.399363185534231 ], [ 123.984302473224304, 10.398732126975233 ], [ 123.983571162737988, 10.398553490511377 ], [ 123.98320494709165, 10.398283313202709 ], [ 123.982382854681831, 10.39828580984063 ], [ 123.982383414868963, 10.398466668307098 ], [ 123.982840133163108, 10.398465281521325 ], [ 123.982931085788721, 10.398338831483153 ], [ 123.9831141641085, 10.398464449137684 ], [ 123.983289339091726, 10.399152599204655 ], [ 123.982477559886831, 10.399370683278669 ], [ 123.982295992434445, 10.399732954828789 ], [ 123.983392120677905, 10.399729625344747 ], [ 123.98330021588653, 10.399549044542491 ], [ 123.982996415193, 10.399504752577618 ], [ 123.983482342910762, 10.399367630931717 ], [ 123.983370037146301, 10.399065729225963 ] ] ], [ [ [ 123.972770521784909, 10.402928502502133 ], [ 123.972931285584124, 10.403235351805778 ], [ 123.972988876309358, 10.403016565120041 ], [ 123.972770521784909, 10.402928502502133 ] ] ], [ [ [ 123.963854888756075, 10.403224767932912 ], [ 123.963855163650962, 10.403315197638427 ], [ 123.964037854805497, 10.403314653306625 ], [ 123.963854888756075, 10.403224767932912 ] ] ], [ [ [ 123.983988578389003, 10.402222232524904 ], [ 123.983907619576357, 10.402056951647078 ], [ 123.98431229776854, 10.401897147923648 ], [ 123.983855294074004, 10.401808108090069 ], [ 123.98385417164404, 10.401446391390252 ], [ 123.984127924425977, 10.401355128732821 ], [ 123.984217304011437, 10.400721846675376 ], [ 123.983759460426413, 10.400361518989122 ], [ 123.983485427879756, 10.40036235207589 ], [ 123.982802667339541, 10.401113256497284 ], [ 123.98266529176928, 10.400997854419847 ], [ 123.982663890563728, 10.400545708358985 ], [ 123.983301617869358, 10.400001190544577 ], [ 123.982479520988775, 10.400003687841819 ], [ 123.982115824944799, 10.400547372454618 ], [ 123.982209130007064, 10.401180099738999 ], [ 123.983123135240959, 10.401358183685423 ], [ 123.983304422029633, 10.400905482510176 ], [ 123.983577783182142, 10.400688047787902 ], [ 123.983670921562293, 10.401266088556298 ], [ 123.983398290580027, 10.40171906758046 ], [ 123.983399412515396, 10.402080784323907 ], [ 123.98394832254958, 10.402350405295964 ], [ 123.984132696336829, 10.40289242453207 ], [ 123.984499199264377, 10.403253029287391 ], [ 123.985139176241972, 10.403431940752871 ], [ 123.98513861419211, 10.403251082492238 ], [ 123.984681046595824, 10.402981185758144 ], [ 123.984313420776218, 10.402258864563398 ], [ 123.983988578389003, 10.402222232524904 ] ] ], [ [ [ 123.965225897648097, 10.403491971948242 ], [ 123.966412563256853, 10.403217137881169 ], [ 123.967232189798978, 10.402400814471333 ], [ 123.967190469913774, 10.40211026359092 ], [ 123.967048396205612, 10.402039642072562 ], [ 123.966684945485923, 10.402673741375603 ], [ 123.966138251249106, 10.403127526717817 ], [ 123.965681523899406, 10.403128890321094 ], [ 123.965408313484531, 10.403400997162771 ], [ 123.965134276784582, 10.403401814800096 ], [ 123.965135377872059, 10.403763533478331 ], [ 123.965225897648097, 10.403491971948242 ] ] ], [ [ [ 123.963398435720066, 10.40331655801244 ], [ 123.963672472486223, 10.403315741866125 ], [ 123.963671922804238, 10.403134882444839 ], [ 123.9633065406546, 10.403135970568348 ], [ 123.96303332799036, 10.40340807557001 ], [ 123.963034976008274, 10.403950653920846 ], [ 123.963398435720066, 10.40331655801244 ] ] ], [ [ [ 123.964952411292529, 10.403673648785595 ], [ 123.964770545497728, 10.403945482691633 ], [ 123.964953236969535, 10.40394493780504 ], [ 123.964952411292529, 10.403673648785595 ] ] ], [ [ [ 123.985049236246113, 10.40388436460465 ], [ 123.985048955233196, 10.403793935474651 ], [ 123.98495761009093, 10.40379421365526 ], [ 123.985049236246113, 10.40388436460465 ] ] ], [ [ [ 123.984866545906485, 10.403884920944799 ], [ 123.984866826869407, 10.403975350079266 ], [ 123.984958172066825, 10.4039750719197 ], [ 123.984866545906485, 10.403884920944799 ] ] ], [ [ [ 123.967420950569547, 10.404389719670586 ], [ 123.967309672719949, 10.404421005440181 ], [ 123.967390020701785, 10.404500068411393 ], [ 123.967420950569547, 10.404389719670586 ] ] ], [ [ [ 123.962123164545375, 10.404495950324327 ], [ 123.962123438976235, 10.404586380068928 ], [ 123.962214784971195, 10.404586108376538 ], [ 123.962123164545375, 10.404495950324327 ] ] ], [ [ [ 123.963127420628453, 10.404312100865713 ], [ 123.96367687030849, 10.404762617162469 ], [ 123.963676320545105, 10.404581757757605 ], [ 123.963310112402183, 10.404311556896765 ], [ 123.963217942307892, 10.404040539741926 ], [ 123.963127420628453, 10.404312100865713 ] ] ], [ [ [ 123.964681401044245, 10.404669192517071 ], [ 123.964955438886804, 10.404668375167667 ], [ 123.964772196604883, 10.404488060745951 ], [ 123.964498434019376, 10.404579307605765 ], [ 123.964498984256124, 10.404760166966723 ], [ 123.964681401044245, 10.404669192517071 ] ] ], [ [ [ 123.964407638272107, 10.404760439314824 ], [ 123.964407913368021, 10.404850868996988 ], [ 123.9644992593783, 10.404850596646428 ], [ 123.964407638272107, 10.404760439314824 ] ] ], [ [ [ 123.973084940172683, 10.404553591106144 ], [ 123.972987347408122, 10.403906312410676 ], [ 123.972717892544281, 10.404012113339196 ], [ 123.972718724957033, 10.404283401727493 ], [ 123.972354174572217, 10.404555788699652 ], [ 123.972263660925151, 10.404827351697646 ], [ 123.972265325123516, 10.405369928515695 ], [ 123.972448571876058, 10.405550238206683 ], [ 123.972631263864969, 10.405549688858308 ], [ 123.97262904407178, 10.404826253183755 ], [ 123.973084940172683, 10.404553591106144 ] ] ], [ [ [ 123.96751698836762, 10.405926749622274 ], [ 123.967517540416523, 10.406107608806533 ], [ 123.967608886708263, 10.40610733553658 ], [ 123.96751698836762, 10.405926749622274 ] ] ], [ [ [ 123.972267544198374, 10.406093364244301 ], [ 123.97226698941428, 10.405912505315223 ], [ 123.972084297194385, 10.405913054474999 ], [ 123.971864667352065, 10.405642423599289 ], [ 123.971991841858781, 10.405551611121998 ], [ 123.971817630831097, 10.404586775557609 ], [ 123.971896059791433, 10.404105013930165 ], [ 123.971527352055062, 10.403020957555432 ], [ 123.971440440227582, 10.404468103853459 ], [ 123.971623963146413, 10.404738843605982 ], [ 123.97162756659985, 10.405914426918804 ], [ 123.972085129216651, 10.406184342882598 ], [ 123.972267544198374, 10.406093364244301 ] ] ], [ [ [ 123.983684671360848, 10.405697117856901 ], [ 123.984167331102881, 10.405676474911928 ], [ 123.984140276796865, 10.40533401167276 ], [ 123.983500857435573, 10.405335956864414 ], [ 123.983278346605204, 10.405902229539965 ], [ 123.982862559666543, 10.405699617501284 ], [ 123.982860877102951, 10.40515704241686 ], [ 123.982494373454941, 10.404796435860323 ], [ 123.982037926081858, 10.404888252201914 ], [ 123.982038486437105, 10.405069110613265 ], [ 123.982266491489668, 10.404952598851715 ], [ 123.982495494691406, 10.405158152633339 ], [ 123.982680989700938, 10.406061889424022 ], [ 123.983320410698454, 10.406059945733274 ], [ 123.983503383019496, 10.406149819318211 ], [ 123.983503944288984, 10.406330677635625 ], [ 123.983684671360848, 10.405697117856901 ] ] ], [ [ [ 123.984052581366143, 10.406509868527801 ], [ 123.984396928664566, 10.406485660994942 ], [ 123.984618221792786, 10.406262654448883 ], [ 123.98405173897693, 10.406238581098814 ], [ 123.984052581366143, 10.406509868527801 ] ] ], [ [ [ 123.964321794160895, 10.406569305231054 ], [ 123.964411764977655, 10.406116884493104 ], [ 123.96422604648491, 10.405122702677968 ], [ 123.963952283161376, 10.405213949131451 ], [ 123.964047754608046, 10.406570122187423 ], [ 123.964321794160895, 10.406569305231054 ] ] ], [ [ [ 123.97250945121651, 10.406199570294383 ], [ 123.972360000061315, 10.406454807462572 ], [ 123.972085961261968, 10.406455631285567 ], [ 123.972086515971611, 10.406636490218304 ], [ 123.972542692581371, 10.406454258117073 ], [ 123.97250945121651, 10.406199570294383 ] ] ], [ [ [ 123.96587468452762, 10.40656467138516 ], [ 123.965780582782827, 10.405660647791869 ], [ 123.9660537946326, 10.405388540522409 ], [ 123.966051314463655, 10.404574673787897 ], [ 123.965868347175885, 10.404484789688802 ], [ 123.96586779616554, 10.404303930398044 ], [ 123.965228100094606, 10.404215409272826 ], [ 123.96495461314872, 10.404397086160538 ], [ 123.965026806007444, 10.404537307409694 ], [ 123.965320547287448, 10.404576855345255 ], [ 123.965466555886621, 10.404368480279681 ], [ 123.96565289199178, 10.404473488867534 ], [ 123.965716726323919, 10.405153171618892 ], [ 123.965231954768242, 10.405481424511727 ], [ 123.965325779444569, 10.406295018773978 ], [ 123.965235259171649, 10.406566580350683 ], [ 123.965052566189868, 10.406567125535052 ], [ 123.964779627721356, 10.406929661761717 ], [ 123.965053283359595, 10.406802670940966 ], [ 123.965296928047351, 10.406897739190066 ], [ 123.96587468452762, 10.40656467138516 ] ] ], [ [ [ 123.96358992235416, 10.406209764480199 ], [ 123.963495277639069, 10.405124880187103 ], [ 123.962946926215167, 10.405036082505896 ], [ 123.962719187284733, 10.405243010895092 ], [ 123.962490470210327, 10.4051278715416 ], [ 123.962309973998373, 10.405851852960563 ], [ 123.962857777431836, 10.405759792180758 ], [ 123.962856953416704, 10.405488503023848 ], [ 123.963138536325829, 10.405269547414642 ], [ 123.963533857212923, 10.405938639953103 ], [ 123.963406954646416, 10.406119879006443 ], [ 123.963132915411748, 10.406120695145104 ], [ 123.963408328895653, 10.406572027507611 ], [ 123.963865611540555, 10.406751526067326 ], [ 123.963866436530409, 10.407022815122229 ], [ 123.964143618489587, 10.406951516714996 ], [ 123.964047754608046, 10.406570122187423 ], [ 123.96358992235416, 10.406209764480199 ] ] ], [ [ [ 123.962834190965012, 10.406438091401428 ], [ 123.963041843734686, 10.406211396850265 ], [ 123.962859150841169, 10.40621194076534 ], [ 123.962858601469861, 10.406031081333037 ], [ 123.962584836873816, 10.406122326719467 ], [ 123.962585660705599, 10.406393615887511 ], [ 123.962810695763125, 10.406459963138492 ], [ 123.96240351681017, 10.40657501900445 ], [ 123.962194490790679, 10.40634956454312 ], [ 123.962389393658626, 10.405985330683567 ], [ 123.962036483796751, 10.40603352761817 ], [ 123.962037856060675, 10.406485676304584 ], [ 123.962221372704363, 10.406756422034682 ], [ 123.962861073721015, 10.406844948762165 ], [ 123.96304459127002, 10.407115693932168 ], [ 123.963501874574987, 10.40729519295286 ], [ 123.963409428340782, 10.406933746299336 ], [ 123.962834190965012, 10.406438091401428 ] ] ], [ [ [ 123.964445845975533, 10.407232327757852 ], [ 123.964507514227478, 10.407563486798811 ], [ 123.964598861024228, 10.407563214349031 ], [ 123.964597484925392, 10.407111066034625 ], [ 123.964445845975533, 10.407232327757852 ] ] ], [ [ [ 123.984877505387075, 10.407411656808035 ], [ 123.985059073336387, 10.407049383830643 ], [ 123.984965197642424, 10.406235800051958 ], [ 123.984706687956887, 10.406276945266775 ], [ 123.984511277712258, 10.407141482188377 ], [ 123.984237239311867, 10.407142316459966 ], [ 123.983504505568774, 10.406511535950973 ], [ 123.983597254917967, 10.406963403879166 ], [ 123.98396348168157, 10.407233579638094 ], [ 123.983964043276359, 10.407414437918275 ], [ 123.984512682494753, 10.407593627812856 ], [ 123.984877505387075, 10.407411656808035 ] ] ], [ [ [ 123.974005899846119, 10.406992436085538 ], [ 123.973359570700353, 10.407215137077005 ], [ 123.973547779032629, 10.406541664282354 ], [ 123.973237079027271, 10.406361738916186 ], [ 123.973455321798852, 10.406180221535077 ], [ 123.974095022730566, 10.40626872564874 ], [ 123.97436196846769, 10.405719908904398 ], [ 123.973451433703289, 10.40491420944354 ], [ 123.972994704747663, 10.404915583704627 ], [ 123.972905024267078, 10.405458435190329 ], [ 123.972722887367595, 10.405639843599616 ], [ 123.972996925402953, 10.405639019296308 ], [ 123.973132466242916, 10.405157129873629 ], [ 123.973270408078164, 10.405457335878593 ], [ 123.974035131805394, 10.405619159361111 ], [ 123.973940407746397, 10.40604057674102 ], [ 123.973819872868503, 10.40590783325238 ], [ 123.972998035792244, 10.406000737079811 ], [ 123.972817286472733, 10.406634292796911 ], [ 123.97309299129499, 10.407176044957778 ], [ 123.973824596461895, 10.407445133372553 ], [ 123.974008957122024, 10.407987159587657 ], [ 123.974374343755557, 10.407986058750195 ], [ 123.974281328983977, 10.407443757594978 ], [ 123.974005899846119, 10.406992436085538 ] ] ], [ [ [ 123.981225055473686, 10.407874911689619 ], [ 123.981113779634356, 10.407906202231393 ], [ 123.981194126170507, 10.407985261343507 ], [ 123.981225055473686, 10.407874911689619 ] ] ], [ [ [ 123.973826263789846, 10.407987709850135 ], [ 123.973276517350627, 10.407446783446337 ], [ 123.973093824292945, 10.407447333262596 ], [ 123.972726772805203, 10.406905855909326 ], [ 123.972269763437509, 10.406816799940048 ], [ 123.972637646685683, 10.40762956623951 ], [ 123.973186281628244, 10.407808776090208 ], [ 123.973553057234213, 10.408259823302554 ], [ 123.973918444234812, 10.40825872295636 ], [ 123.973826263789846, 10.407987709850135 ] ] ], [ [ [ 123.981463802340016, 10.405564765344579 ], [ 123.981126429978772, 10.405524029149158 ], [ 123.98103928307502, 10.406880744648475 ], [ 123.981167010138421, 10.406970787183285 ], [ 123.981040122914862, 10.407152032312787 ], [ 123.981680386863871, 10.40742137930155 ], [ 123.981772853847005, 10.407782818751627 ], [ 123.981955546624903, 10.407782263967922 ], [ 123.982048294332202, 10.408234132479336 ], [ 123.98223098735761, 10.40823357751456 ], [ 123.982229305462994, 10.407691002412033 ], [ 123.981954145498932, 10.407330118000345 ], [ 123.981953304854471, 10.407058830413611 ], [ 123.981448983011617, 10.406915918495033 ], [ 123.981463802340016, 10.405564765344579 ] ] ], [ [ [ 123.96852870543708, 10.408184481256676 ], [ 123.968909713290941, 10.408211930502413 ], [ 123.968696608074907, 10.40842667878416 ], [ 123.968986269286276, 10.408454401552159 ], [ 123.968985163249485, 10.408092683391805 ], [ 123.968710846321542, 10.408003074908253 ], [ 123.96852870543708, 10.408184481256676 ] ] ], [ [ [ 123.973919000099414, 10.408439581770081 ], [ 123.974193040480657, 10.408438756222221 ], [ 123.974192484458285, 10.408257897423288 ], [ 123.973918444234812, 10.40825872295636 ], [ 123.973919000099414, 10.408439581770081 ] ] ], [ [ [ 123.98387382016648, 10.407776432450246 ], [ 123.983048897730953, 10.406874641428544 ], [ 123.982940219773141, 10.406929481505959 ], [ 123.983142207719197, 10.407507367852821 ], [ 123.9834425960955, 10.407732529361962 ], [ 123.98287041286477, 10.408231634317469 ], [ 123.982687719875742, 10.408232189646847 ], [ 123.982688280791038, 10.408413047985359 ], [ 123.983053666969241, 10.408411937202549 ], [ 123.98387382016648, 10.407776432450246 ] ] ], [ [ [ 123.961859004893697, 10.407752235983292 ], [ 123.961768755651434, 10.408114226597082 ], [ 123.962135516447105, 10.408565288323361 ], [ 123.961859004893697, 10.407752235983292 ] ] ], [ [ [ 123.963228933638248, 10.407657728059469 ], [ 123.96313648756616, 10.407296281316562 ], [ 123.962314092087979, 10.407208298887213 ], [ 123.962223843481425, 10.407570289580224 ], [ 123.962499806464905, 10.408202482116899 ], [ 123.96341465126082, 10.408651910447761 ], [ 123.963414101436527, 10.408471051072432 ], [ 123.962956541623811, 10.408201122386807 ], [ 123.962736367899623, 10.407749625305394 ], [ 123.963228933638248, 10.407657728059469 ] ] ], [ [ [ 123.97072241464322, 10.408630054827425 ], [ 123.970675815150912, 10.408327884556284 ], [ 123.970631067701902, 10.408630329051389 ], [ 123.97072241464322, 10.408630054827425 ] ] ], [ [ [ 123.983349039055028, 10.408832236127971 ], [ 123.983268691789661, 10.408753177630061 ], [ 123.983237763165718, 10.408863527417653 ], [ 123.983349039055028, 10.408832236127971 ] ] ], [ [ [ 123.984789250748676, 10.408406655293977 ], [ 123.984514649299413, 10.40822663166557 ], [ 123.984332799201155, 10.408498475305107 ], [ 123.984515773244894, 10.408588348141519 ], [ 123.984516616231346, 10.408859635493094 ], [ 123.984699309484839, 10.408859079087168 ], [ 123.984789250748676, 10.408406655293977 ] ] ], [ [ [ 123.970396582523406, 10.40857406130741 ], [ 123.970358134539154, 10.408992869567856 ], [ 123.970632175694192, 10.40899204702278 ], [ 123.970631067701902, 10.408630329051389 ], [ 123.970396582523406, 10.40857406130741 ] ] ], [ [ [ 123.983126487250999, 10.408894818670641 ], [ 123.983206834523429, 10.408973877203501 ], [ 123.983237763165718, 10.408863527417653 ], [ 123.983126487250999, 10.408894818670641 ] ] ], [ [ [ 123.990179536992201, 10.408661480545323 ], [ 123.990180667513897, 10.409023196391541 ], [ 123.990272014032968, 10.409022916581915 ], [ 123.990179536992201, 10.408661480545323 ] ] ], [ [ [ 123.983512083862493, 10.40895312300707 ], [ 123.983421859942865, 10.409315117465979 ], [ 123.983695900307382, 10.409314283718276 ], [ 123.983512083862493, 10.40895312300707 ] ] ], [ [ [ 123.975933085571924, 10.409880391877236 ], [ 123.975932807018395, 10.40978996253312 ], [ 123.975841459881508, 10.409790238273605 ], [ 123.975933085571924, 10.409880391877236 ] ] ], [ [ [ 123.967801796951306, 10.409452683184892 ], [ 123.96853036373372, 10.408727058564574 ], [ 123.968529810957946, 10.408546199463983 ], [ 123.968347117002509, 10.408546746630879 ], [ 123.968132116071743, 10.408206885565493 ], [ 123.968227099149445, 10.407955113736607 ], [ 123.968801640239761, 10.407821942154253 ], [ 123.968983504271037, 10.407550106135837 ], [ 123.968798323098326, 10.406736787546505 ], [ 123.968523178446205, 10.406375890096728 ], [ 123.968248863159303, 10.406286281060892 ], [ 123.96806478958608, 10.405834680063167 ], [ 123.967882373309081, 10.405925656405824 ], [ 123.967792131501142, 10.406287648086076 ], [ 123.96840920232853, 10.407425619118253 ], [ 123.968161107859615, 10.4074621389294 ], [ 123.967888172541464, 10.407824677532368 ], [ 123.967982281521074, 10.408728699782166 ], [ 123.967436131802216, 10.409363347103778 ], [ 123.967387733390709, 10.409964823171832 ], [ 123.967711278225153, 10.409724245298312 ], [ 123.967801796951306, 10.409452683184892 ] ] ], [ [ [ 123.975750391242897, 10.409880943337123 ], [ 123.975750669746333, 10.409971372685678 ], [ 123.975842016938486, 10.4099710969663 ], [ 123.975750391242897, 10.409880943337123 ] ] ], [ [ [ 123.984794591458538, 10.41012480832001 ], [ 123.985251326375462, 10.410123416544799 ], [ 123.98525076388826, 10.409942558365204 ], [ 123.985433176439216, 10.409851572397184 ], [ 123.985431488739707, 10.409308997872865 ], [ 123.985247670394145, 10.408947838340614 ], [ 123.984882283833883, 10.408948951683278 ], [ 123.984426955485844, 10.409402488361172 ], [ 123.983843944904706, 10.409550096999176 ], [ 123.983788651132272, 10.409766151412677 ], [ 123.984062691860288, 10.409765317315097 ], [ 123.984873142396438, 10.409268023325208 ], [ 123.984839312506438, 10.409958858060962 ], [ 123.984205486130136, 10.410249177498356 ], [ 123.984521112553892, 10.410306501289986 ], [ 123.984794591458538, 10.41012480832001 ] ] ], [ [ [ 123.972463001801003, 10.410252569545699 ], [ 123.972368601661302, 10.409258120460464 ], [ 123.972002381123573, 10.408987930781427 ], [ 123.971221630367197, 10.408838492686307 ], [ 123.970988675761475, 10.409245389152492 ], [ 123.971181920947558, 10.409532978082654 ], [ 123.971638934176426, 10.409622035259721 ], [ 123.971939593476677, 10.409937637553075 ], [ 123.971457626085254, 10.410074731580691 ], [ 123.971366833237497, 10.410255864983277 ], [ 123.972189514672621, 10.410434252641414 ], [ 123.972463001801003, 10.410252569545699 ] ] ], [ [ [ 123.960314875946708, 10.410650603427491 ], [ 123.960588919363403, 10.410649789345799 ], [ 123.960557227739756, 10.410318540250621 ], [ 123.960404853275023, 10.410198183305837 ], [ 123.960314875946708, 10.410650603427491 ] ] ], [ [ [ 123.963327702654723, 10.410099057555799 ], [ 123.962779067665224, 10.409919830692809 ], [ 123.962777419114317, 10.409377252501518 ], [ 123.963416850659627, 10.409375347928473 ], [ 123.963417400534752, 10.409556207293493 ], [ 123.963691992788455, 10.409736249990953 ], [ 123.963692817872243, 10.410007539009644 ], [ 123.963419875098737, 10.41037007441075 ], [ 123.963602570381894, 10.410369529958993 ], [ 123.963603120418242, 10.410550389302951 ], [ 123.963968236039861, 10.41045887040538 ], [ 123.963967685798124, 10.410278011079875 ], [ 123.964605467184484, 10.409733526079538 ], [ 123.964604641334262, 10.40946223712942 ], [ 123.964329773688434, 10.409191765577669 ], [ 123.963873037273345, 10.409193127395081 ], [ 123.964008038202067, 10.408528692261088 ], [ 123.964237325763989, 10.40883031934065 ], [ 123.96478595939584, 10.409009543813134 ], [ 123.96569805350066, 10.408554668844717 ], [ 123.966061787693064, 10.408010999717209 ], [ 123.965876062391217, 10.407016819544083 ], [ 123.965267415388269, 10.407049015716277 ], [ 123.964872075495606, 10.407291107878294 ], [ 123.964872626095527, 10.407471967188917 ], [ 123.96532935987149, 10.407470604170971 ], [ 123.965374680465473, 10.407354649010072 ], [ 123.965512053364023, 10.407470058781518 ], [ 123.965604777702964, 10.40792193421761 ], [ 123.965422634903661, 10.408103338957691 ], [ 123.964875103921102, 10.408285834061255 ], [ 123.964784307524809, 10.408466965912876 ], [ 123.964106002116893, 10.408302599947243 ], [ 123.963991916653796, 10.408467231690516 ], [ 123.963779214769147, 10.408379532590832 ], [ 123.963597345544187, 10.408651366088622 ], [ 123.963598445433703, 10.409013084813576 ], [ 123.963370704329478, 10.409220013836041 ], [ 123.96295873986864, 10.408924559985499 ], [ 123.962786436208972, 10.4090015835469 ], [ 123.962227412744781, 10.408745875961474 ], [ 123.962231531658858, 10.410102321678092 ], [ 123.962872063994595, 10.410462136832642 ], [ 123.962872613614977, 10.410642996214559 ], [ 123.963054209645378, 10.410280733314314 ], [ 123.963419600137016, 10.410279644733109 ], [ 123.963327702654723, 10.410099057555799 ] ] ], [ [ [ 123.97529449049874, 10.410153609612198 ], [ 123.975110961010117, 10.409882872626314 ], [ 123.974837754172, 10.410154987191991 ], [ 123.974738883855991, 10.410558799226672 ], [ 123.974930492840286, 10.410606858569045 ], [ 123.97529449049874, 10.410153609612198 ] ] ], [ [ [ 123.985618121052141, 10.410574448045963 ], [ 123.98561840241797, 10.410664877122459 ], [ 123.985709749540987, 10.410664598570118 ], [ 123.985618121052141, 10.410574448045963 ] ] ], [ [ [ 123.963512597719927, 10.410821950566174 ], [ 123.96378664102788, 10.41082113373475 ], [ 123.963603395440188, 10.410640818974185 ], [ 123.963512597719927, 10.410821950566174 ] ] ], [ [ [ 123.975388065076118, 10.410876768858747 ], [ 123.975386951395635, 10.41051505144252 ], [ 123.975022396869491, 10.410787441794641 ], [ 123.975022953509509, 10.410968300520425 ], [ 123.975388065076118, 10.410876768858747 ] ] ], [ [ [ 123.984522517791135, 10.410758646824521 ], [ 123.984523079904207, 10.41093950503474 ], [ 123.984796840459182, 10.410848241117536 ], [ 123.984522517791135, 10.410758646824521 ] ] ], [ [ [ 123.963239379169735, 10.411094056199918 ], [ 123.963422074884093, 10.411093511813347 ], [ 123.963421524922452, 10.410912652465781 ], [ 123.963329902168539, 10.410822494990216 ], [ 123.963239379169735, 10.411094056199918 ] ] ], [ [ [ 123.959302312302597, 10.411284568949261 ], [ 123.959302350184316, 10.411297080328836 ], [ 123.959311998119475, 10.41129705170116 ], [ 123.959302312302597, 10.411284568949261 ] ] ], [ [ [ 123.970364781459296, 10.411163177400303 ], [ 123.970548030910024, 10.411343487907967 ], [ 123.971034765229589, 10.411203753488858 ], [ 123.970638547445361, 10.411071925198689 ], [ 123.970364781459296, 10.411163177400303 ] ] ], [ [ [ 123.97401813081612, 10.410971329720953 ], [ 123.974383520922444, 10.410970228558163 ], [ 123.974229595678167, 10.410579299179094 ], [ 123.973869253797304, 10.410644531657226 ], [ 123.97365301859783, 10.411062859866041 ], [ 123.973745200046736, 10.411333872902972 ], [ 123.97401813081612, 10.410971329720953 ] ] ], [ [ [ 123.965249582492163, 10.411268921464726 ], [ 123.96534010373567, 10.410997359841163 ], [ 123.965887363276664, 10.410724433962701 ], [ 123.965977332438257, 10.410272012995414 ], [ 123.965794086056093, 10.410091699566847 ], [ 123.965791881022014, 10.409368262626606 ], [ 123.965608910874693, 10.40927837865018 ], [ 123.965608084194486, 10.40900708977291 ], [ 123.96503076353315, 10.409250432187948 ], [ 123.964970856871616, 10.409732435785704 ], [ 123.964788712717905, 10.409913840272473 ], [ 123.964918495156823, 10.410282659178899 ], [ 123.964332800965707, 10.410186491803 ], [ 123.963877438582699, 10.410640002079232 ], [ 123.964152307257137, 10.410910473916537 ], [ 123.9650652340477, 10.410726889123783 ], [ 123.965337899550107, 10.41027392284432 ], [ 123.965381262694919, 10.409515389654326 ], [ 123.965429522653793, 10.410364079710867 ], [ 123.965557252202402, 10.410454128715473 ], [ 123.96543034929087, 10.410635368579662 ], [ 123.965248204950456, 10.410816773341038 ], [ 123.96497416176463, 10.410817591422813 ], [ 123.964609980933375, 10.41121614395408 ], [ 123.964518248956523, 10.411090243305791 ], [ 123.964120355425862, 10.411136236954338 ], [ 123.964062335318246, 10.411362894606125 ], [ 123.964885017286193, 10.411541301134479 ], [ 123.965249582492163, 10.411268921464726 ] ] ], [ [ [ 123.981090341994317, 10.408029080291159 ], [ 123.980954095712505, 10.40887046458684 ], [ 123.981503856883023, 10.409411376332361 ], [ 123.981504417181824, 10.409592234722135 ], [ 123.982053339628919, 10.409861857765323 ], [ 123.982237155102936, 10.410223019398803 ], [ 123.982419849275516, 10.410222464220494 ], [ 123.982420690586764, 10.410493751715959 ], [ 123.983061523819913, 10.410943953447713 ], [ 123.983153993773158, 10.411305392180894 ], [ 123.98333668852537, 10.411304836421946 ], [ 123.983337249985496, 10.411485694690706 ], [ 123.983528561833438, 10.41143647557201 ], [ 123.983060120661648, 10.410491807719209 ], [ 123.982785798671671, 10.410402211862268 ], [ 123.982785237589582, 10.410221353551334 ], [ 123.982511196357962, 10.410222186592277 ], [ 123.982509794092792, 10.409770040768613 ], [ 123.981594083082967, 10.409049382211172 ], [ 123.981408868661731, 10.408236074035804 ], [ 123.981090341994317, 10.408029080291159 ] ] ], [ [ [ 123.98528816122284, 10.41191207738164 ], [ 123.985257233119867, 10.412022427306496 ], [ 123.985368509832995, 10.411991135236786 ], [ 123.98528816122284, 10.41191207738164 ] ] ], [ [ [ 123.9848531369597, 10.411906172862171 ], [ 123.984800776610612, 10.412114248434039 ], [ 123.984892124178089, 10.412113970076295 ], [ 123.9848531369597, 10.411906172862171 ] ] ], [ [ [ 123.963791042648921, 10.412268008309958 ], [ 123.963606145799858, 10.411545115658129 ], [ 123.963331826876598, 10.411455502718381 ], [ 123.96320030117451, 10.411668249530804 ], [ 123.963113861758941, 10.411309765569285 ], [ 123.962691841516374, 10.411276548118924 ], [ 123.962690742425067, 10.41091482934786 ], [ 123.962415600211742, 10.410553926440341 ], [ 123.961739785149447, 10.410465506913292 ], [ 123.962048836457342, 10.410102865333814 ], [ 123.961953920120223, 10.408927550746625 ], [ 123.961678231828287, 10.408385787461373 ], [ 123.961403641824532, 10.408205742812864 ], [ 123.96140281886629, 10.407934453580712 ], [ 123.961766560325302, 10.407390788708174 ], [ 123.961764365161599, 10.406667350786408 ], [ 123.961462621511359, 10.405990018662193 ], [ 123.961852693397503, 10.40567235197282 ], [ 123.961943216497176, 10.405400791097835 ], [ 123.96194129574279, 10.404767782873062 ], [ 123.961483468449373, 10.404407421663063 ], [ 123.961756134744618, 10.403954458287028 ], [ 123.961661771963108, 10.402960002439915 ], [ 123.962116853336838, 10.40241606605659 ], [ 123.96211548151274, 10.401963917266803 ], [ 123.961932516735558, 10.401874030667976 ], [ 123.961933613969293, 10.402235749722369 ], [ 123.961386638660827, 10.402599097742723 ], [ 123.961205318378063, 10.403051789419386 ], [ 123.96120751146735, 10.403775227622234 ], [ 123.961324640740159, 10.403820094890797 ], [ 123.960866599418793, 10.404183178002006 ], [ 123.960935118551333, 10.404318620370937 ], [ 123.961117427958456, 10.404191904274393 ], [ 123.961434189717764, 10.404384154638558 ], [ 123.961119181154871, 10.404770226508397 ], [ 123.960388138523442, 10.40468196706861 ], [ 123.960388960339913, 10.404953256436446 ], [ 123.960754893018759, 10.405133031006812 ], [ 123.961394042065521, 10.405040701483644 ], [ 123.961394864780203, 10.405311990765099 ], [ 123.96084788373031, 10.405675338333015 ], [ 123.96094279385963, 10.406850653940092 ], [ 123.96124344041425, 10.407166267535457 ], [ 123.960944438827227, 10.407393232509676 ], [ 123.960763664009121, 10.40802678363206 ], [ 123.960972690313127, 10.408252238996212 ], [ 123.960856381874919, 10.408478661025818 ], [ 123.961040173118036, 10.408839837136586 ], [ 123.961406110836393, 10.409019610481529 ], [ 123.961615961538769, 10.409516354505337 ], [ 123.961453782100165, 10.409677872040071 ], [ 123.96085912373178, 10.409382958563388 ], [ 123.960951842311346, 10.409834835843959 ], [ 123.961434912895285, 10.410059476181019 ], [ 123.960952665034867, 10.410106125080224 ], [ 123.961344662732472, 10.410421466727461 ], [ 123.960680541346477, 10.410739947681719 ], [ 123.960681089719117, 10.410920807177376 ], [ 123.960955133342267, 10.410919992761217 ], [ 123.961091529522363, 10.41071333678293 ], [ 123.96150431824303, 10.411280082123172 ], [ 123.962234827201584, 10.411187478168163 ], [ 123.96278511313453, 10.411909283902586 ], [ 123.963013131336098, 10.411792784801596 ], [ 123.963333751709285, 10.41208851042137 ], [ 123.963334576675678, 10.412359799429225 ], [ 123.963791042648921, 10.412268008309958 ] ] ], [ [ [ 123.985987731762307, 10.411929769634057 ], [ 123.985802503792542, 10.411116465341548 ], [ 123.985573363144809, 10.410868879205285 ], [ 123.98543655211914, 10.410936721390307 ], [ 123.985437958762986, 10.411388866782262 ], [ 123.985731360154929, 10.411985061296747 ], [ 123.985623186034317, 10.412202171344109 ], [ 123.985897510229293, 10.412291764541539 ], [ 123.985987731762307, 10.411929769634057 ] ] ], [ [ [ 123.972649583428009, 10.411518031918728 ], [ 123.972923626600874, 10.411517207213612 ], [ 123.973290128834904, 10.411877824862483 ], [ 123.973563616420236, 10.411696140786388 ], [ 123.97328790613048, 10.411154389613539 ], [ 123.972556292368694, 10.410885300775044 ], [ 123.972101497012929, 10.411519680625561 ], [ 123.972102884524858, 10.411971827809698 ], [ 123.97219478747401, 10.412152411943199 ], [ 123.972560179154229, 10.412151312736427 ], [ 123.972652360094926, 10.412422326126554 ], [ 123.97283505607237, 10.412421776299988 ], [ 123.972441935012498, 10.41174473231793 ], [ 123.972649583428009, 10.411518031918728 ] ] ], [ [ [ 123.984984596661789, 10.412475408030154 ], [ 123.985258639656593, 10.412474572692515 ], [ 123.985258358344055, 10.41238414361635 ], [ 123.985167010708025, 10.412384422085806 ], [ 123.985166729424407, 10.412293993006612 ], [ 123.985075381812095, 10.412294271447506 ], [ 123.985075100557367, 10.41220384236532 ], [ 123.984983752968745, 10.412204120777675 ], [ 123.98498347174295, 10.412113691692483 ], [ 123.984892124178089, 10.412113970076295 ], [ 123.984984596661789, 10.412475408030154 ] ] ], [ [ [ 123.98388982907646, 10.412930892596059 ], [ 123.984072243751086, 10.412839907224695 ], [ 123.98407140081639, 10.412568619903634 ], [ 123.98379679585571, 10.412388596001188 ], [ 123.983706290781413, 10.412660161407789 ], [ 123.983158765620232, 10.412842687484424 ], [ 123.983204324906268, 10.412990833302114 ], [ 123.98388982907646, 10.412930892596059 ] ] ], [ [ [ 123.972561289756854, 10.412513030421163 ], [ 123.972256096569481, 10.412363466982761 ], [ 123.971282139936648, 10.412426446504096 ], [ 123.971281308093864, 10.412155158136489 ], [ 123.971646422495695, 10.412063630524731 ], [ 123.971826898941814, 10.41133964573531 ], [ 123.97209983208333, 10.41097710398766 ], [ 123.972056982946242, 10.410585872407202 ], [ 123.971603964082732, 10.410439887629986 ], [ 123.97145928975587, 10.410617308352668 ], [ 123.971460953518758, 10.411159885106196 ], [ 123.970458899393591, 10.412067198003999 ], [ 123.970459453474049, 10.412248056961502 ], [ 123.970642426566087, 10.412337937868335 ], [ 123.970643257871586, 10.412609226284429 ], [ 123.970917856535465, 10.412789262137009 ], [ 123.971010313564292, 10.413150705559453 ], [ 123.972106214815099, 10.413056980999183 ], [ 123.972471052273704, 10.412875022958138 ], [ 123.972561289756854, 10.412513030421163 ] ] ], [ [ [ 123.98215141561657, 10.412031880313812 ], [ 123.982383412928613, 10.41163796144345 ], [ 123.982973824715486, 10.412119810118437 ], [ 123.983612977168463, 10.41202743559117 ], [ 123.983246183265706, 10.411576401724268 ], [ 123.982880793424769, 10.411577513063596 ], [ 123.982239959038353, 10.411127311082133 ], [ 123.981875410525006, 10.41139970875035 ], [ 123.981695798614311, 10.412394984619946 ], [ 123.98206399356873, 10.413298166155428 ], [ 123.982281696151219, 10.413240599397701 ], [ 123.98215141561657, 10.412031880313812 ] ] ], [ [ [ 123.972879068439667, 10.41316947061307 ], [ 123.972718389180159, 10.413091788153636 ], [ 123.973201559366757, 10.41278239394385 ], [ 123.973749647807523, 10.412780743154514 ], [ 123.974023135829256, 10.412599058648649 ], [ 123.97402257967552, 10.412418199887151 ], [ 123.9742049974503, 10.412327219902394 ], [ 123.974202772537851, 10.411603784871037 ], [ 123.974567050544877, 10.411240965942321 ], [ 123.974110312536482, 10.411242342628123 ], [ 123.974111146749593, 10.411513630782265 ], [ 123.9738371036769, 10.411514456503353 ], [ 123.973838215681226, 10.411876174064595 ], [ 123.973565283999278, 10.412238717163371 ], [ 123.973382588168178, 10.41223926739694 ], [ 123.973200725835227, 10.412511105737378 ], [ 123.972926681817029, 10.412511930758166 ], [ 123.972653748524621, 10.412874473211181 ], [ 123.972471052273704, 10.412875022958138 ], [ 123.972410762295155, 10.412996013524017 ], [ 123.97238136987103, 10.413417874321429 ], [ 123.972518599332631, 10.413484886705067 ], [ 123.972655137018535, 10.413326620282968 ], [ 123.973111878258862, 10.413325245398077 ], [ 123.973478105042716, 10.413595433191603 ], [ 123.974026472967424, 10.413684211174601 ], [ 123.974190730493973, 10.413264648449509 ], [ 123.973934122242255, 10.413358512412007 ], [ 123.973750759850532, 10.413142460696863 ], [ 123.972928348429505, 10.413054507210814 ], [ 123.972879068439667, 10.41316947061307 ] ] ], [ [ [ 123.981514504330946, 10.412847685386446 ], [ 123.981331808580293, 10.412848240187829 ], [ 123.981512822906254, 10.412305110322006 ], [ 123.981416712107333, 10.410768091562153 ], [ 123.981142110129866, 10.410588065079409 ], [ 123.981141549984599, 10.410407206681107 ], [ 123.980867508455162, 10.410408038330427 ], [ 123.980317466557224, 10.409776696359113 ], [ 123.979861011151215, 10.409868510289895 ], [ 123.979861850221226, 10.410139798000062 ], [ 123.980227518520536, 10.410229119483825 ], [ 123.980228078129244, 10.410409977933838 ], [ 123.9810524432433, 10.411130917524398 ], [ 123.980963056186567, 10.411764199151801 ], [ 123.981172660169491, 10.412170498115485 ], [ 123.98087394893507, 10.412487909958239 ], [ 123.98078400130214, 10.412940333162142 ], [ 123.98105888541015, 10.413210788943507 ], [ 123.981462454670776, 10.413147558507278 ], [ 123.981517026642862, 10.413661547948413 ], [ 123.981699722856845, 10.413660992998123 ], [ 123.981514504330946, 10.412847685386446 ] ] ], [ [ [ 123.982338879020176, 10.413568620702195 ], [ 123.982222022760823, 10.413614190904633 ], [ 123.982339159524315, 10.413659049851349 ], [ 123.982338879020176, 10.413568620702195 ] ] ], [ [ [ 123.971833280093762, 10.413419522869242 ], [ 123.971558957779891, 10.413329917349056 ], [ 123.971377093225925, 10.413601754835478 ], [ 123.971652248036534, 10.413962648805146 ], [ 123.971651138322486, 10.413600931054916 ], [ 123.971833280093762, 10.413419522869242 ] ] ], [ [ [ 123.960686574003262, 10.41272940202091 ], [ 123.960959247644425, 10.41227643880376 ], [ 123.960957327565694, 10.411643430664945 ], [ 123.959764871680022, 10.410019222462996 ], [ 123.959582176394193, 10.410019764707332 ], [ 123.959583271805442, 10.410381483829619 ], [ 123.959126533020282, 10.410382839033153 ], [ 123.959124616997954, 10.409749830478789 ], [ 123.958850026994668, 10.409569783631238 ], [ 123.958721205188354, 10.409118012507548 ], [ 123.959121058999884, 10.408574243096787 ], [ 123.959119690653026, 10.408122094080623 ], [ 123.959002559960567, 10.408077226132848 ], [ 123.959164466352775, 10.407825279980187 ], [ 123.959302111144851, 10.408031122398745 ], [ 123.959304574665566, 10.408844990579583 ], [ 123.959122701099673, 10.409116821899273 ], [ 123.959488638256857, 10.40929659750176 ], [ 123.9594891858643, 10.409477457076985 ], [ 123.959671880839522, 10.409476914913887 ], [ 123.960222157919361, 10.410198725924532 ], [ 123.960495926834312, 10.410107482200868 ], [ 123.960279626453556, 10.40914521342091 ], [ 123.960523677772571, 10.409138737313084 ], [ 123.960403191035141, 10.409384842933903 ], [ 123.960586452071752, 10.409835921563426 ], [ 123.960858849534631, 10.409292528811946 ], [ 123.960740895728264, 10.408976372297239 ], [ 123.960856656049145, 10.40856909078189 ], [ 123.960545411917494, 10.408208293120275 ], [ 123.960672591083096, 10.408117484763787 ], [ 123.960462742955002, 10.407620739862104 ], [ 123.960579051428823, 10.407394317966636 ], [ 123.960395535692641, 10.407123571212635 ], [ 123.960394439699115, 10.406761852103802 ], [ 123.959909731965013, 10.405994630868204 ], [ 123.960117386755726, 10.405767938044034 ], [ 123.960024123401027, 10.405135200601496 ], [ 123.959713203099085, 10.404924043964634 ], [ 123.960204624741053, 10.404411220003926 ], [ 123.960164125858654, 10.404179446183724 ], [ 123.959707107347114, 10.404085382062943 ], [ 123.959844970687442, 10.4037782684267 ], [ 123.960575564079704, 10.403479716821886 ], [ 123.96035742481611, 10.403009091990281 ], [ 123.960746946551566, 10.402510567235959 ], [ 123.960834730120837, 10.401334708673796 ], [ 123.961199836364969, 10.40124319376851 ], [ 123.961289810936393, 10.400790773493769 ], [ 123.960559873183726, 10.401064232824082 ], [ 123.960107254688651, 10.402422035419288 ], [ 123.959834313290187, 10.402784567712972 ], [ 123.959835681941968, 10.403236716783557 ], [ 123.959198724299782, 10.404052481538407 ], [ 123.958745823133555, 10.40531985304421 ], [ 123.958746917071267, 10.405681572360672 ], [ 123.958929883420808, 10.405771460641057 ], [ 123.959114217898403, 10.406313497887471 ], [ 123.959480425360667, 10.406583703626509 ], [ 123.959756929634068, 10.407396758721427 ], [ 123.960307750827582, 10.408299429530928 ], [ 123.960355419555142, 10.408957691497749 ], [ 123.959851836816327, 10.408572074846941 ], [ 123.959757751126233, 10.407668048094015 ], [ 123.959115585992123, 10.406765646955002 ], [ 123.958839357559086, 10.406043020900949 ], [ 123.958473151255006, 10.405772814314433 ], [ 123.957926985421864, 10.40640744679652 ], [ 123.95802024521663, 10.40704018514425 ], [ 123.957838371375502, 10.407312015770424 ], [ 123.95805881134531, 10.407853946723028 ], [ 123.957931663033548, 10.407955210935262 ], [ 123.958427842574778, 10.409084123747819 ], [ 123.957755391245328, 10.410080853169235 ], [ 123.957848484170285, 10.410657919613222 ], [ 123.958113467037805, 10.41102931392326 ], [ 123.959256406393166, 10.411208110179157 ], [ 123.959402492997938, 10.411015034467383 ], [ 123.959676536806398, 10.411014221137988 ], [ 123.960537516223468, 10.411915969954489 ], [ 123.960365012567195, 10.412122733027292 ], [ 123.960136290958488, 10.412007592412126 ], [ 123.960043846628096, 10.411646144668184 ], [ 123.959677358523592, 10.411285510456249 ], [ 123.959302760889884, 10.411432725001143 ], [ 123.959121433552767, 10.411885415978794 ], [ 123.959123760651977, 10.412654069119327 ], [ 123.959169321637631, 10.413467809227548 ], [ 123.959410708827306, 10.413727927660268 ], [ 123.960538588720993, 10.413780250066146 ], [ 123.960597967856671, 10.413633970858474 ], [ 123.960905731400899, 10.413845278618471 ], [ 123.960730379353365, 10.413915325869805 ], [ 123.960863632017791, 10.414050575573272 ], [ 123.9613298549544, 10.413993517041378 ], [ 123.961964627604985, 10.412454309614098 ], [ 123.962144303150225, 10.411459039156517 ], [ 123.961687837635921, 10.411550827869974 ], [ 123.961143041624155, 10.412637614562154 ], [ 123.960960619205352, 10.412728587458894 ], [ 123.960825045044771, 10.413206532636396 ], [ 123.960503603003502, 10.412639515189822 ], [ 123.960686574003262, 10.41272940202091 ] ], [ [ 123.960137935372416, 10.412550170937212 ], [ 123.960047243433991, 10.412767045350325 ], [ 123.95982723559618, 10.412370232468598 ], [ 123.960091088011552, 10.412163198360917 ], [ 123.960502780461752, 10.4123682259603 ], [ 123.960503603003502, 10.412639515189822 ], [ 123.960137935372416, 10.412550170937212 ] ], [ [ 123.959468244876945, 10.41211421346153 ], [ 123.95959814173024, 10.411973898942966 ], [ 123.959771993946276, 10.412370396484711 ], [ 123.959726670654334, 10.412486351067404 ], [ 123.959468244876945, 10.41211421346153 ] ], [ [ 123.95893535481963, 10.407580056992883 ], [ 123.958814578676908, 10.407413760880903 ], [ 123.958944474092334, 10.407273446734862 ], [ 123.959118596021113, 10.407760374858398 ], [ 123.958886223792248, 10.407830564793636 ], [ 123.958722297293775, 10.407687556191741 ], [ 123.95893535481963, 10.407580056992883 ] ], [ [ 123.958533455915259, 10.407605898245246 ], [ 123.958450850099794, 10.407450925145277 ], [ 123.958569420012822, 10.407400280532372 ], [ 123.958533455915259, 10.407605898245246 ] ], [ [ 123.95856750567998, 10.406767271757481 ], [ 123.958335114030419, 10.406882488961687 ], [ 123.958262008257961, 10.406513321989124 ], [ 123.958475065208901, 10.406405823145846 ], [ 123.958561566201411, 10.406067942156564 ], [ 123.958699291646582, 10.406098078607874 ], [ 123.958968998603112, 10.40676608161009 ], [ 123.958841819394891, 10.406856889292664 ], [ 123.958915857569295, 10.407003233202252 ], [ 123.958702840061008, 10.40706854158134 ], [ 123.95856750567998, 10.406767271757481 ] ], [ [ 123.959181759570185, 10.405208315255809 ], [ 123.959384426195371, 10.405046667815597 ], [ 123.959514782069448, 10.405379401898838 ], [ 123.959130047590676, 10.405630220621546 ], [ 123.959181759570185, 10.405208315255809 ] ], [ [ 123.959889625421894, 10.403206067320115 ], [ 123.960109171300161, 10.403055044077893 ], [ 123.960299647306186, 10.403338542629664 ], [ 123.959889625421894, 10.403206067320115 ] ] ], [ [ [ 123.9774985446588, 10.413945018325043 ], [ 123.977498823778248, 10.41403544760351 ], [ 123.977590172105621, 10.414035171277948 ], [ 123.9774985446588, 10.413945018325043 ] ] ], [ [ [ 123.974119212002464, 10.414136082700706 ], [ 123.974210560451496, 10.414135807336793 ], [ 123.974300239731591, 10.413592955752858 ], [ 123.974026472967424, 10.413684211174601 ], [ 123.974119212002464, 10.414136082700706 ] ] ], [ [ [ 123.975032696376559, 10.414133327888873 ], [ 123.974667302657792, 10.414134430126293 ], [ 123.974668137591507, 10.414405718186748 ], [ 123.974850834613974, 10.414405167105359 ], [ 123.975032696376559, 10.414133327888873 ] ] ], [ [ [ 123.980878710170003, 10.414025206204036 ], [ 123.980513317217245, 10.41402631510209 ], [ 123.979470426845978, 10.413396467262412 ], [ 123.979871361308923, 10.413214391725127 ], [ 123.979841579260082, 10.412971936923199 ], [ 123.979659728226252, 10.412888736632414 ], [ 123.979961590120283, 10.412852397876337 ], [ 123.979961030529836, 10.412671539439199 ], [ 123.979283257095318, 10.411950153128148 ], [ 123.979410147080557, 10.411768908478336 ], [ 123.980141487573448, 10.411947551700003 ], [ 123.980140927929511, 10.411766693262503 ], [ 123.979865206734317, 10.411224948794423 ], [ 123.979134147573319, 10.411136734016235 ], [ 123.979134706602167, 10.411317592515436 ], [ 123.978496391442349, 10.411681245889453 ], [ 123.978497508835602, 10.412042962942831 ], [ 123.978681321918089, 10.412404126826665 ], [ 123.978817985732817, 10.412287893563182 ], [ 123.978955644867114, 10.412493726136914 ], [ 123.97895648337267, 10.41276501387668 ], [ 123.97850281701794, 10.413761118833909 ], [ 123.978868209882407, 10.413760012258532 ], [ 123.97886876890324, 10.41394087074279 ], [ 123.979782810967578, 10.414118960863556 ], [ 123.980179637089449, 10.414358668761777 ], [ 123.980697133887546, 10.414387477467161 ], [ 123.980878710170003, 10.414025206204036 ] ], [ [ 123.97904727223127, 10.412583878681183 ], [ 123.979321315810637, 10.412583048416334 ], [ 123.979530359063276, 10.412808490119751 ], [ 123.979048110823598, 10.412855166411967 ], [ 123.97904727223127, 10.412583878681183 ] ] ], [ [ [ 123.974303856375528, 10.414768537483006 ], [ 123.974486275357719, 10.414677557234494 ], [ 123.974394092038523, 10.414406544613389 ], [ 123.974211394990363, 10.414407095434212 ], [ 123.974303856375528, 10.414768537483006 ] ] ], [ [ [ 123.976310737735901, 10.413858178842931 ], [ 123.975945065810322, 10.413768853188392 ], [ 123.975852045726313, 10.413226553082879 ], [ 123.975669628017329, 10.413317534005346 ], [ 123.976129713482848, 10.414401306617167 ], [ 123.97688771308917, 10.414873840510236 ], [ 123.976725834413585, 10.414974098844333 ], [ 123.976495943888921, 10.414671490590171 ], [ 123.975856225373136, 10.414582992934804 ], [ 123.97585538939741, 10.414311704973681 ], [ 123.975672413883473, 10.414221827297066 ], [ 123.975674921383217, 10.415035691215643 ], [ 123.975858176073345, 10.41521599815947 ], [ 123.976314530613493, 10.4150884457329 ], [ 123.976681151187975, 10.41548480210262 ], [ 123.976955197495471, 10.415483973632663 ], [ 123.977319197021274, 10.41503072226012 ], [ 123.977318080655891, 10.414669005145978 ], [ 123.976585619221666, 10.414128638728689 ], [ 123.976584782652907, 10.413857350819111 ], [ 123.976858827546636, 10.413856522560788 ], [ 123.977085446009923, 10.413287867331013 ], [ 123.977223383603913, 10.413584129989255 ], [ 123.977589055537877, 10.413673454170853 ], [ 123.977861983346344, 10.413310907981906 ], [ 123.97789757968097, 10.412931726759659 ], [ 123.978134351998349, 10.412767503074418 ], [ 123.978133234943471, 10.412405785997924 ], [ 123.977781701830921, 10.412350860702935 ], [ 123.977981924847015, 10.412611279160277 ], [ 123.977769239374169, 10.412859037984875 ], [ 123.9774951954263, 10.412859866943252 ], [ 123.977400498893374, 10.41177499172513 ], [ 123.977034550335418, 10.411595237807452 ], [ 123.976486743266207, 10.411687323350666 ], [ 123.975940328867722, 10.412231554644103 ], [ 123.976126926249123, 10.413497013459166 ], [ 123.976400970865726, 10.41349618562132 ], [ 123.976310737735901, 10.413858178842931 ] ], [ [ 123.97639874063259, 10.412772751117183 ], [ 123.976763295965696, 10.412500359129787 ], [ 123.976902879158331, 10.412154245068345 ], [ 123.976946549607419, 10.412680665556094 ], [ 123.977422615129669, 10.413083402069873 ], [ 123.977359574359923, 10.413247464214532 ], [ 123.977130361428735, 10.413041830444929 ], [ 123.97685631726884, 10.413042658871008 ], [ 123.976400970865726, 10.41349618562132 ], [ 123.97639874063259, 10.412772751117183 ] ] ], [ [ [ 123.960366242658651, 10.415710574642791 ], [ 123.960366286460797, 10.415725018865572 ], [ 123.960380877563125, 10.415724975503993 ], [ 123.960366242658651, 10.415710574642791 ] ] ], [ [ [ 123.975403382359957, 10.415850382497595 ], [ 123.975400875362382, 10.415036518554022 ], [ 123.975126550854952, 10.414946916320831 ], [ 123.974555023118981, 10.415170830296679 ], [ 123.974671199213248, 10.41540044103545 ], [ 123.974997895608894, 10.415281969055656 ], [ 123.975038543610012, 10.41603234400764 ], [ 123.975403382359957, 10.415850382497595 ] ] ], [ [ [ 123.983535953810389, 10.41663959832921 ], [ 123.983809157537422, 10.416367476620001 ], [ 123.983825350284135, 10.415971387842031 ], [ 123.984536573736435, 10.415280101462926 ], [ 123.984536011373905, 10.415099243302073 ], [ 123.984170336500512, 10.415009927397541 ], [ 123.98411709949626, 10.415442071379095 ], [ 123.983603384664235, 10.41565819710511 ], [ 123.983400656719567, 10.415569035542585 ], [ 123.983589480345017, 10.415230474373454 ], [ 123.982343647942884, 10.415105916167613 ], [ 123.982343086854257, 10.414925057885277 ], [ 123.982799829095825, 10.414923668967633 ], [ 123.983255728869239, 10.414650992045738 ], [ 123.984443257198237, 10.414647376214223 ], [ 123.984808087957788, 10.414465404611592 ], [ 123.985081288761734, 10.414193282054729 ], [ 123.98517123027456, 10.413740858211838 ], [ 123.984622017391857, 10.413380812356891 ], [ 123.984348365731492, 10.413507819653768 ], [ 123.984164434586873, 10.413110916364399 ], [ 123.983616347281369, 10.413112585033996 ], [ 123.983433932299107, 10.413203570170637 ], [ 123.983434493920839, 10.413384428412842 ], [ 123.983708537837728, 10.413383594329215 ], [ 123.983801290431046, 10.413835461795934 ], [ 123.98458548398736, 10.413769953467144 ], [ 123.984565466563765, 10.413933366789864 ], [ 123.984076739797459, 10.414286772858862 ], [ 123.982980560955909, 10.414290109335607 ], [ 123.982433313056319, 10.414563063592963 ], [ 123.98243387417682, 10.414743921874443 ], [ 123.982251177372575, 10.414744477301269 ], [ 123.982160389939509, 10.414925613269952 ], [ 123.982096737344037, 10.415316702340503 ], [ 123.98280151318248, 10.415466243733912 ], [ 123.98316774995503, 10.415736419417355 ], [ 123.983170277277992, 10.416550281428602 ], [ 123.983535953810389, 10.41663959832921 ] ] ], [ [ [ 123.980520597815541, 10.416377474036823 ], [ 123.979972224304731, 10.416288707790811 ], [ 123.979788966783843, 10.416108403486822 ], [ 123.979878636510989, 10.41556555123149 ], [ 123.979603471312657, 10.415204665356415 ], [ 123.979395534717284, 10.415162409854222 ], [ 123.979629449325742, 10.414992530749485 ], [ 123.980061333923771, 10.415564997115061 ], [ 123.980792683701239, 10.415743637966553 ], [ 123.981065889318998, 10.415471518438361 ], [ 123.981153875572588, 10.41438609096924 ], [ 123.980606065570115, 10.414478183880229 ], [ 123.980562710213718, 10.41522714506171 ], [ 123.979783650323355, 10.414390248508658 ], [ 123.979144211674566, 10.414392186687291 ], [ 123.978597239111778, 10.414755563948772 ], [ 123.978715493911622, 10.415162141187189 ], [ 123.978599195376063, 10.415388568647039 ], [ 123.978874080116611, 10.415659026240546 ], [ 123.979333900690349, 10.416652363557864 ], [ 123.979791205572866, 10.416831837106288 ], [ 123.980110568788945, 10.416715049056471 ], [ 123.980522838351618, 10.417100907485242 ], [ 123.981345260808283, 10.417188840275353 ], [ 123.981253070805423, 10.416917830277908 ], [ 123.980795765150575, 10.416738358907386 ], [ 123.980520597815541, 10.416377474036823 ] ] ], [ [ [ 123.973937905612985, 10.41458878021381 ], [ 123.973756876822179, 10.415131907032636 ], [ 123.973574457337918, 10.415222886905957 ], [ 123.973666918333478, 10.415584329165473 ], [ 123.974033982881963, 10.416125804087324 ], [ 123.974491562955194, 10.416395714907601 ], [ 123.974676488202178, 10.417118598536673 ], [ 123.975225419639685, 10.417388232500983 ], [ 123.975407839759413, 10.417297251627778 ], [ 123.975406446751293, 10.416845105038728 ], [ 123.975087081219641, 10.416961888563927 ], [ 123.974672869319946, 10.415943017108512 ], [ 123.97430691695223, 10.415763260417556 ], [ 123.973940130572529, 10.415312215168585 ], [ 123.974211951362435, 10.414587954163242 ], [ 123.973937905612985, 10.41458878021381 ] ] ], [ [ [ 123.978786924678801, 10.41701574143236 ], [ 123.9786046163604, 10.417142467519477 ], [ 123.978311670573703, 10.416691380952081 ], [ 123.97846488836025, 10.416267886962075 ], [ 123.978693898273619, 10.416473442794663 ], [ 123.978878273838703, 10.417015464660283 ], [ 123.979060692498649, 10.416924481818519 ], [ 123.979059573915606, 10.416562764935653 ], [ 123.978875477959406, 10.41611117239332 ], [ 123.978417895131798, 10.415841268141996 ], [ 123.977962268189614, 10.416204367947403 ], [ 123.977964502786847, 10.416927801958996 ], [ 123.97814831866917, 10.417288965836558 ], [ 123.978697252851916, 10.417558593543573 ], [ 123.978786924678801, 10.41701574143236 ] ] ], [ [ [ 123.980250190948922, 10.417553885063924 ], [ 123.980798286569396, 10.417552221449057 ], [ 123.979608787215014, 10.416922820340808 ], [ 123.979243390747783, 10.416923928096868 ], [ 123.979244229870147, 10.41719521573876 ], [ 123.980250190948922, 10.417553885063924 ] ] ], [ [ [ 123.981208512427216, 10.417344649114934 ], [ 123.981145473057964, 10.417508711860284 ], [ 123.981254752548921, 10.417460405229702 ], [ 123.981208512427216, 10.417344649114934 ] ] ], [ [ [ 123.968998991650267, 10.412614159805496 ], [ 123.96881601877422, 10.412524277932857 ], [ 123.968631939929963, 10.412072677836534 ], [ 123.967627388012048, 10.412166116857581 ], [ 123.967162146406679, 10.412543068575692 ], [ 123.967482821369458, 10.412855234353634 ], [ 123.96733712372378, 10.413353037533911 ], [ 123.967623158830193, 10.413939978764924 ], [ 123.967542701392787, 10.414347156318161 ], [ 123.967671319782255, 10.414753707888201 ], [ 123.967546197309304, 10.414889728073975 ], [ 123.967912762745541, 10.415872907410664 ], [ 123.967735315705823, 10.41759161561 ], [ 123.96791801496083, 10.417591068317991 ], [ 123.968098225725299, 10.416776655296015 ], [ 123.968371167621612, 10.416414116032419 ], [ 123.968369231798661, 10.415781109442891 ], [ 123.96864327904396, 10.415780288065418 ], [ 123.968916496192335, 10.415508177951448 ], [ 123.968915389462893, 10.415146459941605 ], [ 123.969580417881616, 10.415099051429417 ], [ 123.968917049572397, 10.415689036953237 ], [ 123.968918156363216, 10.416050754950753 ], [ 123.96837144417799, 10.416504545543166 ], [ 123.968009641068818, 10.417681224146747 ], [ 123.968283136879521, 10.417499543914211 ], [ 123.968282307212746, 10.417228255390093 ], [ 123.96864632197655, 10.416775012613948 ], [ 123.96919386453628, 10.416592510018775 ], [ 123.969467081806485, 10.416320399427514 ], [ 123.969647841842018, 10.415686844860796 ], [ 123.96983053988383, 10.415686296577068 ], [ 123.970193996571439, 10.415052193421865 ], [ 123.969914688229679, 10.413334855913359 ], [ 123.96927331279025, 10.412703767646006 ], [ 123.968999821557617, 10.412885448349479 ], [ 123.968998991650267, 10.412614159805496 ] ], [ [ 123.968853883145272, 10.413357686732093 ], [ 123.968701270808126, 10.412927639629991 ], [ 123.968779744630822, 10.412768577300625 ], [ 123.968817401690018, 10.412976425530667 ], [ 123.968999821557617, 10.412885448349479 ], [ 123.968853883145272, 10.413357686732093 ] ], [ [ 123.968642449206982, 10.415508999541387 ], [ 123.96827705319069, 10.415510094629822 ], [ 123.968232009300294, 10.415716479672238 ], [ 123.96809435516721, 10.415510642017669 ], [ 123.968088550269158, 10.413611621911201 ], [ 123.967971416473247, 10.413566757558517 ], [ 123.968087721090029, 10.413340333306072 ], [ 123.967776814752312, 10.412882643752207 ], [ 123.967984714476941, 10.41275866190767 ], [ 123.968086339175869, 10.412888185620568 ], [ 123.968546951761724, 10.414152830626277 ], [ 123.969003418088917, 10.414061031986536 ], [ 123.969226599649915, 10.413577843183097 ], [ 123.969310145985617, 10.413899397439209 ], [ 123.968548057957491, 10.414514548697925 ], [ 123.968184598293163, 10.415148650248534 ], [ 123.968594484374748, 10.414760311207896 ], [ 123.968915389462893, 10.415146459941605 ], [ 123.968642449206982, 10.415508999541387 ] ], [ [ 123.968697612585501, 10.413900913836883 ], [ 123.968617261679569, 10.413821851485709 ], [ 123.968773032819641, 10.413403320875718 ], [ 123.968936195143527, 10.413563866664349 ], [ 123.968697612585501, 10.413900913836883 ] ], [ [ 123.969051383631211, 10.414809720212368 ], [ 123.968888220547043, 10.414649174558395 ], [ 123.969597382841414, 10.41412429150772 ], [ 123.969771144002465, 10.414330020153365 ], [ 123.969051383631211, 10.414809720212368 ] ] ], [ [ [ 123.979153160354187, 10.417285921835452 ], [ 123.979062650118436, 10.417557486343716 ], [ 123.979611305599818, 10.417736683163371 ], [ 123.979886193379158, 10.418007139581684 ], [ 123.979884793816879, 10.417554993619186 ], [ 123.979153160354187, 10.417285921835452 ] ] ], [ [ [ 123.971024178084164, 10.41767217783458 ], [ 123.971937395982181, 10.417579001515298 ], [ 123.972665691669704, 10.41676293760848 ], [ 123.972573509095852, 10.416491924410503 ], [ 123.971934064784264, 10.416493848575273 ], [ 123.971296007379735, 10.416947918616311 ], [ 123.970904823923277, 10.416903879237276 ], [ 123.971203548506494, 10.416586475491071 ], [ 123.971477596224574, 10.416585651623548 ], [ 123.97220700172862, 10.416131306455974 ], [ 123.973120770351429, 10.416218985959333 ], [ 123.973211563548645, 10.416037852060668 ], [ 123.973394261601086, 10.416037301724483 ], [ 123.973393149650292, 10.415675584208543 ], [ 123.973209895953815, 10.415495275754147 ], [ 123.972752873775761, 10.415406221666158 ], [ 123.972386367605353, 10.415045603797036 ], [ 123.972020694967171, 10.414956273689427 ], [ 123.971929733464748, 10.415082721339083 ], [ 123.971837997469564, 10.414956823184745 ], [ 123.971837164937597, 10.414685534904573 ], [ 123.972476605581591, 10.414683611266573 ], [ 123.972658747403045, 10.414502202609436 ], [ 123.972747596218355, 10.413688062996417 ], [ 123.972382480406807, 10.413779591997057 ], [ 123.972383035690072, 10.413960450831791 ], [ 123.971699787286212, 10.414483142245361 ], [ 123.971609135208737, 10.414797679859225 ], [ 123.971417065346756, 10.414705541970758 ], [ 123.971289904915167, 10.414958471045281 ], [ 123.971508708292745, 10.415375490324092 ], [ 123.971963226895753, 10.415629871563302 ], [ 123.971201884294416, 10.416043898878398 ], [ 123.970837874243443, 10.416497144172242 ], [ 123.970381682354656, 10.416679375141957 ], [ 123.970291718671092, 10.417131796763551 ], [ 123.970475526264522, 10.417492965834189 ], [ 123.970202031901835, 10.417674647825761 ], [ 123.970203140392314, 10.418036365640656 ], [ 123.970020718078203, 10.418127343717844 ], [ 123.970021272238583, 10.418308202630993 ], [ 123.97029532155743, 10.418307379640035 ], [ 123.971024178084164, 10.41767217783458 ] ], [ [ 123.971023068686719, 10.417310460099875 ], [ 123.970973787446596, 10.417425423302451 ], [ 123.970813106293022, 10.417347740061073 ], [ 123.971023068686719, 10.417310460099875 ] ], [ [ 123.971875032494793, 10.416835921374714 ], [ 123.97195538498886, 10.416914982749581 ], [ 123.971388466502077, 10.417309361687593 ], [ 123.971088632032647, 10.417265047909044 ], [ 123.971388189053783, 10.417218932262459 ], [ 123.971875032494793, 10.416835921374714 ] ], [ [ 123.972297517783815, 10.415859743361903 ], [ 123.972089530791379, 10.415733720431247 ], [ 123.972246075305506, 10.41565193728772 ], [ 123.973058050042084, 10.415897569121285 ], [ 123.972737605228644, 10.415982506477231 ], [ 123.972297517783815, 10.415859743361903 ] ] ], [ [ [ 123.983998039085819, 10.418356360044067 ], [ 123.983997195754824, 10.418085072809651 ], [ 123.983175051683816, 10.418087576225073 ], [ 123.983647151244938, 10.418213957346085 ], [ 123.983176175182393, 10.418449292626182 ], [ 123.983541853981052, 10.418538609306996 ], [ 123.983998039085819, 10.418356360044067 ] ] ], [ [ [ 123.969289643337703, 10.418039107697179 ], [ 123.969378224275161, 10.417134538835375 ], [ 123.969194418135714, 10.416773368993566 ], [ 123.968617087110175, 10.417016718797253 ], [ 123.968283966569345, 10.417770832433696 ], [ 123.968285349436741, 10.41822297995593 ], [ 123.968468325663579, 10.41831286181484 ], [ 123.96873960809981, 10.417407745223732 ], [ 123.968816241894544, 10.417288450315533 ], [ 123.96895798759418, 10.417417036372392 ], [ 123.96883123436389, 10.417497900801767 ], [ 123.968832617982926, 10.41795004825816 ], [ 123.968559398822364, 10.418222158458184 ], [ 123.96865213207046, 10.418674032033817 ], [ 123.969289643337703, 10.418039107697179 ] ] ], [ [ [ 123.982921591227196, 10.416487907164115 ], [ 123.982712409965032, 10.416189954597225 ], [ 123.982347014692394, 10.416191065818413 ], [ 123.982622745139437, 10.416732807194487 ], [ 123.983172523963788, 10.417273714292538 ], [ 123.983629550490036, 10.417362752972055 ], [ 123.984179050943055, 10.417813228984281 ], [ 123.98481877693375, 10.417901709168799 ], [ 123.985064350128198, 10.418382782226692 ], [ 123.985460473908176, 10.418623191304969 ], [ 123.986008570537024, 10.418621518596151 ], [ 123.986737392575989, 10.417986283838099 ], [ 123.986734573768274, 10.417081993766038 ], [ 123.987099687623171, 10.416990448441009 ], [ 123.987190472558595, 10.416809311300458 ], [ 123.987187934739922, 10.41599545029009 ], [ 123.986911633799679, 10.415272855457101 ], [ 123.986728936934213, 10.415273413467593 ], [ 123.986178874735103, 10.414642083615746 ], [ 123.985813200114521, 10.414552769579865 ], [ 123.98526708024238, 10.415187444738718 ], [ 123.985177701412923, 10.415820726713722 ], [ 123.984995566800038, 10.416002141891568 ], [ 123.984265339410342, 10.416185227255031 ], [ 123.984174552854512, 10.416366363710933 ], [ 123.984722927021252, 10.416455122633916 ], [ 123.985361524449189, 10.416181885772838 ], [ 123.985634163053987, 10.415728904585132 ], [ 123.985632755522644, 10.41527675934155 ], [ 123.985953266261149, 10.414788340861664 ], [ 123.986090061091005, 10.415456223757497 ], [ 123.986547930683258, 10.415816545514936 ], [ 123.986641251978952, 10.416449269683616 ], [ 123.986276702002726, 10.416721672492667 ], [ 123.986186198241654, 10.416993238446562 ], [ 123.98628008289846, 10.417806820747382 ], [ 123.985641876146957, 10.418206231990151 ], [ 123.985185163755787, 10.417809731504967 ], [ 123.985105590965233, 10.417488005292235 ], [ 123.984086014993252, 10.417270932813469 ], [ 123.983902473649607, 10.417000202057396 ], [ 123.983211735474384, 10.416750399341483 ], [ 123.983170277277992, 10.416550281428602 ], [ 123.982921591227196, 10.416487907164115 ] ] ], [ [ [ 123.958787968964955, 10.419246040795271 ], [ 123.958788242835283, 10.419336470546035 ], [ 123.958879593213595, 10.419336199421465 ], [ 123.958787968964955, 10.419246040795271 ] ] ], [ [ [ 123.968195105871004, 10.418584971754671 ], [ 123.968012406051997, 10.418585519256943 ], [ 123.967739738496718, 10.419038487887407 ], [ 123.967465688331117, 10.419039308747401 ], [ 123.967464030181901, 10.41849673161474 ], [ 123.967737250596386, 10.418224622247571 ], [ 123.967189151664144, 10.418226263600761 ], [ 123.967099459304364, 10.418769114269036 ], [ 123.967283540839375, 10.419220714906952 ], [ 123.968014618222568, 10.419308955308084 ], [ 123.968195105871004, 10.418584971754671 ] ] ], [ [ [ 123.975169206239613, 10.420964278918936 ], [ 123.975053027358797, 10.420734668659 ], [ 123.974870326660366, 10.420735220189929 ], [ 123.97496251274508, 10.421006232363128 ], [ 123.975169206239613, 10.420964278918936 ] ] ], [ [ [ 123.979434203004672, 10.419545821138176 ], [ 123.97961690276037, 10.419545267064292 ], [ 123.979616063120403, 10.419273979492287 ], [ 123.979798202855306, 10.419092566954978 ], [ 123.979571893771293, 10.418617689803575 ], [ 123.980070012120734, 10.418368302072293 ], [ 123.980435410179965, 10.418367193219229 ], [ 123.980343500552394, 10.418186612117035 ], [ 123.979521075493992, 10.418098676970361 ], [ 123.979212137802222, 10.418299316994821 ], [ 123.979064607864842, 10.418190490843708 ], [ 123.978974936378947, 10.418733342980619 ], [ 123.979158195149552, 10.418913647624825 ], [ 123.979251223461333, 10.419455945907742 ], [ 123.978840786907099, 10.419663439429351 ], [ 123.978429074623136, 10.419458437458156 ], [ 123.978427956488048, 10.419096720563571 ], [ 123.978019229315223, 10.418712824709958 ], [ 123.97851706990707, 10.41837301004478 ], [ 123.978515951790612, 10.418011293135386 ], [ 123.977782642323987, 10.417199642711564 ], [ 123.977597710017591, 10.416476761535579 ], [ 123.977265317828824, 10.416334825279012 ], [ 123.977415291104165, 10.416567743560716 ], [ 123.977325168954934, 10.416965480378302 ], [ 123.977233151195549, 10.41674915476146 ], [ 123.976959103805555, 10.416749983569767 ], [ 123.976959661891115, 10.416930842123991 ], [ 123.976513663285516, 10.417361490755978 ], [ 123.976139192004737, 10.417475902969686 ], [ 123.976543437844512, 10.418389439395705 ], [ 123.976326910929842, 10.419103078037658 ], [ 123.976053697951954, 10.419375194121246 ], [ 123.976239465896597, 10.420369364062553 ], [ 123.976623274355234, 10.420394001459782 ], [ 123.97642328226901, 10.420730528852534 ], [ 123.976880592036721, 10.420910006127253 ], [ 123.977062624012518, 10.420692851536737 ], [ 123.977154363858347, 10.42081874780675 ], [ 123.977885166285688, 10.420816535822675 ], [ 123.978432708847549, 10.420634017308688 ], [ 123.978616527813656, 10.420995180588735 ], [ 123.97879922845874, 10.420994626904895 ], [ 123.978890019353486, 10.420813491619839 ], [ 123.978706200212812, 10.420452328511947 ], [ 123.97806591062367, 10.420182977979723 ], [ 123.977609160073612, 10.420184360839475 ], [ 123.977333992759057, 10.419823473245597 ], [ 123.977332038189658, 10.419190468481276 ], [ 123.977056872150499, 10.418829580518851 ], [ 123.977145709620942, 10.418015440824075 ], [ 123.977029944922947, 10.417634057114213 ], [ 123.977209585154228, 10.417449662021136 ], [ 123.977237059116959, 10.418015164493962 ], [ 123.97773417389763, 10.418160101393607 ], [ 123.977329525357604, 10.418376605175823 ], [ 123.977330921349619, 10.418828751461762 ], [ 123.977514179322966, 10.419009057127587 ], [ 123.977699392813832, 10.419822367362361 ], [ 123.978797270704618, 10.420361622464512 ], [ 123.978979970970556, 10.420361068711042 ], [ 123.979435042509976, 10.419817108720453 ], [ 123.979434203004672, 10.419545821138176 ] ], [ [ 123.976785892599494, 10.419825131288288 ], [ 123.976658161141216, 10.419735087437772 ], [ 123.977058994903572, 10.419517271207877 ], [ 123.977267872903184, 10.419688028166892 ], [ 123.976785892599494, 10.419825131288288 ] ], [ [ 123.976788404380798, 10.420638994653137 ], [ 123.976660735859127, 10.420361621673948 ], [ 123.976868639970277, 10.420237633972048 ], [ 123.977097999374593, 10.420457197953855 ], [ 123.976788404380798, 10.420638994653137 ] ] ], [ [ [ 123.957972383581293, 10.421418794121479 ], [ 123.957805769517108, 10.421068108058583 ], [ 123.958244520253785, 10.420784972921016 ], [ 123.958277170029959, 10.420316727867702 ], [ 123.958482780676079, 10.420008309520247 ], [ 123.958242330302099, 10.420061534849935 ], [ 123.958152348264548, 10.420513954621809 ], [ 123.957605885199115, 10.421058158558523 ], [ 123.957826287765414, 10.421610545458922 ], [ 123.957972383581293, 10.421418794121479 ] ] ], [ [ [ 123.977429531960397, 10.421179635472624 ], [ 123.977428973369001, 10.420998776991491 ], [ 123.976607657216221, 10.421272552015079 ], [ 123.976608215348918, 10.421453410537643 ], [ 123.97679119549386, 10.421543287231911 ], [ 123.977339577939588, 10.421632058147621 ], [ 123.977430369866795, 10.421450923190489 ], [ 123.977130529657686, 10.421406615526324 ], [ 123.977429531960397, 10.421179635472624 ] ], [ [ 123.976881708587285, 10.421271723148871 ], [ 123.976850777008096, 10.421382072551722 ], [ 123.976770427458277, 10.421303012627487 ], [ 123.976881708587285, 10.421271723148871 ] ] ], [ [ [ 123.976151741687303, 10.421545220757368 ], [ 123.975694988891007, 10.421546601064714 ], [ 123.975696104144035, 10.421908318200334 ], [ 123.976061227885154, 10.421816784693855 ], [ 123.976151741687303, 10.421545220757368 ] ] ], [ [ [ 123.978527694074586, 10.421809320273256 ], [ 123.978527134814883, 10.421628461858695 ], [ 123.978161453225255, 10.421539139660563 ], [ 123.978160614678913, 10.421267852003623 ], [ 123.978525736710779, 10.421176315813316 ], [ 123.978524897879353, 10.42090502817989 ], [ 123.977794374783059, 10.420997670875362 ], [ 123.977705259493035, 10.42172138129636 ], [ 123.978071220720423, 10.421901133226456 ], [ 123.978527694074586, 10.421809320273256 ] ] ], [ [ [ 123.958788487249052, 10.422602426700005 ], [ 123.958788566886355, 10.422628713612742 ], [ 123.958991451266641, 10.422601824092594 ], [ 123.958788487249052, 10.422602426700005 ] ] ], [ [ [ 123.95738454233468, 10.422706059870913 ], [ 123.957611083623817, 10.422776324138468 ], [ 123.957610020782269, 10.422425061913952 ], [ 123.957600067249388, 10.422324203926216 ], [ 123.95738454233468, 10.422706059870913 ] ] ], [ [ [ 123.97606345933724, 10.422540218865583 ], [ 123.975667415122018, 10.422588231442015 ], [ 123.975972945248756, 10.422811782793572 ], [ 123.97606345933724, 10.422540218865583 ] ] ], [ [ [ 123.952041363020655, 10.423697097434843 ], [ 123.952041635065299, 10.423787527339295 ], [ 123.952132986920986, 10.423787258025961 ], [ 123.952041363020655, 10.423697097434843 ] ] ], [ [ [ 123.971124873723014, 10.423862359659269 ], [ 123.971124918056304, 10.423876803828053 ], [ 123.971139509490754, 10.423876759941828 ], [ 123.971124873723014, 10.423862359659269 ] ] ], [ [ [ 123.977711406758615, 10.423710824221949 ], [ 123.977710847864714, 10.423529965784475 ], [ 123.977437073954093, 10.423621224766608 ], [ 123.97752954267321, 10.423982665095602 ], [ 123.977711406758615, 10.423710824221949 ] ] ], [ [ [ 123.95816302527399, 10.424040714901766 ], [ 123.958163299094053, 10.424131144642256 ], [ 123.958280162044744, 10.424085582592157 ], [ 123.95816302527399, 10.424040714901766 ] ] ], [ [ [ 123.974743250877751, 10.423965699708619 ], [ 123.974880634693108, 10.424081104373562 ], [ 123.974880077412067, 10.423900245787035 ], [ 123.97446409729649, 10.423882117329228 ], [ 123.974424156540977, 10.424172912505599 ], [ 123.974570370518308, 10.424244311933617 ], [ 123.974743250877751, 10.423965699708619 ] ] ], [ [ [ 123.987923523907426, 10.421524356938217 ], [ 123.987753523318787, 10.421600371340935 ], [ 123.987846849829808, 10.42223309455308 ], [ 123.988305579268228, 10.422864699358636 ], [ 123.988766571755264, 10.424219734641618 ], [ 123.988670981659808, 10.422863580621096 ], [ 123.987923523907426, 10.421524356938217 ] ] ], [ [ [ 123.988035198910126, 10.424041114338804 ], [ 123.988035763789711, 10.424221972208125 ], [ 123.988310099319065, 10.424311562242702 ], [ 123.988217900811776, 10.424040555113661 ], [ 123.988035198910126, 10.424041114338804 ] ] ], [ [ [ 123.958164394399589, 10.424492863599047 ], [ 123.95807304249945, 10.424493134653211 ], [ 123.958073316305843, 10.424583564393558 ], [ 123.958164394399589, 10.424492863599047 ] ] ], [ [ [ 123.974694310577235, 10.422906075069456 ], [ 123.974237555599245, 10.422907453475613 ], [ 123.974236998753966, 10.422726594841215 ], [ 123.974602681057448, 10.422815921495758 ], [ 123.974966970385395, 10.422453101221572 ], [ 123.975423724601825, 10.422451721833923 ], [ 123.975330980153473, 10.42199985130882 ], [ 123.974874505167918, 10.422091659808734 ], [ 123.974560026055627, 10.422569354314147 ], [ 123.974479159154541, 10.422334824375831 ], [ 123.974691803668961, 10.422092211309353 ], [ 123.974690132512535, 10.42154963544615 ], [ 123.974964184282967, 10.42154880820048 ], [ 123.975147442755699, 10.421729115171432 ], [ 123.975420658454482, 10.421456999643578 ], [ 123.975328750510954, 10.421276416954441 ], [ 123.974963348502442, 10.421277520284123 ], [ 123.974870883761199, 10.420916078812471 ], [ 123.974231709236733, 10.4210084377117 ], [ 123.973931036186329, 10.420692838954405 ], [ 123.974778140754239, 10.420464207971262 ], [ 123.974959727054454, 10.420101939259734 ], [ 123.975325127693324, 10.420100836058328 ], [ 123.975204036572876, 10.420643782574132 ], [ 123.975419822286582, 10.421185711762677 ], [ 123.975414248425906, 10.419377125771726 ], [ 123.974866427242333, 10.419469209774636 ], [ 123.974228368967346, 10.419923285744721 ], [ 123.973589474292083, 10.420106072549656 ], [ 123.973316536019212, 10.420468615928669 ], [ 123.973501461889924, 10.421191500084866 ], [ 123.973319317071656, 10.4213729094551 ], [ 123.973140509074184, 10.422639470949211 ], [ 123.972958085211346, 10.422730450840904 ], [ 123.972961143930462, 10.423725173684019 ], [ 123.973143568344696, 10.423634193743814 ], [ 123.973415952858275, 10.423090791640398 ], [ 123.973414840105789, 10.422729074284927 ], [ 123.973688058237173, 10.422456960038604 ], [ 123.973777182958756, 10.421733249909163 ], [ 123.973959495981276, 10.421606526189201 ], [ 123.974168650958845, 10.42186771450614 ], [ 123.973961275894396, 10.422184845597233 ], [ 123.973963224236684, 10.422817850882021 ], [ 123.973506747500792, 10.422909657569331 ], [ 123.973362207900266, 10.423483781812973 ], [ 123.973052495204328, 10.423724898397898 ], [ 123.973053051421175, 10.423905757085043 ], [ 123.973363769648373, 10.424085680873114 ], [ 123.973191269125735, 10.424292450549041 ], [ 123.972961978180606, 10.423996461721327 ], [ 123.97277927546709, 10.423997012230075 ], [ 123.972871739089101, 10.424358454374476 ], [ 123.973420682514856, 10.424628090309202 ], [ 123.973694180453776, 10.424446405263087 ], [ 123.973693345532809, 10.424175117292586 ], [ 123.973396683194252, 10.424022318058592 ], [ 123.973966564545151, 10.423903002740147 ], [ 123.974421928511916, 10.423449478052705 ], [ 123.97497003539533, 10.423447823485352 ], [ 123.975243531346536, 10.423266137275581 ], [ 123.975425397177133, 10.422994297547838 ], [ 123.975424003357972, 10.422542151120867 ], [ 123.974967249009822, 10.422543530520858 ], [ 123.974694310577235, 10.422906075069456 ] ], [ [ 123.973911981840601, 10.421074365601228 ], [ 123.973958214468183, 10.421190122955922 ], [ 123.974186234218422, 10.421073615725408 ], [ 123.974444468499357, 10.421408108260104 ], [ 123.974128252201908, 10.421495374915997 ], [ 123.97395877106797, 10.421370981622619 ], [ 123.973911981840601, 10.421074365601228 ] ] ], [ [ [ 123.988401732894133, 10.424401711480805 ], [ 123.988402298005369, 10.424582569325999 ], [ 123.988676351296903, 10.424581730091173 ], [ 123.988675786027571, 10.424400872260987 ], [ 123.988401732894133, 10.424401711480805 ] ] ], [ [ [ 123.976142133330256, 10.424922116635388 ], [ 123.976222483705158, 10.425001176630282 ], [ 123.976253415750449, 10.424890827260118 ], [ 123.976142133330256, 10.424922116635388 ] ] ], [ [ [ 123.974700996684902, 10.425076378225961 ], [ 123.974701553927474, 10.425257236808974 ], [ 123.974884257270745, 10.425256685135713 ], [ 123.974883699922785, 10.425075826562566 ], [ 123.974700996684902, 10.425076378225961 ] ] ], [ [ [ 123.986760234518158, 10.425311031525251 ], [ 123.986757695680666, 10.424497170837888 ], [ 123.986665780452867, 10.424316592117481 ], [ 123.986391727226447, 10.424317429608351 ], [ 123.986025477303727, 10.424047258929646 ], [ 123.985770374106906, 10.423547141347466 ], [ 123.985916134222137, 10.423384205107922 ], [ 123.986390881325917, 10.424046142670258 ], [ 123.98693898728115, 10.424044467498712 ], [ 123.986935037842358, 10.422778461936028 ], [ 123.987071702431706, 10.422662225087173 ], [ 123.987118021207408, 10.42286833237389 ], [ 123.98775916959498, 10.423408950369526 ], [ 123.987852214614847, 10.423951244519168 ], [ 123.988217335837206, 10.42385969725227 ], [ 123.988123725357411, 10.423136545386734 ], [ 123.987115764172145, 10.422144900622568 ], [ 123.986750362446287, 10.422146017506853 ], [ 123.986385806415186, 10.422418420944393 ], [ 123.986387497958361, 10.422960994871531 ], [ 123.986662396043059, 10.423231444427167 ], [ 123.986755157054077, 10.423683310108828 ], [ 123.986641125716687, 10.423996663750247 ], [ 123.986113445894034, 10.422961832015373 ], [ 123.985565060001946, 10.422873076589882 ], [ 123.985292134418941, 10.423235629085019 ], [ 123.985293824205868, 10.423778203163934 ], [ 123.985477652893096, 10.42413936154108 ], [ 123.985752833184705, 10.424500240831881 ], [ 123.986420019758299, 10.424626584064431 ], [ 123.986301503944162, 10.424679424640029 ], [ 123.986302913750691, 10.425131569528736 ], [ 123.986486180430006, 10.42531186917674 ], [ 123.986760234518158, 10.425311031525251 ] ] ], [ [ [ 123.985298612443799, 10.425315496286968 ], [ 123.98493236209957, 10.425045324393164 ], [ 123.984974077971188, 10.424654710494517 ], [ 123.985114783136623, 10.424954337877137 ], [ 123.985480751773039, 10.425134080560152 ], [ 123.98575452398056, 10.425042814792786 ], [ 123.985021460742757, 10.424321613541492 ], [ 123.984656056248298, 10.424322728265857 ], [ 123.984474198249416, 10.42459457256205 ], [ 123.984475605407951, 10.425046717702644 ], [ 123.984750785520575, 10.425407597868528 ], [ 123.985298612443799, 10.425315496286968 ] ] ], [ [ [ 123.976530820186213, 10.425975149297459 ], [ 123.976713523848119, 10.425974596541241 ], [ 123.976713244625188, 10.425884167308416 ], [ 123.976530820186213, 10.425975149297459 ] ] ], [ [ [ 123.985846157122438, 10.425132964807057 ], [ 123.985847002642316, 10.425404251771523 ], [ 123.986120768939927, 10.425584915471644 ], [ 123.986123030388555, 10.426036417507031 ], [ 123.9862132541259, 10.425674422501009 ], [ 123.986669729405051, 10.425582597662498 ], [ 123.986669165237814, 10.425401739733683 ], [ 123.985846157122438, 10.425132964807057 ] ] ], [ [ [ 123.979545149247485, 10.425875586320277 ], [ 123.979362445798344, 10.425876140688944 ], [ 123.97918002227334, 10.425967124119273 ], [ 123.979180582149965, 10.426147982449754 ], [ 123.979514926768729, 10.426026159212862 ], [ 123.979545149247485, 10.425875586320277 ] ] ], [ [ [ 123.985757905853305, 10.426127962658958 ], [ 123.985849257476659, 10.426127683654114 ], [ 123.985848975613251, 10.426037254670605 ], [ 123.985757905853305, 10.426127962658958 ] ] ], [ [ [ 123.975298886025385, 10.426405634943411 ], [ 123.975436271176292, 10.426521039236913 ], [ 123.975251894264389, 10.425979015669158 ], [ 123.975024150320962, 10.426185953189339 ], [ 123.974795134884275, 10.425980395277053 ], [ 123.975004875376925, 10.426459211482744 ], [ 123.975253567126032, 10.426521591292284 ], [ 123.975298886025385, 10.426405634943411 ] ] ], [ [ [ 123.975253567126032, 10.426521591292284 ], [ 123.975253845945261, 10.426612020561016 ], [ 123.975345197998067, 10.426611744543909 ], [ 123.975344919152448, 10.426521315277641 ], [ 123.975253567126032, 10.426521591292284 ] ] ], [ [ [ 123.977720629999325, 10.42669498814327 ], [ 123.977603768195692, 10.426740557129007 ], [ 123.97772090953535, 10.426785417344258 ], [ 123.977720629999325, 10.42669498814327 ] ] ], [ [ [ 123.95406119146179, 10.427037070728232 ], [ 123.954060646034392, 10.42685621106196 ], [ 123.953877940634172, 10.426856750922154 ], [ 123.953878485956125, 10.427037610598079 ], [ 123.95406119146179, 10.427037070728232 ] ] ], [ [ [ 123.972240616546983, 10.427073261232197 ], [ 123.972239782667501, 10.426801973188319 ], [ 123.972057078279107, 10.426802523432242 ], [ 123.972057912000537, 10.427073811490896 ], [ 123.972240616546983, 10.427073261232197 ] ] ], [ [ [ 123.977355780799201, 10.426876953199569 ], [ 123.977172517887922, 10.426696647939306 ], [ 123.976715757724193, 10.426698030385229 ], [ 123.976531936892812, 10.426336866243334 ], [ 123.976165970968793, 10.426157112990547 ], [ 123.976165412831463, 10.425976254496824 ], [ 123.975890799319529, 10.425796224611821 ], [ 123.975889962385523, 10.425524936842072 ], [ 123.976184816530917, 10.425117341750274 ], [ 123.975705585458556, 10.424982913520942 ], [ 123.975748757417321, 10.426359391497837 ], [ 123.97653417042973, 10.427060300110389 ], [ 123.977355780799201, 10.426876953199569 ] ] ], [ [ [ 123.98076346131046, 10.421053708323255 ], [ 123.980719826621083, 10.421712240126368 ], [ 123.980903929174659, 10.42216383091114 ], [ 123.98209289017646, 10.422612366741465 ], [ 123.982823976596052, 10.422700572181025 ], [ 123.983464836914848, 10.423150770436084 ], [ 123.984104292591809, 10.423148821994598 ], [ 123.984285306251536, 10.422605690797315 ], [ 123.983827428312154, 10.422245366621009 ], [ 123.983553376661661, 10.422246201514447 ], [ 123.983186850490171, 10.421885598025977 ], [ 123.982909709364449, 10.420891712352145 ], [ 123.982543466350378, 10.420621536988371 ], [ 123.982178065895809, 10.4206226484882 ], [ 123.981994523865467, 10.420351916721733 ], [ 123.981537212692771, 10.420172446944481 ], [ 123.981353110697398, 10.419720856445803 ], [ 123.980986590045873, 10.419360249879732 ], [ 123.980712540682831, 10.419361082109745 ], [ 123.98062035039645, 10.419090071974324 ], [ 123.981077098939764, 10.419088684961515 ], [ 123.981627440791812, 10.419810452772555 ], [ 123.982268293319109, 10.420260654201213 ], [ 123.98263369334191, 10.420259542636856 ], [ 123.982672355667006, 10.419913523786709 ], [ 123.982999093323201, 10.420258430655347 ], [ 123.983384976999247, 10.419865797567711 ], [ 123.983183478935416, 10.420800449032612 ], [ 123.983276233977833, 10.421252316315467 ], [ 123.983826584804092, 10.421974079438035 ], [ 123.984375250212878, 10.422153267084484 ], [ 123.985014703679425, 10.422151317009259 ], [ 123.985287910361478, 10.421879193806605 ], [ 123.98528706562017, 10.421607906737028 ], [ 123.984371311865672, 10.420887260392957 ], [ 123.984324151465572, 10.420409865322643 ], [ 123.984919694083885, 10.420976018225174 ], [ 123.985559426682883, 10.421064496301353 ], [ 123.985832631989226, 10.420792372745481 ], [ 123.985779134195084, 10.420290612711685 ], [ 123.986470672953601, 10.420338275024283 ], [ 123.986834944673035, 10.419975442693488 ], [ 123.986834098752453, 10.419704155718703 ], [ 123.986192678195152, 10.419073105891616 ], [ 123.985644580807545, 10.419074778988071 ], [ 123.985188788617776, 10.419383202952572 ], [ 123.985096201876459, 10.418986022102427 ], [ 123.984729959591348, 10.418715849179222 ], [ 123.983999163563539, 10.418718076349377 ], [ 123.983680081223952, 10.418925297403458 ], [ 123.982719989360319, 10.418631540772257 ], [ 123.982719147111879, 10.418360253438003 ], [ 123.981532556167338, 10.418670894943716 ], [ 123.98131308323461, 10.418454958091106 ], [ 123.98217076980967, 10.418271491343981 ], [ 123.982533922085793, 10.417546947144718 ], [ 123.982807688966062, 10.417455684385084 ], [ 123.982806566002907, 10.417093967921559 ], [ 123.982347856438125, 10.416462353219568 ], [ 123.981799202127078, 10.416283161017509 ], [ 123.98198526574258, 10.417367755456644 ], [ 123.981621831889086, 10.418001869994091 ], [ 123.981165085003369, 10.418003257639993 ], [ 123.980982946705979, 10.418184670837775 ], [ 123.981075977791235, 10.418726968346226 ], [ 123.981350026570169, 10.418726135855501 ], [ 123.981533286575612, 10.418906439015194 ], [ 123.982537851713943, 10.418812954799437 ], [ 123.982629762764049, 10.418993535132197 ], [ 123.982903811647759, 10.418992701289605 ], [ 123.983544382976106, 10.419352471085178 ], [ 123.984366249024816, 10.419259537355662 ], [ 123.984916316835552, 10.419890869737698 ], [ 123.98593974699132, 10.419488716333623 ], [ 123.986236855258454, 10.419682445367719 ], [ 123.985373065954221, 10.419889476486437 ], [ 123.985283686889176, 10.420522758412417 ], [ 123.985009636864859, 10.420523594415515 ], [ 123.98427743044023, 10.420073677315745 ], [ 123.984003661890085, 10.420164941488411 ], [ 123.983914279996142, 10.420798223281535 ], [ 123.984098105098951, 10.421159382822834 ], [ 123.984856385237933, 10.421744865420433 ], [ 123.984556825711579, 10.421790993883159 ], [ 123.983824054420182, 10.421160217861352 ], [ 123.983545788064248, 10.419804616499469 ], [ 123.982906058262074, 10.419716134102064 ], [ 123.982722797023698, 10.419535831853011 ], [ 123.982266439635126, 10.419663393736839 ], [ 123.981808737995067, 10.419357751781906 ], [ 123.981746709358305, 10.419147408017993 ], [ 123.980892998364325, 10.418637094049636 ], [ 123.980254111360864, 10.418819893587628 ], [ 123.980163601788377, 10.419091458335387 ], [ 123.979889832543719, 10.419182719023969 ], [ 123.979708532545899, 10.419635419175414 ], [ 123.980256071756997, 10.419452897811682 ], [ 123.980255511630887, 10.419272039464522 ], [ 123.980529560953741, 10.419271207632999 ], [ 123.980988271734944, 10.419902824792837 ], [ 123.980898603416122, 10.420445677153298 ], [ 123.981447825750834, 10.420805728503529 ], [ 123.981631928660292, 10.421257318847182 ], [ 123.982180030526195, 10.421255652275311 ], [ 123.982456327503655, 10.421978251446372 ], [ 123.981450349877605, 10.421619590680452 ], [ 123.980990794443372, 10.420716687127792 ], [ 123.980442973479512, 10.42080878073714 ], [ 123.980352183524275, 10.420989916381174 ], [ 123.97971217163095, 10.42081099856177 ], [ 123.979711611743255, 10.420630140200293 ], [ 123.980351343127992, 10.420718628893349 ], [ 123.980533483160158, 10.420537215915681 ], [ 123.980807533565837, 10.420536383745327 ], [ 123.980806973061547, 10.420355525440311 ], [ 123.980442133019736, 10.420537493253654 ], [ 123.979711331803301, 10.42053971101879 ], [ 123.979617742423713, 10.419816554631701 ], [ 123.979435042509976, 10.419817108720453 ], [ 123.979255140578076, 10.420721954661911 ], [ 123.978617646376435, 10.421356897420315 ], [ 123.978985286170158, 10.422079223467868 ], [ 123.97956344029528, 10.422213115180904 ], [ 123.978803983531577, 10.422531923297981 ], [ 123.978922242462247, 10.42293849997551 ], [ 123.978805941719784, 10.423164927651905 ], [ 123.978988923423145, 10.423254802931297 ], [ 123.979081393743229, 10.423616242666755 ], [ 123.979813602566793, 10.424066171490258 ], [ 123.980178727124908, 10.423974633175634 ], [ 123.980634081375314, 10.423521100451389 ], [ 123.982004065489988, 10.423426506530017 ], [ 123.982479592583132, 10.423648374998896 ], [ 123.982416553290463, 10.423812437985497 ], [ 123.982370311599865, 10.423696682208275 ], [ 123.980908695119382, 10.423701126221225 ], [ 123.980543571163253, 10.423792665322376 ], [ 123.98017928746745, 10.424155491474242 ], [ 123.980273440800815, 10.425059505552605 ], [ 123.981370499822248, 10.425327462244855 ], [ 123.981498515566102, 10.425507932957208 ], [ 123.981371341484149, 10.425598749572032 ], [ 123.981005935098821, 10.425599860262153 ], [ 123.980822671096391, 10.425419557203325 ], [ 123.97979815345083, 10.425544051313329 ], [ 123.980000507005698, 10.425422054215886 ], [ 123.979814722851003, 10.424427888123001 ], [ 123.979173304560277, 10.423796823992907 ], [ 123.978624638330203, 10.423617627431025 ], [ 123.978530490528058, 10.422713612315173 ], [ 123.978136429306318, 10.4224789396792 ], [ 123.978712073356121, 10.422351341798622 ], [ 123.978802025469975, 10.421898918918821 ], [ 123.977797448322377, 10.421992392387349 ], [ 123.97770648752288, 10.422118841598902 ], [ 123.977248785914838, 10.421813193086541 ], [ 123.976700682262916, 10.42181485129907 ], [ 123.976513227608251, 10.422006735279819 ], [ 123.976520492605658, 10.422629267157657 ], [ 123.976977526075572, 10.422718314772592 ], [ 123.977161344887662, 10.423079478884262 ], [ 123.977527307518969, 10.423259231306094 ], [ 123.977709450675007, 10.423077819681728 ], [ 123.977708612392163, 10.422806532013906 ], [ 123.97734320886039, 10.42280763822359 ], [ 123.977250740823536, 10.422446197763756 ], [ 123.976859269797899, 10.422311737133354 ], [ 123.977067091206507, 10.422139719514428 ], [ 123.977433163055892, 10.422355215549899 ], [ 123.977889916792648, 10.422353832654048 ], [ 123.978017929287361, 10.422534305085673 ], [ 123.977891593620228, 10.422896407970772 ], [ 123.978110957313277, 10.423076603661949 ], [ 123.977983783045659, 10.423167418942542 ], [ 123.978076811302913, 10.423709717496036 ], [ 123.978443614139834, 10.424160756338576 ], [ 123.979357686412456, 10.424338844872233 ], [ 123.979632580312852, 10.424609300892049 ], [ 123.979544589175518, 10.425694728006535 ], [ 123.979818644171701, 10.425693896272778 ], [ 123.979819484520632, 10.425965183720317 ], [ 123.979455477643995, 10.426418438461432 ], [ 123.978998718198284, 10.426419824131314 ], [ 123.978997038869096, 10.425877249113208 ], [ 123.978357017256712, 10.425698329473198 ], [ 123.977778417454431, 10.425764438902728 ], [ 123.977990771680055, 10.425428149129099 ], [ 123.977989653390082, 10.425066432320866 ], [ 123.977805552786677, 10.424614839711413 ], [ 123.977347957645406, 10.424344935114778 ], [ 123.977070831666893, 10.423351043041869 ], [ 123.97661268078194, 10.422900278643915 ], [ 123.975973782029897, 10.423083070602255 ], [ 123.975700565568204, 10.423355186660618 ], [ 123.975701959898444, 10.423807333027417 ], [ 123.975886335939435, 10.424349356452872 ], [ 123.975704190960897, 10.424530767187601 ], [ 123.976253415750449, 10.424890827260118 ], [ 123.976527191174696, 10.424799569166447 ], [ 123.976409771719759, 10.424664279177351 ], [ 123.976526632903898, 10.424618710677038 ], [ 123.976461218511858, 10.423700003223676 ], [ 123.976617146874943, 10.424347146618489 ], [ 123.97680012878844, 10.424437023138143 ], [ 123.976931651920154, 10.424224271242535 ], [ 123.977257444327378, 10.424616499322687 ], [ 123.977352148369093, 10.425701373424676 ], [ 123.977078931140966, 10.425973490715775 ], [ 123.97717140040217, 10.42633493107088 ], [ 123.978450047307703, 10.426240627707248 ], [ 123.978658820208523, 10.426375639842636 ], [ 123.97772090953535, 10.426785417344258 ], [ 123.977721468615101, 10.426966275744684 ], [ 123.977447971265832, 10.427147964195592 ], [ 123.977540161911236, 10.427418975146031 ], [ 123.977859536596981, 10.427302188361704 ], [ 123.977996923013137, 10.427417591427172 ], [ 123.978361772373589, 10.427235625621787 ], [ 123.978361212909334, 10.427054767259094 ], [ 123.97890876568168, 10.426872247033625 ], [ 123.980187413597477, 10.426777936572558 ], [ 123.980369276633908, 10.426506094295748 ], [ 123.980053978027584, 10.426039745543592 ], [ 123.980917387886265, 10.426504429050794 ], [ 123.98210496194649, 10.426500817798146 ], [ 123.982196875426197, 10.426681397987407 ], [ 123.982562002011463, 10.426589856751441 ], [ 123.982744143742835, 10.426408442385171 ], [ 123.982743019857708, 10.426046726115482 ], [ 123.982338107944571, 10.425883855694805 ], [ 123.982546402584859, 10.425711502002629 ], [ 123.982166873541516, 10.425279825230453 ], [ 123.98237424295948, 10.424962689442717 ], [ 123.982648297082335, 10.424961855342582 ], [ 123.983236577035541, 10.425338540659695 ], [ 123.982616484236942, 10.425694399295919 ], [ 123.982833809560759, 10.425865589841067 ], [ 123.983381638142276, 10.425773491421925 ], [ 123.983746200735794, 10.425501090868746 ], [ 123.983836427185693, 10.425139096284386 ], [ 123.983561529485726, 10.424868644260789 ], [ 123.982921508230575, 10.424689733796397 ], [ 123.982373400482487, 10.424691402186689 ], [ 123.982282440968277, 10.42481785258216 ], [ 123.981824731318895, 10.424512211434887 ], [ 123.981184991948766, 10.424423726453444 ], [ 123.981139675523934, 10.424539683426556 ], [ 123.98086859180448, 10.424357671267542 ], [ 123.981001728603715, 10.424243423430939 ], [ 123.98264633078567, 10.424328851790188 ], [ 123.983467929104137, 10.424145490120186 ], [ 123.983558155638534, 10.423783495590673 ], [ 123.983100557588344, 10.423513599553248 ], [ 123.983099995595836, 10.423332741406371 ], [ 123.982733468510176, 10.422972137490667 ], [ 123.982093451547854, 10.422793224951258 ], [ 123.980631839158306, 10.422797667315027 ], [ 123.979976126205884, 10.423457880826662 ], [ 123.97987111526075, 10.423316196162277 ], [ 123.979993783973626, 10.423251754550725 ], [ 123.979992663613075, 10.422890037911026 ], [ 123.980631278629943, 10.422616809025779 ], [ 123.980812858873151, 10.422254537540571 ], [ 123.9801714436136, 10.421623475106518 ], [ 123.979049169060431, 10.421491234519648 ], [ 123.979622221021017, 10.421263421579599 ], [ 123.980079252933209, 10.421352464870628 ], [ 123.980354144539547, 10.421622920501422 ], [ 123.980718985846593, 10.421440952680674 ], [ 123.98076346131046, 10.421053708323255 ] ], [ [ 123.983854623975105, 10.422742648288922 ], [ 123.98328073009624, 10.422699181542484 ], [ 123.982456327503655, 10.421978251446372 ], [ 123.983854623975105, 10.422742648288922 ] ], [ [ 123.976343371867102, 10.424438404753461 ], [ 123.976343930022239, 10.424619263254781 ], [ 123.976069875680409, 10.424620091925792 ], [ 123.976069317683397, 10.424439233409629 ], [ 123.975886335939435, 10.424349356452872 ], [ 123.976343371867102, 10.424438404753461 ] ], [ [ 123.97939471824084, 10.4228258069073 ], [ 123.979234033893761, 10.422748128357373 ], [ 123.979443998680765, 10.422710842643118 ], [ 123.97939471824084, 10.4228258069073 ] ], [ [ 123.97971833107826, 10.422800440402128 ], [ 123.979687400248082, 10.422910789992425 ], [ 123.979607049882446, 10.422831730888143 ], [ 123.97971833107826, 10.422800440402128 ] ], [ [ 123.98301061154605, 10.423966023073898 ], [ 123.982802104131679, 10.423858113256179 ], [ 123.982945236392908, 10.423754166586154 ], [ 123.983218822434623, 10.423920174075466 ], [ 123.98301061154605, 10.423966023073898 ] ], [ [ 123.982013048580015, 10.426320237570792 ], [ 123.981920293143872, 10.425868370032129 ], [ 123.982194348096158, 10.425867536248713 ], [ 123.982286823079008, 10.426228974592252 ], [ 123.982013048580015, 10.426320237570792 ] ], [ [ 123.977444058958767, 10.42588195525987 ], [ 123.977663145172826, 10.425971721852054 ], [ 123.977438473837864, 10.426188365812724 ], [ 123.977313221661916, 10.42598256186673 ], [ 123.977444058958767, 10.42588195525987 ] ] ], [ [ [ 123.986095643400773, 10.427282693185614 ], [ 123.986015784849187, 10.427362239902504 ], [ 123.986127259798678, 10.427392852093579 ], [ 123.986095643400773, 10.427282693185614 ] ] ], [ [ [ 123.976076851512445, 10.426880823204213 ], [ 123.975803632141918, 10.427152939579655 ], [ 123.976079084118865, 10.42760425714537 ], [ 123.976260951350454, 10.427332416851867 ], [ 123.976076851512445, 10.426880823204213 ] ] ], [ [ [ 123.989966305574399, 10.428104536468826 ], [ 123.98969224930913, 10.428105377092145 ], [ 123.989784167516135, 10.428285954638374 ], [ 123.989966305574399, 10.428104536468826 ] ] ], [ [ [ 123.967804198609628, 10.428334575336832 ], [ 123.967758592220108, 10.428357585698079 ], [ 123.967758609432224, 10.428363210746152 ], [ 123.967804198609628, 10.428334575336832 ] ] ], [ [ [ 123.989585836211745, 10.427962828421537 ], [ 123.989415363651673, 10.42720192871001 ], [ 123.989598067319633, 10.427201368527163 ], [ 123.989597501371804, 10.427020510776883 ], [ 123.988500997186094, 10.426933441342463 ], [ 123.987863511976201, 10.427568401735057 ], [ 123.9873154000109, 10.427570079056173 ], [ 123.986905241851304, 10.427868012253205 ], [ 123.986742061654937, 10.427707477288811 ], [ 123.986949991981916, 10.427571196748429 ], [ 123.987040215018013, 10.427209201590053 ], [ 123.98786153463675, 10.426935399281739 ], [ 123.987584937825076, 10.426122377605573 ], [ 123.98721840249496, 10.425761779663597 ], [ 123.987308342624175, 10.425309355517992 ], [ 123.987582396642011, 10.425308517162202 ], [ 123.987583243679552, 10.425579803981281 ], [ 123.987949779157944, 10.425940401489989 ], [ 123.9880425431584, 10.426392266479461 ], [ 123.988408797534703, 10.426662434397899 ], [ 123.98987070755669, 10.426748383715209 ], [ 123.990027641803138, 10.426388622978941 ], [ 123.989958589540493, 10.426088072012666 ], [ 123.990230451866765, 10.424938685477029 ], [ 123.990044070215362, 10.423763670481605 ], [ 123.989676403781459, 10.423041359734015 ], [ 123.989493419714236, 10.422951490837608 ], [ 123.989492571243829, 10.422680204131302 ], [ 123.988941358979318, 10.421687165331397 ], [ 123.988574827900138, 10.421326568513445 ], [ 123.988209427289419, 10.42132768697663 ], [ 123.988210556956773, 10.421689402754977 ], [ 123.988669003609957, 10.422230578137905 ], [ 123.98903666670401, 10.422952890380408 ], [ 123.989221912756946, 10.42376619080026 ], [ 123.989404897258524, 10.423856059810957 ], [ 123.989224457809485, 10.424580050917276 ], [ 123.989427156450617, 10.424885866478663 ], [ 123.989225871818974, 10.42503219540874 ], [ 123.989558515631529, 10.425249953569489 ], [ 123.989468914258026, 10.426076492591751 ], [ 123.98930956881361, 10.426244461546327 ], [ 123.989228700033777, 10.425936484353011 ], [ 123.988954080097741, 10.425756466370174 ], [ 123.988497999878462, 10.425974466606792 ], [ 123.987763969749835, 10.424946242381923 ], [ 123.987033442043156, 10.425038906770322 ], [ 123.986761927193754, 10.425853605293661 ], [ 123.987073495868799, 10.426304801709099 ], [ 123.986946605498048, 10.426486049370393 ], [ 123.987074342549306, 10.426576088553213 ], [ 123.98667367886776, 10.426848603106629 ], [ 123.986583737571394, 10.427301027155718 ], [ 123.986310245794016, 10.427482722742571 ], [ 123.986311373956966, 10.427844438590702 ], [ 123.986586840932105, 10.428295745647285 ], [ 123.986952814338409, 10.428475486173491 ], [ 123.987317094026125, 10.428112652657425 ], [ 123.987956276556645, 10.428020266671773 ], [ 123.988694361872874, 10.427495220179377 ], [ 123.989012136048586, 10.427592127421429 ], [ 123.98917824086638, 10.427875381408265 ], [ 123.988413037101807, 10.428018867993694 ], [ 123.987774702232628, 10.428382541636321 ], [ 123.988962563780333, 10.428469333150144 ], [ 123.989585836211745, 10.427962828421537 ] ], [ [ 123.988995192764065, 10.426516129243618 ], [ 123.988821790411109, 10.426185640356985 ], [ 123.989046562651737, 10.426117902049734 ], [ 123.988995192764065, 10.426516129243618 ] ] ], [ [ [ 123.975442406954912, 10.428510482921263 ], [ 123.975439896713041, 10.427696619625936 ], [ 123.975258307403948, 10.428058888790511 ], [ 123.974866831078657, 10.42792442632134 ], [ 123.975165281960813, 10.427516589235609 ], [ 123.974927487170106, 10.427353800411447 ], [ 123.974817628138879, 10.426925052788452 ], [ 123.974615217423604, 10.426885239805172 ], [ 123.974642899432823, 10.428192893669046 ], [ 123.974252872876207, 10.4278810651152 ], [ 123.973838303412691, 10.427996855199389 ], [ 123.973822721401959, 10.426579626078633 ], [ 123.973973524710289, 10.426163735539889 ], [ 123.973697798711939, 10.425621986415033 ], [ 123.973742561405004, 10.425325171608028 ], [ 123.974064041283583, 10.425892171988735 ], [ 123.974069610945548, 10.427700757978537 ], [ 123.974526651574266, 10.427789808461725 ], [ 123.97452609429304, 10.427608949897715 ], [ 123.97443195593911, 10.426704932831408 ], [ 123.974222907245078, 10.426479488492156 ], [ 123.974430841615899, 10.426343215666728 ], [ 123.974336704252053, 10.425439198443117 ], [ 123.97396934841835, 10.424807295898628 ], [ 123.973695293717711, 10.424808122549871 ], [ 123.973331000297605, 10.425170941704318 ], [ 123.973332669699843, 10.425713517665818 ], [ 123.973735807019779, 10.426265339718247 ], [ 123.9736015624879, 10.427170046156256 ], [ 123.973464812413084, 10.427260888760495 ], [ 123.973511741093787, 10.427667682900639 ], [ 123.973375129940777, 10.427803740141975 ], [ 123.973422336989856, 10.428300963593644 ], [ 123.973514353315863, 10.428516304540857 ], [ 123.974528880801984, 10.428513242697294 ], [ 123.974529438134653, 10.428694101251011 ], [ 123.975442406954912, 10.428510482921263 ] ] ], [ [ [ 123.971789134430892, 10.428792794420504 ], [ 123.971789690197312, 10.42897365311887 ], [ 123.972246454350454, 10.428972277409631 ], [ 123.97215454554761, 10.428791693924959 ], [ 123.971789134430892, 10.428792794420504 ] ] ], [ [ [ 123.976538358756102, 10.428416738522321 ], [ 123.977085915187232, 10.428234221121711 ], [ 123.977083121375244, 10.427329928997951 ], [ 123.976717991765284, 10.427421464196286 ], [ 123.976628314994926, 10.427964315978455 ], [ 123.976171832032946, 10.428056127050429 ], [ 123.975716464750619, 10.42850965447963 ], [ 123.975718138835575, 10.42905222994224 ], [ 123.975900844336138, 10.429051677487729 ], [ 123.976538358756102, 10.428416738522321 ] ] ], [ [ [ 123.972976720410117, 10.428789216283475 ], [ 123.972702384002787, 10.428699613073452 ], [ 123.972886480466386, 10.429151208957983 ], [ 123.972976720410117, 10.428789216283475 ] ] ], [ [ [ 123.977266384644025, 10.427510234273512 ], [ 123.977267502369358, 10.42787195110529 ], [ 123.977816734920268, 10.428232007724008 ], [ 123.978713006031782, 10.428018052088106 ], [ 123.978821611783502, 10.428228961575455 ], [ 123.979643503399046, 10.428136037782982 ], [ 123.980324400197972, 10.427663926411924 ], [ 123.980490133850182, 10.427726333162951 ], [ 123.97982648833397, 10.428225912269653 ], [ 123.97982704870887, 10.428406770539693 ], [ 123.977726221210133, 10.428503572065216 ], [ 123.977727339576191, 10.428865288824868 ], [ 123.978001956851514, 10.429045316758437 ], [ 123.978002516218481, 10.42922617511829 ], [ 123.978367927162253, 10.429225067475565 ], [ 123.978366808016787, 10.428863350793412 ], [ 123.979554391927877, 10.428859748199825 ], [ 123.979920362737943, 10.42903949708014 ], [ 123.980468478496064, 10.429037832201221 ], [ 123.980559270280452, 10.428856696406905 ], [ 123.980741975401799, 10.428856141196258 ], [ 123.980832206007577, 10.42849414712906 ], [ 123.98101491090253, 10.428493591781701 ], [ 123.981150738516646, 10.428106069776854 ], [ 123.981562183456546, 10.428220637850444 ], [ 123.982051382435785, 10.427890546281063 ], [ 123.982291035963343, 10.42758541073208 ], [ 123.98228963160372, 10.427133265364995 ], [ 123.981923381261652, 10.426863090011288 ], [ 123.981192285082273, 10.426774883398126 ], [ 123.980005550257701, 10.427049778770161 ], [ 123.979549740900964, 10.427358196113213 ], [ 123.979366085832851, 10.427051719742531 ], [ 123.979000677533222, 10.427052828295622 ], [ 123.977997482287165, 10.427598449805547 ], [ 123.977540720921738, 10.427599833549161 ], [ 123.977540161911236, 10.427418975146031 ], [ 123.977266384644025, 10.427510234273512 ] ], [ [ 123.981010983662046, 10.427227584306761 ], [ 123.981742361611225, 10.427406220328757 ], [ 123.981743203768133, 10.427677507590609 ], [ 123.981469708488376, 10.42785919931865 ], [ 123.981012666702995, 10.42777015895123 ], [ 123.981010983662046, 10.427227584306761 ] ] ], [ [ [ 123.952048858227187, 10.429394208868333 ], [ 123.952048889702894, 10.429404665712072 ], [ 123.952058538217457, 10.429404637253638 ], [ 123.952048858227187, 10.429394208868333 ] ] ], [ [ [ 123.966847546072074, 10.429172085327679 ], [ 123.966891587393022, 10.428637100151272 ], [ 123.967073463596662, 10.428365264328413 ], [ 123.967859301899878, 10.428262021638407 ], [ 123.968590294204176, 10.428315500836456 ], [ 123.96876068787698, 10.42744544501671 ], [ 123.968372681361188, 10.427306161962521 ], [ 123.968951102108349, 10.426811861612224 ], [ 123.968950548099102, 10.426631002736947 ], [ 123.970502425878706, 10.426264619910357 ], [ 123.970774817046333, 10.425721219523972 ], [ 123.970854577991432, 10.425087968068718 ], [ 123.970439889320673, 10.423913621656927 ], [ 123.968910058920883, 10.423966334287513 ], [ 123.96848686595294, 10.424371637009243 ], [ 123.967209049281195, 10.424737188610328 ], [ 123.967294793758342, 10.426058628243085 ], [ 123.967113195378886, 10.426420893581536 ], [ 123.966793738969429, 10.426512280776109 ], [ 123.966566878070438, 10.427010326914036 ], [ 123.965936751488741, 10.426911325815464 ], [ 123.965709000160459, 10.427118257303819 ], [ 123.965662970356036, 10.427002575273466 ], [ 123.96566241823416, 10.426821716224021 ], [ 123.966427362996242, 10.426196871630346 ], [ 123.966652565817967, 10.425156248560384 ], [ 123.966660938877496, 10.424738830081894 ], [ 123.966386607431929, 10.424649220947764 ], [ 123.966051134446246, 10.424162042240269 ], [ 123.965197655523198, 10.424200625443595 ], [ 123.964927185911762, 10.425377028763769 ], [ 123.964380452294122, 10.425830814256962 ], [ 123.964313430699221, 10.426053591103294 ], [ 123.963987000752638, 10.425598649720312 ], [ 123.964470701683737, 10.425468823111776 ], [ 123.964743930454574, 10.425196715638448 ], [ 123.964924703753823, 10.424563162765899 ], [ 123.964923876413778, 10.424291874090668 ], [ 123.964740621650137, 10.424111560894399 ], [ 123.964283863564802, 10.424112925245785 ], [ 123.963554978189592, 10.424748114016674 ], [ 123.96255093324821, 10.42502240004441 ], [ 123.962279352825675, 10.425837083539575 ], [ 123.962462607401733, 10.426017398163903 ], [ 123.962463432752386, 10.426288687007283 ], [ 123.963098953290583, 10.426510902870417 ], [ 123.963561863826982, 10.427008853685864 ], [ 123.963562690210296, 10.42728014242457 ], [ 123.963197555286214, 10.427371662531037 ], [ 123.963746772957435, 10.427731744872055 ], [ 123.964024138520969, 10.428816081247637 ], [ 123.96430907169966, 10.428848633683172 ], [ 123.964419246967466, 10.429030677558378 ], [ 123.964299300410644, 10.429176980767297 ], [ 123.964756893469996, 10.42944690433916 ], [ 123.965853131274685, 10.429443625506345 ], [ 123.966847546072074, 10.429172085327679 ] ], [ [ 123.966969956934577, 10.42802961479078 ], [ 123.966123046993474, 10.428086362681679 ], [ 123.96594172242196, 10.428539057045127 ], [ 123.965099841154071, 10.428501151146602 ], [ 123.964661127151757, 10.428000304744979 ], [ 123.964659472388135, 10.427457727463302 ], [ 123.964475664292493, 10.4270965551929 ], [ 123.96392644707818, 10.4267364740654 ], [ 123.963467757156479, 10.426104830493765 ], [ 123.962981383257528, 10.426104382931909 ], [ 123.96260837818221, 10.425745672268874 ], [ 123.962826365026899, 10.425473730974813 ], [ 123.963557181420583, 10.425471550745813 ], [ 123.963556630597552, 10.425290691566609 ], [ 123.963921763009424, 10.425199171264916 ], [ 123.964408912309437, 10.424558190834295 ], [ 123.963649910692141, 10.425923426026571 ], [ 123.964199952996964, 10.426554796503011 ], [ 123.964656714652449, 10.426553431952641 ], [ 123.965111820934524, 10.426009489492188 ], [ 123.965385601429603, 10.425918240564078 ], [ 123.965521724151785, 10.425621153028054 ], [ 123.965684891896132, 10.425781699933008 ], [ 123.964656990414554, 10.426643861506037 ], [ 123.964658093488453, 10.427005579714404 ], [ 123.964933806008247, 10.427547337887715 ], [ 123.965527281417181, 10.426875614764299 ], [ 123.965573550248649, 10.427635855208862 ], [ 123.965208967626182, 10.427908236658235 ], [ 123.965177570359572, 10.428315675583203 ], [ 123.96584954108458, 10.428268041892361 ], [ 123.96607646445284, 10.427789821727862 ], [ 123.966213847224864, 10.427905230226601 ], [ 123.966395999978673, 10.427723824263429 ], [ 123.966670057824018, 10.427723003637693 ], [ 123.966762239646059, 10.42799401851356 ], [ 123.966969956934577, 10.42802961479078 ] ], [ [ 123.967280366104134, 10.427644952017214 ], [ 123.967410264970852, 10.427504634196422 ], [ 123.967491954612498, 10.427630110880147 ], [ 123.96776253671112, 10.427506580799701 ], [ 123.967705878541082, 10.427671505566366 ], [ 123.967280366104134, 10.427644952017214 ] ], [ [ 123.968253152481907, 10.427336711788611 ], [ 123.968333507082093, 10.427415773862329 ], [ 123.968008861993297, 10.427648386903174 ], [ 123.967928507402561, 10.427569324746949 ], [ 123.968253152481907, 10.427336711788611 ] ], [ [ 123.966716906351962, 10.427562755744919 ], [ 123.96676002846506, 10.427270582583425 ], [ 123.967215408253836, 10.42681706687082 ], [ 123.967398112913543, 10.426816519392386 ], [ 123.967669680243489, 10.426001832715357 ], [ 123.968308314370418, 10.425728626946347 ], [ 123.968490187813586, 10.425456790531562 ], [ 123.968764243506087, 10.42545596828929 ], [ 123.968900639680484, 10.425249309059916 ], [ 123.969129651060214, 10.425454871601051 ], [ 123.969492732109998, 10.424694595567598 ], [ 123.969676099282992, 10.424910649225454 ], [ 123.969677485136387, 10.425362796360634 ], [ 123.968902179982933, 10.42575223454228 ], [ 123.968582093445605, 10.425637375385159 ], [ 123.96794373647927, 10.426001011133339 ], [ 123.967671893247001, 10.426725268507383 ], [ 123.966716906351962, 10.427562755744919 ] ], [ [ 123.963524871750835, 10.425129751327017 ], [ 123.963444518892771, 10.425050687872172 ], [ 123.963555804382111, 10.425019402793948 ], [ 123.963524871750835, 10.425129751327017 ] ], [ [ 123.968040900249619, 10.427899755898611 ], [ 123.968009969046449, 10.428010104729939 ], [ 123.967929614354262, 10.427931042584159 ], [ 123.968040900249619, 10.427899755898611 ] ], [ [ 123.965339266003411, 10.424861706018582 ], [ 123.965518688470965, 10.424626428103874 ], [ 123.965682407671125, 10.424967834137998 ], [ 123.965450484230615, 10.425232389662783 ], [ 123.965339266003411, 10.424861706018582 ] ] ], [ [ [ 123.983941845955798, 10.429660269273958 ], [ 123.983942408786163, 10.429841127303952 ], [ 123.984216467046409, 10.42984029147018 ], [ 123.984124551359756, 10.429659712087503 ], [ 123.983941845955798, 10.429660269273958 ] ] ], [ [ [ 123.976815768407732, 10.429501059705924 ], [ 123.976904327614321, 10.428596491065086 ], [ 123.97717838536532, 10.42859566136354 ], [ 123.977089268102077, 10.429319371602281 ], [ 123.97782037000303, 10.429407587150754 ], [ 123.977727898774674, 10.429046147201635 ], [ 123.977453561153197, 10.428956548214435 ], [ 123.977452443093171, 10.428594831427136 ], [ 123.977269179034764, 10.428414526337532 ], [ 123.976812695701412, 10.428506338364672 ], [ 123.976226641217238, 10.429443906163979 ], [ 123.975992476184842, 10.429141830455876 ], [ 123.975718696884528, 10.429233088425654 ], [ 123.975719533977212, 10.429504376146939 ], [ 123.975993871734801, 10.42959397662097 ], [ 123.975994429972815, 10.429774835083377 ], [ 123.976360679469053, 10.430045017337932 ], [ 123.976815768407732, 10.429501059705924 ] ] ], [ [ [ 123.963480152979358, 10.430174161429125 ], [ 123.963479877460642, 10.430083731864103 ], [ 123.963388524073508, 10.430084004582259 ], [ 123.963480152979358, 10.430174161429125 ] ] ], [ [ [ 123.963297446149824, 10.430174706844213 ], [ 123.963297721618318, 10.43026513641359 ], [ 123.963389075060718, 10.430264863716655 ], [ 123.963297446149824, 10.430174706844213 ] ] ], [ [ [ 123.975353285641589, 10.429234193041292 ], [ 123.974713815867375, 10.429236125113976 ], [ 123.974770171086561, 10.43003040855093 ], [ 123.974990941490788, 10.430230019078547 ], [ 123.975353285641589, 10.429234193041292 ] ] ], [ [ [ 123.975446033228152, 10.429686063163079 ], [ 123.975263327332755, 10.429686615391194 ], [ 123.975172811038021, 10.429958179224077 ], [ 123.975448264997212, 10.430409497114811 ], [ 123.975446033228152, 10.429686063163079 ] ] ], [ [ [ 123.98905561317433, 10.429011626452549 ], [ 123.988689920892767, 10.428922317398225 ], [ 123.988358973398064, 10.429178824036162 ], [ 123.988232311188142, 10.428652429883266 ], [ 123.987592562641339, 10.42856395868542 ], [ 123.987500645542227, 10.428383380403492 ], [ 123.987354938189682, 10.428456903064454 ], [ 123.987319070495772, 10.428745655168822 ], [ 123.987593409960468, 10.42883524544887 ], [ 123.988052432430919, 10.429557278426852 ], [ 123.988326490102423, 10.429556439092508 ], [ 123.988466399711768, 10.429346748189834 ], [ 123.988510891619327, 10.430098452744138 ], [ 123.988831685485593, 10.430436183890388 ], [ 123.988968503756283, 10.43036833962034 ], [ 123.98905561317433, 10.429011626452549 ] ] ], [ [ [ 123.956721361403439, 10.43064642097711 ], [ 123.95672163498628, 10.430736850718771 ], [ 123.95681298874301, 10.430736579888851 ], [ 123.956721361403439, 10.43064642097711 ] ] ], [ [ [ 123.983303501892976, 10.430023934732139 ], [ 123.983944941651316, 10.430654988413423 ], [ 123.984309790520896, 10.430473015825783 ], [ 123.984308101319172, 10.429930441810978 ], [ 123.984125395767379, 10.42993099911677 ], [ 123.984080361327571, 10.430137385450372 ], [ 123.984034042987574, 10.429931277730523 ], [ 123.983759984632684, 10.429932113415182 ], [ 123.983484801120923, 10.429571232755221 ], [ 123.98321102423597, 10.429662496975958 ], [ 123.983303501892976, 10.430023934732139 ] ] ], [ [ [ 123.985756778520766, 10.425766246711797 ], [ 123.985482160458844, 10.42558622554823 ], [ 123.984751630115241, 10.425678884918101 ], [ 123.984661686170483, 10.426131308682232 ], [ 123.985253391680729, 10.427142169543353 ], [ 123.984958211209218, 10.427256593553311 ], [ 123.984847486957165, 10.427125470358959 ], [ 123.984665175910877, 10.427252200135495 ], [ 123.984480953203047, 10.426764869119493 ], [ 123.98429768664225, 10.426584568310282 ], [ 123.984023631236539, 10.426585403953425 ], [ 123.983931435468378, 10.42631439534758 ], [ 123.983474676789228, 10.42631578739663 ], [ 123.98329253556858, 10.426497202136551 ], [ 123.983293941286959, 10.426949347384872 ], [ 123.98283746261427, 10.427041167668449 ], [ 123.982748077667594, 10.42767444926416 ], [ 123.982565373345551, 10.42767500555833 ], [ 123.981836802030401, 10.428400662347219 ], [ 123.981107105042781, 10.42876460136433 ], [ 123.980931152164828, 10.429160667954301 ], [ 123.980742536340173, 10.429036999409478 ], [ 123.980286614285191, 10.429309674618457 ], [ 123.979632835280569, 10.430164165717864 ], [ 123.979333934555285, 10.430054773186987 ], [ 123.979921763942812, 10.429491642715846 ], [ 123.979829290312026, 10.429130203599293 ], [ 123.978459000075176, 10.429134361332354 ], [ 123.978368766548513, 10.429496354981783 ], [ 123.97912537871386, 10.429539275131473 ], [ 123.978735017493136, 10.429766534363667 ], [ 123.978737256875675, 10.430489967599335 ], [ 123.979195142571669, 10.430850298319413 ], [ 123.979651908449711, 10.43084891178156 ], [ 123.980017040794294, 10.430757372965584 ], [ 123.980549717285257, 10.429902487446538 ], [ 123.980563757233568, 10.430303562134528 ], [ 123.981111594485242, 10.430211466861957 ], [ 123.981293739044418, 10.430030053093619 ], [ 123.981292616431432, 10.4296683367473 ], [ 123.981656904536678, 10.429305508982376 ], [ 123.982113386950616, 10.429213690064666 ], [ 123.982295249431218, 10.428941846756025 ], [ 123.982751450007839, 10.428759597937269 ], [ 123.983479176076784, 10.427762652082821 ], [ 123.985124078014664, 10.427938494923653 ], [ 123.985488641251422, 10.427666092327641 ], [ 123.985762697481121, 10.427665255342472 ], [ 123.985812305716109, 10.427374430167822 ], [ 123.985578302398224, 10.42712323945744 ], [ 123.985575766175316, 10.426309378570844 ], [ 123.985232628061709, 10.42604846437551 ], [ 123.985270990905349, 10.425876583527879 ], [ 123.985757624016287, 10.426037533672934 ], [ 123.985756778520766, 10.425766246711797 ] ], [ [ 123.980961618804983, 10.429803266032398 ], [ 123.980835291472658, 10.429488867271735 ], [ 123.981042840392618, 10.429265760120924 ], [ 123.980961618804983, 10.429803266032398 ] ], [ [ 123.983441096298606, 10.427032595262476 ], [ 123.983648506100138, 10.42663757979474 ], [ 123.983750138355802, 10.42676709743672 ], [ 123.984106813924754, 10.426684135298917 ], [ 123.984247315568211, 10.426965748312396 ], [ 123.983705947744426, 10.42724477084719 ], [ 123.983441096298606, 10.427032595262476 ] ] ], [ [ [ 123.956264592713808, 10.430647774723152 ], [ 123.956629734116575, 10.430556262033896 ], [ 123.956628366384649, 10.430104113303083 ], [ 123.956762281144279, 10.429995391759384 ], [ 123.956928016332625, 10.430057811018782 ], [ 123.956812167922919, 10.430465290669542 ], [ 123.957086228940625, 10.430464478044954 ], [ 123.956957945558557, 10.430193566803707 ], [ 123.957175119335176, 10.429650339519284 ], [ 123.956626725189665, 10.429561534809164 ], [ 123.956262131768213, 10.42983390691594 ], [ 123.956080791652369, 10.43028659699922 ], [ 123.955625116442263, 10.430649668871403 ], [ 123.955777327641442, 10.430956540792129 ], [ 123.956264592713808, 10.430647774723152 ] ] ], [ [ [ 123.980200027418036, 10.430847247074851 ], [ 123.980200588153863, 10.431028105295194 ], [ 123.980291941358971, 10.431027827747778 ], [ 123.980200027418036, 10.430847247074851 ] ] ], [ [ [ 123.956357313868963, 10.431099652777805 ], [ 123.956356766896505, 10.430918793278666 ], [ 123.956082978828576, 10.431010035070241 ], [ 123.956174879554084, 10.431190623923525 ], [ 123.956357313868963, 10.431099652777805 ] ] ], [ [ [ 123.980657634656964, 10.431117146394049 ], [ 123.980657915163263, 10.431207575490545 ], [ 123.980749268408061, 10.431207297807658 ], [ 123.980657634656964, 10.431117146394049 ] ] ], [ [ [ 123.987507423994444, 10.430553674466186 ], [ 123.987506576605796, 10.430282387724565 ], [ 123.987323871025254, 10.430282946877135 ], [ 123.987324435842979, 10.430463804715393 ], [ 123.98714173014659, 10.430464363773551 ], [ 123.987143141972808, 10.430916508385133 ], [ 123.987235342160233, 10.431187515609889 ], [ 123.987418048273284, 10.431186956459566 ], [ 123.987723831623043, 10.431517360733338 ], [ 123.988484631916776, 10.431515030472527 ], [ 123.988551536034365, 10.431383099615232 ], [ 123.988972464379941, 10.431634343807591 ], [ 123.989302868922152, 10.431138726926592 ], [ 123.989701590689037, 10.431089529421939 ], [ 123.989792377372055, 10.430908391461637 ], [ 123.989791244847481, 10.430546676063503 ], [ 123.989243127991557, 10.430548357167753 ], [ 123.988819091683368, 10.430672099291701 ], [ 123.988720987676771, 10.430850577021742 ], [ 123.988550015059303, 10.430677847172239 ], [ 123.988469401613344, 10.431093318177163 ], [ 123.9882918383461, 10.430407348865293 ], [ 123.988146611347659, 10.430461287661785 ], [ 123.988018413244561, 10.430940885165681 ], [ 123.987690694766954, 10.43073397300939 ], [ 123.987690129722736, 10.430553115194229 ], [ 123.987507423994444, 10.430553674466186 ] ] ], [ [ [ 123.956724097345571, 10.431550718370778 ], [ 123.95690735265535, 10.431731036104109 ], [ 123.957412262043832, 10.431898190532133 ], [ 123.957455476867693, 10.431729410260026 ], [ 123.957272221271879, 10.431549092868966 ], [ 123.956724097345571, 10.431550718370778 ] ] ], [ [ [ 123.956360869436054, 10.432275239471918 ], [ 123.956269515218438, 10.43227551021247 ], [ 123.95626978871492, 10.432365939956991 ], [ 123.956360869436054, 10.432275239471918 ] ] ], [ [ [ 123.956361416484256, 10.432456098955591 ], [ 123.956452770752051, 10.432455828184098 ], [ 123.956452497200331, 10.432365398444935 ], [ 123.956361416484256, 10.432456098955591 ] ] ], [ [ [ 123.962755658380516, 10.432256222764808 ], [ 123.962600926783963, 10.432296015896117 ], [ 123.962756484494378, 10.432527511479748 ], [ 123.962755658380516, 10.432256222764808 ] ] ], [ [ [ 123.95645331786308, 10.43263668766088 ], [ 123.956544672181124, 10.432636416858426 ], [ 123.956544125017345, 10.432455557386488 ], [ 123.95645331786308, 10.43263668766088 ] ] ], [ [ [ 123.966653930336975, 10.432486539073926 ], [ 123.966733467175672, 10.432717211517531 ], [ 123.96695904782456, 10.432605374263259 ], [ 123.966653930336975, 10.432486539073926 ] ] ], [ [ [ 123.964639254477746, 10.432433168683842 ], [ 123.964800028477867, 10.432740020874089 ], [ 123.96485762853851, 10.432521235046927 ], [ 123.964639254477746, 10.432433168683842 ] ] ], [ [ [ 123.981155152502666, 10.432637567649895 ], [ 123.98124670391941, 10.432708336006582 ], [ 123.981210525576842, 10.432652774237109 ], [ 123.981155152502666, 10.432637567649895 ] ] ], [ [ [ 123.981429713441642, 10.432797770921878 ], [ 123.981429714802431, 10.432798209195745 ], [ 123.981431290325105, 10.432798204402411 ], [ 123.981429713441642, 10.432797770921878 ] ] ], [ [ [ 123.972284613565435, 10.43121309086702 ], [ 123.972364970174596, 10.431292151727103 ], [ 123.972162608223627, 10.431414144564622 ], [ 123.972072366840905, 10.43177613710443 ], [ 123.971708064010102, 10.432138955156738 ], [ 123.971525356480129, 10.432139505377664 ], [ 123.971341537585531, 10.431778338118255 ], [ 123.97152146618096, 10.430873494594797 ], [ 123.971312105993476, 10.430641404023298 ], [ 123.972069030492577, 10.430690985163325 ], [ 123.972433331337228, 10.430328166857217 ], [ 123.972492420296973, 10.429815786697123 ], [ 123.972157047526423, 10.429605557962935 ], [ 123.972156213510402, 10.429334269954921 ], [ 123.972338363266417, 10.429152860856298 ], [ 123.972109635631497, 10.429041174520091 ], [ 123.971881598862524, 10.429154236720617 ], [ 123.971654423374119, 10.429547660665701 ], [ 123.971607818028858, 10.429245491278387 ], [ 123.971425499771257, 10.429372214085904 ], [ 123.971124988434198, 10.429111299243793 ], [ 123.97169639240596, 10.428340922711909 ], [ 123.972188937712545, 10.42825946613763 ], [ 123.973057311762119, 10.428427252684081 ], [ 123.972917533118093, 10.427533829332944 ], [ 123.972399201952413, 10.42757014951439 ], [ 123.972916976779771, 10.427352970679136 ], [ 123.972969209316119, 10.426347624517385 ], [ 123.97269515318672, 10.426348450433375 ], [ 123.97260574754138, 10.426981731064144 ], [ 123.972722887033996, 10.427026593170991 ], [ 123.972073463539758, 10.42746412016225 ], [ 123.971931711765365, 10.427335536090355 ], [ 123.972058467827623, 10.427254670194079 ], [ 123.971966559723413, 10.427074086581106 ], [ 123.971693891936638, 10.427527058498463 ], [ 123.97187687463952, 10.427616937778113 ], [ 123.971922194954104, 10.427500981788313 ], [ 123.971968782882556, 10.42779752140115 ], [ 123.97254324123395, 10.428021866404734 ], [ 123.972426379419005, 10.428067433602951 ], [ 123.971512298178951, 10.427889325921649 ], [ 123.971601706152995, 10.427256045408802 ], [ 123.971874096031272, 10.426712644213 ], [ 123.971599761725557, 10.426623039852606 ], [ 123.971382489202909, 10.427190516288775 ], [ 123.971235384050772, 10.426767420581854 ], [ 123.971352402038903, 10.426391493890046 ], [ 123.971614204401263, 10.426224174014227 ], [ 123.971732159730948, 10.426491179742273 ], [ 123.971964892461912, 10.426531510444443 ], [ 123.972330022948995, 10.42643998063804 ], [ 123.972511893048306, 10.426168142224698 ], [ 123.973059726824687, 10.426076061170079 ], [ 123.97314718424694, 10.424809775148079 ], [ 123.972689870226603, 10.424630292899408 ], [ 123.97277983154126, 10.424177870928906 ], [ 123.972505499334389, 10.424088267154643 ], [ 123.972377206299072, 10.423817362956575 ], [ 123.972503553691027, 10.423455261644532 ], [ 123.972320017617477, 10.423184523764663 ], [ 123.972319183990024, 10.422913235661785 ], [ 123.972774827243569, 10.422550142565482 ], [ 123.972774271261855, 10.422369283848145 ], [ 123.973048045839491, 10.422278028826744 ], [ 123.973045821403687, 10.421554593991777 ], [ 123.972587956540679, 10.421194252387123 ], [ 123.971948224926862, 10.421105748058986 ], [ 123.971765801506805, 10.421196727229761 ], [ 123.971669277347601, 10.422654358159878 ], [ 123.971131374609072, 10.422836836733646 ], [ 123.970985532219643, 10.423108566018794 ], [ 123.971124833333832, 10.423849200502419 ], [ 123.971225746820039, 10.423820828557711 ], [ 123.971046406739873, 10.424916987587439 ], [ 123.9713567669192, 10.425006484187632 ], [ 123.971586118169569, 10.425322299799133 ], [ 123.971496432638389, 10.425865150961927 ], [ 123.9711412284408, 10.426047080139117 ], [ 123.9711424456451, 10.426443555569476 ], [ 123.970594332897164, 10.42644520405079 ], [ 123.970503535658636, 10.426626337500316 ], [ 123.970320831278229, 10.426626886743025 ], [ 123.970352715414947, 10.426827477137705 ], [ 123.970138126887676, 10.42662743588137 ], [ 123.969681365866393, 10.426628808270685 ], [ 123.969316681823969, 10.426866436073343 ], [ 123.969311883282344, 10.428448979944326 ], [ 123.968957473950354, 10.428891738530156 ], [ 123.969140179725414, 10.42889118994754 ], [ 123.969325102943898, 10.429614076567981 ], [ 123.969508086366218, 10.429703957143555 ], [ 123.969692733747522, 10.430336413998329 ], [ 123.969875717697136, 10.430426294311959 ], [ 123.969876827210228, 10.430788011875899 ], [ 123.969740152293667, 10.430904242218288 ], [ 123.969602766944348, 10.430788835491533 ], [ 123.96960138045479, 10.430336688498512 ], [ 123.969500965261858, 10.430528307553953 ], [ 123.969181228512028, 10.430529268016189 ], [ 123.968953676440321, 10.430801242111395 ], [ 123.96890993950764, 10.431434385164128 ], [ 123.968692003092585, 10.43169587337311 ], [ 123.969057140761947, 10.43160434670555 ], [ 123.969101631072846, 10.431217102774934 ], [ 123.969057972280893, 10.431875634925424 ], [ 123.969606372116644, 10.431964417613159 ], [ 123.970247236076958, 10.432414642115473 ], [ 123.9703839113931, 10.432298411524531 ], [ 123.970429943836862, 10.432414092610721 ], [ 123.970886713191817, 10.432412718392001 ], [ 123.970887268636048, 10.43259357709834 ], [ 123.971162163799491, 10.432864040272648 ], [ 123.971527579733973, 10.432862940065421 ], [ 123.971801363663062, 10.432771685309085 ], [ 123.972438337711893, 10.431955894601044 ], [ 123.972712120534894, 10.431864639154833 ], [ 123.972836752108165, 10.430970418805192 ], [ 123.972708225544551, 10.430598628797995 ], [ 123.972434165675253, 10.430599454826122 ], [ 123.972161217953101, 10.430961997933498 ], [ 123.971705006723965, 10.431144232461358 ], [ 123.971615598575553, 10.431777512933847 ], [ 123.972284613565435, 10.43121309086702 ] ], [ [ 123.970942064125026, 10.432011323050965 ], [ 123.971460346054499, 10.432365776570011 ], [ 123.971252406455974, 10.432502047890756 ], [ 123.970886713191817, 10.432412718392001 ], [ 123.970942064125026, 10.432011323050965 ] ], [ [ 123.969467045309671, 10.431216005096475 ], [ 123.969604430816261, 10.431331411866188 ], [ 123.96942321960853, 10.431819851286724 ], [ 123.969203739325224, 10.431603906388695 ], [ 123.969467045309671, 10.431216005096475 ] ], [ [ 123.970061476157113, 10.431420468351057 ], [ 123.970243073340427, 10.431058201494457 ], [ 123.970612717350591, 10.431170889238009 ], [ 123.970428000785603, 10.43178108703634 ], [ 123.969788247489234, 10.43169258033892 ], [ 123.969670829164926, 10.431557287897935 ], [ 123.970061476157113, 10.431420468351057 ] ], [ [ 123.969192863091465, 10.431177177219375 ], [ 123.969192153054223, 10.430945540174374 ], [ 123.969238184828612, 10.431061221499379 ], [ 123.969192863091465, 10.431177177219375 ] ], [ [ 123.970124545282744, 10.430561191677446 ], [ 123.970241408407219, 10.430515625213612 ], [ 123.970239188639738, 10.429792190143642 ], [ 123.970146448380902, 10.429340317837971 ], [ 123.969871557387719, 10.42906985337379 ], [ 123.969776045131312, 10.427713686800997 ], [ 123.969867010755394, 10.427587239452198 ], [ 123.970234194762114, 10.42816446111579 ], [ 123.970508252680744, 10.42816363716565 ], [ 123.970963905345812, 10.427800545887747 ], [ 123.971084779215701, 10.427307364091641 ], [ 123.971188813178102, 10.427776334418482 ], [ 123.970964738202966, 10.428071834017892 ], [ 123.970417454983505, 10.428344770621086 ], [ 123.970236969036094, 10.429068755040735 ], [ 123.970421617358184, 10.429701211400117 ], [ 123.971099639349973, 10.429982318134877 ], [ 123.970422727422132, 10.430062928921634 ], [ 123.97033276173471, 10.430515350525834 ], [ 123.970460501255218, 10.430605396595906 ], [ 123.970288285075469, 10.430906535329449 ], [ 123.970124545282744, 10.430561191677446 ] ], [ [ 123.970880603981527, 10.430423272486344 ], [ 123.970849673636621, 10.430533621507804 ], [ 123.970769317587198, 10.430454560210951 ], [ 123.970880603981527, 10.430423272486344 ] ], [ [ 123.971427612377397, 10.430059905481585 ], [ 123.971219118696979, 10.430015317948078 ], [ 123.971518687703593, 10.42996920111667 ], [ 123.971639202057801, 10.430045061472111 ], [ 123.971509304294671, 10.430185380914025 ], [ 123.971427612377397, 10.430059905481585 ] ], [ [ 123.970560595582327, 10.427374257506672 ], [ 123.970477978004311, 10.427219288699455 ], [ 123.970596552749939, 10.427168639194539 ], [ 123.970560595582327, 10.427374257506672 ] ], [ [ 123.970504368020514, 10.426897625687351 ], [ 123.970473437773521, 10.427007974676737 ], [ 123.970393082796804, 10.426928913178168 ], [ 123.970504368020514, 10.426897625687351 ] ], [ [ 123.971844095606897, 10.42585872551615 ], [ 123.971962669590212, 10.425808075566728 ], [ 123.971926713407427, 10.426013693954646 ], [ 123.971844095606897, 10.42585872551615 ] ], [ [ 123.971836908154373, 10.42526149054652 ], [ 123.971950445764406, 10.42504527313425 ], [ 123.972234779875492, 10.425174244827794 ], [ 123.972235613616405, 10.42544553289946 ], [ 123.971997227130487, 10.425742478066441 ], [ 123.971836908154373, 10.42526149054652 ] ], [ [ 123.971573250967367, 10.424512271910661 ], [ 123.971653118437075, 10.424432728503222 ], [ 123.971886302248691, 10.424787389115586 ], [ 123.971814680714118, 10.42502830669369 ], [ 123.971573250967367, 10.424512271910661 ] ], [ [ 123.97214148303577, 10.424541514382735 ], [ 123.972629714861782, 10.424585259032861 ], [ 123.971931793885432, 10.424669224856276 ], [ 123.97214148303577, 10.424541514382735 ] ], [ [ 123.971498690237652, 10.42345828655476 ], [ 123.971771910761191, 10.423186173749698 ], [ 123.971770799895324, 10.422824456219125 ], [ 123.972179301209508, 10.421983965380983 ], [ 123.972444419609602, 10.422189416907315 ], [ 123.972044019659307, 10.422552343242307 ], [ 123.97195377974559, 10.422914335726604 ], [ 123.972081516371858, 10.423004381428411 ], [ 123.971773577136972, 10.423728750030083 ], [ 123.971902147412109, 10.424090083895514 ], [ 123.971638572088438, 10.424387557172402 ], [ 123.971498690237652, 10.42345828655476 ] ], [ [ 123.972047353236135, 10.423637495739262 ], [ 123.972321407047943, 10.423636670592511 ], [ 123.972321962838066, 10.423817529320049 ], [ 123.972047908868205, 10.423818354481559 ], [ 123.972047353236135, 10.423637495739262 ] ] ], [ [ [ 123.961071417150265, 10.432869871915754 ], [ 123.961022130193584, 10.432984834022497 ], [ 123.961232104649881, 10.432947559481301 ], [ 123.961071417150265, 10.432869871915754 ] ] ], [ [ [ 123.962481320964869, 10.432166610809986 ], [ 123.962298337687429, 10.432076726172673 ], [ 123.96202592663353, 10.432620120939964 ], [ 123.962118381589676, 10.432981566890602 ], [ 123.962481320964869, 10.432166610809986 ] ] ], [ [ [ 123.967233939916142, 10.432875841121339 ], [ 123.96693843439067, 10.432913629788674 ], [ 123.96720106386266, 10.433039612746008 ], [ 123.967233939916142, 10.432875841121339 ] ] ], [ [ [ 123.981978799141956, 10.433106274361656 ], [ 123.981978820169914, 10.43311304280663 ], [ 123.981991095194971, 10.433113005438921 ], [ 123.981978799141956, 10.433106274361656 ] ] ], [ [ [ 123.988657556484554, 10.432481034650634 ], [ 123.988699536328326, 10.431996899356115 ], [ 123.988424911013354, 10.431816881445442 ], [ 123.987511096283029, 10.431729250292932 ], [ 123.987144553864212, 10.431368652983842 ], [ 123.985748747983109, 10.431418135819204 ], [ 123.98595628759864, 10.431155683459354 ], [ 123.986413446692637, 10.431280459433616 ], [ 123.98686964760374, 10.431098204670105 ], [ 123.98671484840996, 10.430435997297321 ], [ 123.986410342966437, 10.430285741074087 ], [ 123.986399848124023, 10.430014483734769 ], [ 123.986201000280772, 10.429969876673379 ], [ 123.986317015396395, 10.429653017707876 ], [ 123.985950758861733, 10.429382847597299 ], [ 123.985768335653248, 10.429473834779628 ], [ 123.985768899527741, 10.429654692711999 ], [ 123.985977395548076, 10.429699270584139 ], [ 123.985860816116571, 10.429835271535211 ], [ 123.986080189114801, 10.430015460820243 ], [ 123.985404898100995, 10.430107953731287 ], [ 123.98504089564311, 10.43056121441988 ], [ 123.985406589232156, 10.430650527560481 ], [ 123.985315799956311, 10.43083166450346 ], [ 123.985706785207739, 10.431047548134924 ], [ 123.985042304450289, 10.4310133593158 ], [ 123.985041177399367, 10.430651643400076 ], [ 123.984899961395911, 10.430864427892944 ], [ 123.984648848338239, 10.430245906639625 ], [ 123.984810744122015, 10.429993948673259 ], [ 123.984856781285302, 10.430109627244398 ], [ 123.985313263485125, 10.43001780373956 ], [ 123.985675291649301, 10.428931540026158 ], [ 123.985492023080866, 10.428751240104411 ], [ 123.984761203823425, 10.428753471156121 ], [ 123.984396638699167, 10.429025873078038 ], [ 123.984306975236635, 10.429568725790851 ], [ 123.98458187802369, 10.42983917665979 ], [ 123.98458328606776, 10.430291321638601 ], [ 123.984493341172779, 10.430743745371187 ], [ 123.984038264980924, 10.431287712844743 ], [ 123.984305242751276, 10.432111223940758 ], [ 123.98371355621552, 10.432791252721113 ], [ 123.983714541249697, 10.433107754232655 ], [ 123.984170605870403, 10.432880288459879 ], [ 123.985312074763854, 10.432732007495897 ], [ 123.985461486635074, 10.432518565877704 ], [ 123.986225032907697, 10.432544177399949 ], [ 123.986452893782541, 10.432375953227861 ], [ 123.987047679367677, 10.432690638055853 ], [ 123.988245597347301, 10.432902587798603 ], [ 123.988337516426469, 10.433083165655262 ], [ 123.989068344995573, 10.433080925501679 ], [ 123.988427173232679, 10.432540312476094 ], [ 123.988657556484554, 10.432481034650634 ] ], [ [ 123.987395929283352, 10.432317396332557 ], [ 123.988426324880862, 10.432269025843459 ], [ 123.988427173232679, 10.432540312476094 ], [ 123.987395929283352, 10.432317396332557 ] ], [ [ 123.98549754887641, 10.430524076281607 ], [ 123.985543979710869, 10.430765926970784 ], [ 123.985406589232156, 10.430650527560481 ], [ 123.98549754887641, 10.430524076281607 ] ], [ [ 123.984467762338724, 10.432572246092715 ], [ 123.984387408173063, 10.432493188572861 ], [ 123.984498692078901, 10.432461896171624 ], [ 123.984467762338724, 10.432572246092715 ] ], [ [ 123.984860443464683, 10.431285204045283 ], [ 123.985068940518374, 10.431329782418146 ], [ 123.984861570377547, 10.431646919966477 ], [ 123.985254430565789, 10.431683671788647 ], [ 123.984862415589475, 10.431918206901992 ], [ 123.984954332466245, 10.432098785947984 ], [ 123.985623578818604, 10.432141956803397 ], [ 123.984681117383644, 10.432370909537688 ], [ 123.984678300498928, 10.431466619710571 ], [ 123.984861006915935, 10.431466062006914 ], [ 123.984860443464683, 10.431285204045283 ] ], [ [ 123.986690328641458, 10.432183910654981 ], [ 123.985831766138375, 10.432141320656493 ], [ 123.986781399703446, 10.43209320229793 ], [ 123.9870872239606, 10.432227911325894 ], [ 123.986690328641458, 10.432183910654981 ] ], [ [ 123.985500761207561, 10.431554538184526 ], [ 123.985451482336998, 10.431669503243254 ], [ 123.98529079133381, 10.431591828332966 ], [ 123.985500761207561, 10.431554538184526 ] ], [ [ 123.985062460163988, 10.429249915847853 ], [ 123.984879441603198, 10.429789554308382 ], [ 123.984636000769754, 10.429477292080708 ], [ 123.984762893613293, 10.429296045136351 ], [ 123.985062460163988, 10.429249915847853 ] ], [ [ 123.985732518018153, 10.430749742131896 ], [ 123.985863353964618, 10.430649132173732 ], [ 123.985948125917403, 10.43086066346825 ], [ 123.985732518018153, 10.430749742131896 ] ], [ [ 123.986320118632023, 10.430647736134524 ], [ 123.986270840185654, 10.430762701285392 ], [ 123.986110149504071, 10.430685026758805 ], [ 123.986320118632023, 10.430647736134524 ] ] ], [ [ [ 123.982070309414681, 10.433156368687063 ], [ 123.982070314418706, 10.433157979219121 ], [ 123.98207323522611, 10.433157970326747 ], [ 123.982070309414681, 10.433156368687063 ] ] ], [ [ [ 123.963031648674658, 10.43288841184785 ], [ 123.962849766484055, 10.433160245844926 ], [ 123.963069090786632, 10.433267341593682 ], [ 123.963031648674658, 10.43288841184785 ] ] ], [ [ [ 123.961546628387765, 10.433031853407508 ], [ 123.961457705743513, 10.433329328934196 ], [ 123.961662435444609, 10.43325421744264 ], [ 123.961546628387765, 10.433031853407508 ] ] ], [ [ [ 123.982482105983394, 10.433381792792122 ], [ 123.982482109114187, 10.433382799978395 ], [ 123.982483935715052, 10.433382794414861 ], [ 123.982482105983394, 10.433381792792122 ] ] ], [ [ [ 123.982740884013339, 10.431803293931386 ], [ 123.982820744500273, 10.431723747874768 ], [ 123.983060076229819, 10.431869492571137 ], [ 123.982980055640056, 10.431934404815973 ], [ 123.983573711963984, 10.431887380464712 ], [ 123.983856154037824, 10.431479584829184 ], [ 123.983854432911528, 10.430926554029588 ], [ 123.983670882655886, 10.430655824079539 ], [ 123.98348817664592, 10.430656381059768 ], [ 123.98339626107628, 10.430475801460171 ], [ 123.982391378387419, 10.430478862643646 ], [ 123.982273954155943, 10.430343575279963 ], [ 123.982664594144779, 10.430206740949167 ], [ 123.98275482272166, 10.429844746536231 ], [ 123.983119952685954, 10.429753204358908 ], [ 123.983210180642615, 10.429391209867385 ], [ 123.983757171086097, 10.429027823200002 ], [ 123.983756045740151, 10.428666107099483 ], [ 123.983548272608246, 10.428436868354567 ], [ 123.984668725035363, 10.428392033913099 ], [ 123.98494334530541, 10.428572055562212 ], [ 123.985491459416579, 10.428570382146779 ], [ 123.985810267700714, 10.428272729646153 ], [ 123.98631673329966, 10.429562588756943 ], [ 123.986591355473962, 10.429742608796486 ], [ 123.986597516435054, 10.430024336207952 ], [ 123.986959024439841, 10.430464922727326 ], [ 123.98714173014659, 10.430464363773551 ], [ 123.987232235852517, 10.43019279749187 ], [ 123.987140318385514, 10.430012219149061 ], [ 123.9868662602169, 10.430013057503132 ], [ 123.986865413428816, 10.429741770699794 ], [ 123.986682708128171, 10.429742329457032 ], [ 123.986682143721254, 10.429561471575603 ], [ 123.986955807657736, 10.429434461208901 ], [ 123.98713890668958, 10.429560074511739 ], [ 123.987690129722736, 10.430553115194229 ], [ 123.98787283544047, 10.430552555817906 ], [ 123.987963340511357, 10.430280989386448 ], [ 123.987870857498635, 10.429919553483533 ], [ 123.987504317017383, 10.429558956390947 ], [ 123.987503469714795, 10.429287669632332 ], [ 123.98677180300372, 10.429018618573267 ], [ 123.986037881554907, 10.428026133996459 ], [ 123.985725692662655, 10.428103045695188 ], [ 123.985489486673657, 10.427937379278779 ], [ 123.985124923144014, 10.428209781900089 ], [ 123.984576246497156, 10.428030596615789 ], [ 123.983480301002544, 10.42812436823378 ], [ 123.983207087666855, 10.428396490429643 ], [ 123.983153936944632, 10.428928502035181 ], [ 123.982934436050044, 10.428849470526838 ], [ 123.982387725765747, 10.429303284909011 ], [ 123.981931243340568, 10.4293951042226 ], [ 123.981749380298155, 10.429666947369416 ], [ 123.981750784229916, 10.430119092738924 ], [ 123.981203508706784, 10.430392047248835 ], [ 123.981021925094495, 10.430754319164437 ], [ 123.981207437954552, 10.431658054401913 ], [ 123.982306769220415, 10.432649437963663 ], [ 123.982338666075435, 10.432850026324141 ], [ 123.981849158417276, 10.43237954136497 ], [ 123.98166645130155, 10.432380097395649 ], [ 123.981116645900642, 10.431839190389175 ], [ 123.981116084590809, 10.43165833222772 ], [ 123.980201709656683, 10.431389821729711 ], [ 123.979835455574133, 10.431119644343228 ], [ 123.979287336069163, 10.431121308468169 ], [ 123.97905959163387, 10.431328248895943 ], [ 123.978830009793839, 10.430941836227527 ], [ 123.978693338492235, 10.431058070103278 ], [ 123.978647023432686, 10.430851961303562 ], [ 123.978372963828321, 10.430852792443281 ], [ 123.978097505438356, 10.430401477503356 ], [ 123.977684702727572, 10.430480949648905 ], [ 123.977640460386894, 10.43031243257804 ], [ 123.977457754246174, 10.43031298609343 ], [ 123.977183974496739, 10.430404245365981 ], [ 123.977311990330506, 10.43058471772963 ], [ 123.977185092446831, 10.430765962141747 ], [ 123.976819679576153, 10.430767068595594 ], [ 123.97690991516393, 10.430405075215853 ], [ 123.977183136061257, 10.430132957778756 ], [ 123.977548548152441, 10.430131850976549 ], [ 123.977913121157414, 10.429859456224261 ], [ 123.977820649642823, 10.429498016333834 ], [ 123.977547429852777, 10.429770134225926 ], [ 123.97690795940423, 10.429772070786488 ], [ 123.976543944093649, 10.430225322891364 ], [ 123.976903619687221, 10.431490254821776 ], [ 123.977459990799829, 10.431036419581492 ], [ 123.977759840369814, 10.431080726069343 ], [ 123.977187328470933, 10.431489395668587 ], [ 123.977188167022518, 10.431760683232646 ], [ 123.977737686420085, 10.432211168461311 ], [ 123.978011747265256, 10.432210337758343 ], [ 123.978376322070588, 10.431937942329093 ], [ 123.978374922757823, 10.431485796552359 ], [ 123.978191936170745, 10.431395921387818 ], [ 123.978101701919073, 10.431757914999016 ], [ 123.977965029990131, 10.431874148614403 ], [ 123.977827641477191, 10.431758745743165 ], [ 123.977826802371894, 10.431487458231047 ], [ 123.978009229428153, 10.431396475275765 ], [ 123.97814506180562, 10.431008954164183 ], [ 123.97851987206819, 10.431341432850724 ], [ 123.978833089647082, 10.431936556817147 ], [ 123.979198783769291, 10.432025877069282 ], [ 123.979654880118105, 10.43180788878559 ], [ 123.980883687004166, 10.432619010083746 ], [ 123.981178910159613, 10.432542614768687 ], [ 123.981210525576842, 10.432652774237109 ], [ 123.981583341146106, 10.432691534296938 ], [ 123.981683320811158, 10.432867486705531 ], [ 123.981521146040237, 10.432822905452634 ], [ 123.981521208890896, 10.432843145781861 ], [ 123.981704477999756, 10.433023447925839 ], [ 123.982125185876654, 10.433011710459187 ], [ 123.982536213484678, 10.433382635180632 ], [ 123.982847665015981, 10.43342690128557 ], [ 123.983257491325602, 10.433018717861223 ], [ 123.983255944168562, 10.432521358269046 ], [ 123.982889967543841, 10.432341613792193 ], [ 123.98257858133401, 10.431925171004835 ], [ 123.982187096316522, 10.431790718263334 ], [ 123.982852360370529, 10.431833907141112 ], [ 123.982740884013339, 10.431803293931386 ] ], [ [ 123.982090040903046, 10.431765624473879 ], [ 123.982009687507983, 10.431686566278502 ], [ 123.982120971449476, 10.431655274708286 ], [ 123.982090040903046, 10.431765624473879 ] ], [ [ 123.981965543942863, 10.430369903294084 ], [ 123.982045896958951, 10.430448961538751 ], [ 123.981661115975413, 10.430661945120432 ], [ 123.981661958333135, 10.430933232334146 ], [ 123.983058889157192, 10.431245483613303 ], [ 123.982759601372507, 10.431382040257835 ], [ 123.981845507144271, 10.431203963577145 ], [ 123.981754434755757, 10.431294670639407 ], [ 123.981959079214036, 10.431608907764186 ], [ 123.981801520151137, 10.431681713560094 ], [ 123.981663362314492, 10.431385377680037 ], [ 123.981389021769317, 10.431295782372731 ], [ 123.981387056785323, 10.430662778829118 ], [ 123.981477848397887, 10.43048164279735 ], [ 123.981934613425068, 10.430480253046738 ], [ 123.981965543942863, 10.430369903294084 ] ], [ [ 123.981887269246315, 10.429649163765443 ], [ 123.982114510460789, 10.42957540633186 ], [ 123.982429630329435, 10.429876800012419 ], [ 123.981887269246315, 10.429649163765443 ] ] ], [ [ [ 123.955956899365688, 10.433124101573073 ], [ 123.955724123355736, 10.433181431674775 ], [ 123.956090635217492, 10.433542068059408 ], [ 123.956398188493978, 10.433486193937156 ], [ 123.955956899365688, 10.433124101573073 ] ] ], [ [ [ 123.955084368633493, 10.433092895429281 ], [ 123.955126417951817, 10.431891783943135 ], [ 123.955447600405506, 10.432368375469089 ], [ 123.95554059443819, 10.432910683533441 ], [ 123.95581438431806, 10.432819442055644 ], [ 123.955508617280117, 10.432462511057706 ], [ 123.955654070296561, 10.432149149918093 ], [ 123.955995999387696, 10.432457181780554 ], [ 123.95581192401383, 10.432005574250775 ], [ 123.955079178762134, 10.431374729676451 ], [ 123.954714581866511, 10.431647100294342 ], [ 123.95475645840699, 10.433664101817312 ], [ 123.955084368633493, 10.433092895429281 ] ] ], [ [ [ 123.961115683876841, 10.433707998785467 ], [ 123.96102487918813, 10.433889130142113 ], [ 123.961298942862626, 10.43388831363861 ], [ 123.961115683876841, 10.433707998785467 ] ] ], [ [ [ 123.987700584730007, 10.433898984441351 ], [ 123.9877008673473, 10.43398941333014 ], [ 123.987792221209531, 10.433989133560056 ], [ 123.987700584730007, 10.433898984441351 ] ] ], [ [ [ 123.990441482079689, 10.433981008870891 ], [ 123.990441765490814, 10.434071437684089 ], [ 123.990533119301119, 10.434071157128287 ], [ 123.990441482079689, 10.433981008870891 ] ] ], [ [ [ 123.968321632698604, 10.431728379576576 ], [ 123.96845323122723, 10.43145531732721 ], [ 123.968360571352989, 10.431029098177452 ], [ 123.96876944572486, 10.430304428871981 ], [ 123.968921393684184, 10.429658108595582 ], [ 123.968774523185147, 10.428812314370402 ], [ 123.96844510765105, 10.42880284610669 ], [ 123.967669055130941, 10.42895127613995 ], [ 123.966219096380769, 10.429623390717254 ], [ 123.965123134046237, 10.429717100385011 ], [ 123.964621596185992, 10.430015280301847 ], [ 123.964392859634955, 10.429900144164355 ], [ 123.964173594156776, 10.43024690080129 ], [ 123.964485867801216, 10.430442448391627 ], [ 123.964396444937691, 10.431075728165801 ], [ 123.964742137423258, 10.431291983786442 ], [ 123.964943738904097, 10.430802801017791 ], [ 123.96530915310791, 10.430801708135769 ], [ 123.965437167598154, 10.430982185839786 ], [ 123.965218903736087, 10.431163699450536 ], [ 123.965220284012517, 10.431615847007819 ], [ 123.965439652664145, 10.431796051390229 ], [ 123.965175788840455, 10.432003090824724 ], [ 123.965129758342883, 10.43188740879885 ], [ 123.964581635092841, 10.431889047827818 ], [ 123.964306470231321, 10.431528148853669 ], [ 123.964032408865435, 10.431528967751595 ], [ 123.963667820519234, 10.431801347904196 ], [ 123.963851079625215, 10.431981661283002 ], [ 123.964337367059542, 10.431859399001134 ], [ 123.9644911087954, 10.432160609490102 ], [ 123.964948706590064, 10.432430532332686 ], [ 123.965679814971722, 10.432518775292442 ], [ 123.965769787812178, 10.432066354397607 ], [ 123.965952110123169, 10.431939634490556 ], [ 123.966135203400825, 10.432065260439165 ], [ 123.966134098068849, 10.431703542502381 ], [ 123.965675948155578, 10.431252762342705 ], [ 123.965720995057282, 10.43104637750433 ], [ 123.966316252880745, 10.431522136424405 ], [ 123.967412220751299, 10.431428422140506 ], [ 123.967546894790928, 10.431813152858155 ], [ 123.967009340217629, 10.432079763069622 ], [ 123.967141202592259, 10.432423967720826 ], [ 123.96866473191065, 10.432811497110245 ], [ 123.96878751348288, 10.433052040252825 ], [ 123.969061575795607, 10.433051217158038 ], [ 123.969428101459442, 10.433411836886117 ], [ 123.969884485281625, 10.43328429114583 ], [ 123.97006896835039, 10.433862061462417 ], [ 123.969794905410055, 10.433862885484931 ], [ 123.968604528184741, 10.432962159440464 ], [ 123.967781787628311, 10.432783767954215 ], [ 123.967471682835878, 10.433199913376161 ], [ 123.96704309083411, 10.433310162868294 ], [ 123.966412305809214, 10.433059163899182 ], [ 123.965681472331624, 10.433061352240026 ], [ 123.965682301045959, 10.433332640706857 ], [ 123.966047718121658, 10.43333154671596 ], [ 123.967420245817792, 10.434050876047168 ], [ 123.968180755735162, 10.433717252377511 ], [ 123.968698099168307, 10.433685320415691 ], [ 123.969705215643927, 10.434405736361793 ], [ 123.970161710438632, 10.434313933555034 ], [ 123.970160600209567, 10.433952216100863 ], [ 123.970433720581696, 10.43364436024331 ], [ 123.970836189522686, 10.433950183598146 ], [ 123.970617927217845, 10.434131700768585 ], [ 123.970801191448288, 10.434312009653363 ], [ 123.971257963521154, 10.434310634654606 ], [ 123.971440116474213, 10.434129225815058 ], [ 123.971345705376137, 10.433134778235393 ], [ 123.970760259968671, 10.433134045646499 ], [ 123.970888101821714, 10.43286486515397 ], [ 123.97070483846953, 10.43268455623128 ], [ 123.970065360765005, 10.432686479640862 ], [ 123.969972896963256, 10.432325036798346 ], [ 123.969333419853726, 10.432326958677377 ], [ 123.969149603241647, 10.431965789943291 ], [ 123.968784188095611, 10.431966887337545 ], [ 123.968692003092585, 10.43169587337311 ], [ 123.968321632698604, 10.431728379576576 ] ], [ [ 123.968204303099938, 10.431807593213438 ], [ 123.968123947300811, 10.431728531226865 ], [ 123.968235234485192, 10.431697244361354 ], [ 123.968204303099938, 10.431807593213438 ] ], [ [ 123.969488266060893, 10.432899453665485 ], [ 123.96942560563096, 10.432597972379643 ], [ 123.969699667494339, 10.432597148773437 ], [ 123.969774466341448, 10.432834855206902 ], [ 123.969488266060893, 10.432899453665485 ] ], [ [ 123.966953793061236, 10.430887214467075 ], [ 123.96640567185743, 10.430888856466945 ], [ 123.966277656887598, 10.430708379196535 ], [ 123.966404289969134, 10.430436709047912 ], [ 123.96681474968635, 10.430229229607024 ], [ 123.966861886507004, 10.430706629257362 ], [ 123.96704459345419, 10.430706081777236 ], [ 123.967043763775123, 10.430434793375667 ], [ 123.967438481545585, 10.429944522835985 ], [ 123.967591053950215, 10.430161861990815 ], [ 123.968108300846978, 10.430100259339044 ], [ 123.968250224042549, 10.430375893132815 ], [ 123.967775697916366, 10.430794320259428 ], [ 123.967776528258838, 10.431065608596136 ], [ 123.966953793061236, 10.430887214467075 ] ], [ [ 123.966445253264496, 10.430189680269299 ], [ 123.966284566188634, 10.430111995301147 ], [ 123.966494537807478, 10.430074717524034 ], [ 123.966445253264496, 10.430189680269299 ] ], [ [ 123.967895255955128, 10.429300956907236 ], [ 123.96850181722526, 10.429254827276129 ], [ 123.968612587090064, 10.429564653424981 ], [ 123.967895255955128, 10.429300956907236 ] ] ], [ [ [ 123.962660174509125, 10.430900051651946 ], [ 123.962570747860596, 10.431533331239592 ], [ 123.962753730870233, 10.431623215745292 ], [ 123.963581427706401, 10.43342935259253 ], [ 123.963582805927786, 10.433881500305029 ], [ 123.963973462463699, 10.43391767771331 ], [ 123.96387919263023, 10.43411023427892 ], [ 123.964083103643162, 10.434519983586188 ], [ 123.964223666509312, 10.434331737261861 ], [ 123.964128174865451, 10.432975567385355 ], [ 123.962841132805821, 10.431599585679812 ], [ 123.963117493582217, 10.431079547874246 ], [ 123.962989204902385, 10.430808639551916 ], [ 123.963297721618318, 10.43026513641359 ], [ 123.962660174509125, 10.430900051651946 ] ] ], [ [ [ 123.986150390927762, 10.43480802578504 ], [ 123.986240334004009, 10.434355601810681 ], [ 123.985967118355489, 10.434627726540473 ], [ 123.98596768263215, 10.434808584404129 ], [ 123.986150390927762, 10.43480802578504 ] ] ], [ [ [ 123.972958591651178, 10.433059313517926 ], [ 123.972878234411183, 10.432980252870188 ], [ 123.972989521401573, 10.432948964353947 ], [ 123.972895940997603, 10.4322258054766 ], [ 123.972530525955534, 10.43222690718123 ], [ 123.971894385771847, 10.433313986054428 ], [ 123.971620601417541, 10.433405240927781 ], [ 123.971621713273095, 10.433766958237101 ], [ 123.971804699770246, 10.433856837196592 ], [ 123.972487274652053, 10.433015519561611 ], [ 123.972534142630849, 10.433402488173728 ], [ 123.972716850842673, 10.433401937309648 ], [ 123.972808761553082, 10.433582520430177 ], [ 123.973813099898024, 10.43339862993218 ], [ 123.9741790735671, 10.433578385155487 ], [ 123.974226222490429, 10.434055782564196 ], [ 123.973997201292349, 10.433850224652504 ], [ 123.973175013394979, 10.43385270611879 ], [ 123.972626053240901, 10.433583071356331 ], [ 123.972169282415422, 10.433584448214821 ], [ 123.971624215098075, 10.434580822152959 ], [ 123.971989911084549, 10.434670150548351 ], [ 123.972444625988999, 10.434000025279341 ], [ 123.972993975194456, 10.43439583299263 ], [ 123.973633734400423, 10.434484332676414 ], [ 123.974182975651928, 10.434844394722711 ], [ 123.974640026912496, 10.434933444058531 ], [ 123.975460821769232, 10.434478812479153 ], [ 123.975454682251353, 10.432489369542436 ], [ 123.974815205850817, 10.432491302419505 ], [ 123.974666886040367, 10.431959626846478 ], [ 123.974666467845395, 10.431823982964403 ], [ 123.975397575489524, 10.431912203573768 ], [ 123.975451333948826, 10.431404218744625 ], [ 123.974446167167912, 10.431316825959335 ], [ 123.974036547873922, 10.431795602680054 ], [ 123.973896375126202, 10.430775905192975 ], [ 123.974078524544169, 10.43059449513394 ], [ 123.974443937513072, 10.430593391831769 ], [ 123.974718275989702, 10.430682993341426 ], [ 123.974993730064114, 10.431134311605513 ], [ 123.975358864588429, 10.43104277795964 ], [ 123.975176157896982, 10.431043330209599 ], [ 123.975083410109562, 10.430591460048145 ], [ 123.974900424839191, 10.43050158286087 ], [ 123.974348961779498, 10.42941808713679 ], [ 123.974166255980506, 10.429418638723783 ], [ 123.974008445124682, 10.429822551325591 ], [ 123.973765292805368, 10.429600709126994 ], [ 123.973983550171226, 10.429419190206403 ], [ 123.974073788867017, 10.429057197335766 ], [ 123.973615911197228, 10.428696858466949 ], [ 123.973287084907014, 10.428878710592176 ], [ 123.973380139958891, 10.429431467684086 ], [ 123.973162380128727, 10.429748629943845 ], [ 123.973163322023538, 10.43005467573817 ], [ 123.973383062853912, 10.430380975339938 ], [ 123.973429853066762, 10.430742554734573 ], [ 123.973247842341095, 10.430969179113241 ], [ 123.973431801985086, 10.431375559783906 ], [ 123.973113563431539, 10.431863428618131 ], [ 123.973536531159709, 10.432585593617931 ], [ 123.973811149819085, 10.432765625034472 ], [ 123.974085211471277, 10.432764797654464 ], [ 123.974083818239322, 10.43231265132049 ], [ 123.973955942943533, 10.432222507920553 ], [ 123.974115674075108, 10.431913081894868 ], [ 123.974267361820566, 10.432583387415093 ], [ 123.974541702056797, 10.432672988912266 ], [ 123.974542538414667, 10.432944276671023 ], [ 123.97436010930771, 10.433035257811536 ], [ 123.974668308796339, 10.433490859664106 ], [ 123.974554770627904, 10.433707078037321 ], [ 123.973994414847823, 10.432945932008817 ], [ 123.973537088143772, 10.432766452179543 ], [ 123.972958591651178, 10.433059313517926 ] ], [ [ 123.975182573746238, 10.433123202724559 ], [ 123.975092724853653, 10.433611368433279 ], [ 123.974726640494708, 10.433395870912607 ], [ 123.974726082789005, 10.433215012422274 ], [ 123.975182573746238, 10.433123202724559 ] ], [ [ 123.973527342407223, 10.429601427053928 ], [ 123.973635525190531, 10.429123737291437 ], [ 123.973740529770879, 10.429265424050826 ], [ 123.97361869537869, 10.429601151451219 ], [ 123.974014383182833, 10.430037901044313 ], [ 123.973884486575571, 10.430178221355257 ], [ 123.973711440666577, 10.430053022282896 ], [ 123.973710605267527, 10.429781734408138 ], [ 123.973527342407223, 10.429601427053928 ] ], [ [ 123.974350354995437, 10.429870233516164 ], [ 123.974288495570192, 10.430086891796865 ], [ 123.974127218766697, 10.429934115536071 ], [ 123.974350354995437, 10.429870233516164 ] ], [ [ 123.972500599613909, 10.432743217537608 ], [ 123.972623270829388, 10.4326787783278 ], [ 123.972585078890447, 10.432976853726839 ], [ 123.972500599613909, 10.432743217537608 ] ] ], [ [ [ 123.96696679336614, 10.435137398887223 ], [ 123.967149779608903, 10.435227280553635 ], [ 123.967149226178961, 10.435046421676125 ], [ 123.9670575947586, 10.434956266130801 ], [ 123.96696679336614, 10.435137398887223 ] ] ], [ [ [ 123.992454672790828, 10.435059975729549 ], [ 123.992454956813646, 10.435150404481377 ], [ 123.992546310882872, 10.43515012332108 ], [ 123.992454672790828, 10.435059975729549 ] ] ], [ [ [ 123.992363886740861, 10.435241114369406 ], [ 123.992363602741833, 10.435150685615586 ], [ 123.992272248667362, 10.435150966723667 ], [ 123.992363886740861, 10.435241114369406 ] ] ], [ [ [ 123.980706569233377, 10.435276774744869 ], [ 123.980706601684503, 10.435287231497401 ], [ 123.980752278901662, 10.435287092598079 ], [ 123.980706569233377, 10.435276774744869 ] ] ], [ [ [ 123.963403679928305, 10.435057630027876 ], [ 123.963100694681302, 10.435101034400599 ], [ 123.963010451694402, 10.435363752806413 ], [ 123.963364855895776, 10.435228097705792 ], [ 123.963403679928305, 10.435057630027876 ] ] ], [ [ [ 123.99218117853664, 10.43524167656448 ], [ 123.992181462485547, 10.435332105322823 ], [ 123.992272816615355, 10.435331824235808 ], [ 123.99218117853664, 10.43524167656448 ] ] ], [ [ [ 123.957283173896087, 10.435166281347778 ], [ 123.957284269380921, 10.435528000150358 ], [ 123.957375624520253, 10.435527729035458 ], [ 123.957283173896087, 10.435166281347778 ] ] ], [ [ [ 123.988709437722775, 10.435161909573047 ], [ 123.988710286562494, 10.435433196133706 ], [ 123.988801640818068, 10.435432916036406 ], [ 123.988709437722775, 10.435161909573047 ] ] ], [ [ [ 123.991998754218017, 10.435332667418471 ], [ 123.9919079678278, 10.435513805957315 ], [ 123.992181746437097, 10.435422534080628 ], [ 123.991998754218017, 10.435332667418471 ] ] ], [ [ [ 123.991816613634725, 10.435514086944876 ], [ 123.99181689748599, 10.435604515711706 ], [ 123.991908251705411, 10.435604234721634 ], [ 123.991816613634725, 10.435514086944876 ] ] ], [ [ [ 123.980184389913575, 10.435323257011879 ], [ 123.981573345179086, 10.43492287509652 ], [ 123.98258831271977, 10.435055429323246 ], [ 123.983044067190875, 10.434727079094893 ], [ 123.983224698101623, 10.434058761333066 ], [ 123.982712602459713, 10.434060321971241 ], [ 123.981980927306353, 10.433791260664391 ], [ 123.980835737038163, 10.432742415801622 ], [ 123.980114001170818, 10.432565677648444 ], [ 123.980021806438629, 10.432294667865905 ], [ 123.979655831603296, 10.432114919488983 ], [ 123.979290417429425, 10.432116028910228 ], [ 123.978925673973038, 10.432333739541898 ], [ 123.978742576072065, 10.432208121401905 ], [ 123.97828692750943, 10.432571223436302 ], [ 123.977830158932591, 10.432572608251757 ], [ 123.977097372513171, 10.431941818290866 ], [ 123.976640884060885, 10.43203363052384 ], [ 123.976276866009471, 10.432486882535299 ], [ 123.976314323115758, 10.432949376300707 ], [ 123.976543964970631, 10.433355616418931 ], [ 123.976191097816908, 10.434295743077037 ], [ 123.976649266338882, 10.434746506308095 ], [ 123.976741738643867, 10.435107946403585 ], [ 123.977107995370289, 10.435378127089274 ], [ 123.977828935700032, 10.435295968993499 ], [ 123.978103559008716, 10.435475996251492 ], [ 123.979026440562663, 10.435372309253395 ], [ 123.979839996190478, 10.435696800268786 ], [ 123.980184389913575, 10.435323257011879 ] ], [ [ 123.977836873169196, 10.43474290807065 ], [ 123.977836033808316, 10.43447162060953 ], [ 123.978110096623652, 10.434470789642676 ], [ 123.978221341489061, 10.435055487517014 ], [ 123.978158297798231, 10.435219549962545 ], [ 123.977836873169196, 10.43474290807065 ] ], [ [ 123.980282194869673, 10.434342812693117 ], [ 123.980485026169234, 10.43437314900407 ], [ 123.980669418148182, 10.434915168002822 ], [ 123.980486709488218, 10.434915723493731 ], [ 123.980282194869673, 10.434342812693117 ] ], [ [ 123.979842463073624, 10.433380372158773 ], [ 123.980321599279009, 10.434133308762206 ], [ 123.980241737541249, 10.434212854296312 ], [ 123.979451817700109, 10.433517203485984 ], [ 123.979751389477244, 10.433471078748568 ], [ 123.979542050673729, 10.433155209628225 ], [ 123.979932975910231, 10.43310880733787 ], [ 123.980298952089996, 10.433288555266241 ], [ 123.980757404979983, 10.433829741309619 ], [ 123.981652358996925, 10.434326403484823 ], [ 123.981225859007068, 10.43441029361921 ], [ 123.980849600904762, 10.434100750755329 ], [ 123.980849039623649, 10.43391989260474 ], [ 123.9805746969582, 10.433830296793204 ], [ 123.980574135850858, 10.433649438624641 ], [ 123.979842463073624, 10.433380372158773 ] ], [ [ 123.9795896958246, 10.434418324710155 ], [ 123.979526652973405, 10.43458238735527 ], [ 123.979206067475218, 10.434377034307884 ], [ 123.978841210758844, 10.434559001709296 ], [ 123.978655982103547, 10.433745693929872 ], [ 123.978015664316388, 10.433476345981674 ], [ 123.977832956350483, 10.433476899879029 ], [ 123.977262981685513, 10.434062922973034 ], [ 123.977194317110303, 10.43375012522749 ], [ 123.977011329415888, 10.433660249488659 ], [ 123.977009931835624, 10.433208103575318 ], [ 123.977374788308595, 10.433026138296523 ], [ 123.977741042912172, 10.433296318462265 ], [ 123.978471874312532, 10.433294102494731 ], [ 123.978745096016922, 10.433021983664533 ], [ 123.979201569684534, 10.432894292252193 ], [ 123.979514168223162, 10.433052401505092 ], [ 123.979019717663263, 10.433202010293375 ], [ 123.978838410129967, 10.433654710416127 ], [ 123.9795896958246, 10.434418324710155 ] ], [ [ 123.977679235431808, 10.434882949726919 ], [ 123.977600761826096, 10.435042014117576 ], [ 123.977451612699241, 10.434803552985445 ], [ 123.977679235431808, 10.434882949726919 ] ] ], [ [ [ 123.962244653165314, 10.435377595827216 ], [ 123.961995860980551, 10.435001890452755 ], [ 123.962211662525689, 10.433614301527692 ], [ 123.961937599164699, 10.433615118792513 ], [ 123.961941176566668, 10.434790703374881 ], [ 123.96176039306286, 10.435424255231689 ], [ 123.96176121857313, 10.435695543972908 ], [ 123.962003225280199, 10.435747025108354 ], [ 123.962244653165314, 10.435377595827216 ] ] ], [ [ [ 123.957375898424161, 10.435618158732391 ], [ 123.957376720151018, 10.435889447820106 ], [ 123.957468075393322, 10.435889176669427 ], [ 123.957375898424161, 10.435618158732391 ] ] ], [ [ [ 123.97684224608787, 10.43539645069573 ], [ 123.976742018129741, 10.435198375583889 ], [ 123.976192215050204, 10.434657459872975 ], [ 123.975735163963492, 10.434568412759871 ], [ 123.975738514297277, 10.43565356325251 ], [ 123.975892261259091, 10.435864337007578 ], [ 123.976477196255189, 10.435797580968437 ], [ 123.97684224608787, 10.43539645069573 ] ], [ [ 123.975920385871348, 10.435381722836143 ], [ 123.976005152668407, 10.435593257203376 ], [ 123.975789544340515, 10.435482329165112 ], [ 123.975920385871348, 10.435381722836143 ] ] ], [ [ [ 123.990265575827081, 10.436151861393906 ], [ 123.99026585924824, 10.436242290199734 ], [ 123.99035721369674, 10.436242009636025 ], [ 123.990265575827081, 10.436151861393906 ] ] ], [ [ [ 123.961489354193574, 10.436419797692944 ], [ 123.961579884067191, 10.436148236609098 ], [ 123.961305818437239, 10.436149053530015 ], [ 123.961215563355736, 10.436511044147249 ], [ 123.961489354193574, 10.436419797692944 ] ] ], [ [ [ 123.962591058156505, 10.435929090591987 ], [ 123.962128015258614, 10.436146602062216 ], [ 123.962174841583305, 10.436523781842986 ], [ 123.962675870909393, 10.436054537022285 ], [ 123.962591058156505, 10.435929090591987 ] ] ], [ [ [ 123.972086550444075, 10.436388032026851 ], [ 123.972452526957426, 10.436567788969102 ], [ 123.97236033715464, 10.43629677654768 ], [ 123.972177070841028, 10.436116468765082 ], [ 123.972086550444075, 10.436388032026851 ] ] ], [ [ [ 123.961014904889367, 10.436550465776003 ], [ 123.960912337129187, 10.436743554173018 ], [ 123.961182148504776, 10.436788451137529 ], [ 123.961215563355736, 10.436511044147249 ], [ 123.961014904889367, 10.436550465776003 ] ] ], [ [ [ 123.983688220819374, 10.436226678870035 ], [ 123.983871604521653, 10.43644272272936 ], [ 123.983961551200821, 10.435990299097748 ], [ 123.983377319588101, 10.4359920811736 ], [ 123.983595851490193, 10.435900984864762 ], [ 123.98359500704295, 10.435629697892683 ], [ 123.984323870840186, 10.434994465227691 ], [ 123.984414380007394, 10.434722899475858 ], [ 123.985828315478599, 10.434060182818497 ], [ 123.986057061673904, 10.434175302593204 ], [ 123.986421913001948, 10.43399332737005 ], [ 123.984686188431255, 10.433998631096692 ], [ 123.984413534949311, 10.434451612550914 ], [ 123.983957327576718, 10.434633864348022 ], [ 123.98341089103053, 10.435178110105779 ], [ 123.983494036523069, 10.435640462675147 ], [ 123.983449203613077, 10.435911888955033 ], [ 123.983230606559403, 10.435957770437868 ], [ 123.983232684460489, 10.43662553117621 ], [ 123.98341623834196, 10.436896260994166 ], [ 123.983598666483118, 10.436805274738205 ], [ 123.983688220819374, 10.436226678870035 ] ] ], [ [ [ 123.988620912837064, 10.436066478179198 ], [ 123.988254929371067, 10.435886740548449 ], [ 123.988028815679485, 10.435958368659092 ], [ 123.988218065995966, 10.436487595250611 ], [ 123.988897523457254, 10.43687949741142 ], [ 123.989024373410501, 10.436708705765344 ], [ 123.988620912837064, 10.436066478179198 ] ] ], [ [ [ 123.989344964085433, 10.436979011359199 ], [ 123.98934498651542, 10.436986174068197 ], [ 123.989386024281714, 10.436978885369989 ], [ 123.989344964085433, 10.436979011359199 ] ] ], [ [ [ 123.962405385458283, 10.437230939119376 ], [ 123.962404008481201, 10.436778791343743 ], [ 123.962221297740115, 10.436779336487927 ], [ 123.962131043625789, 10.437141327271597 ], [ 123.96194833265838, 10.437141872278563 ], [ 123.961857802905115, 10.437413433447427 ], [ 123.962223225156492, 10.437412343404294 ], [ 123.962405385458283, 10.437230939119376 ] ] ], [ [ [ 123.977424894154012, 10.437577619848135 ], [ 123.977332325741983, 10.437603439354087 ], [ 123.977424973160183, 10.437603158535428 ], [ 123.977424894154012, 10.437577619848135 ] ] ], [ [ [ 123.959665817779893, 10.437600824181436 ], [ 123.959666092401548, 10.437691253805905 ], [ 123.959848803812434, 10.437690710075607 ], [ 123.959665817779893, 10.437600824181436 ] ] ], [ [ [ 123.977288080212219, 10.437648788454577 ], [ 123.977287978201119, 10.437615808914863 ], [ 123.977206341341898, 10.437638579315724 ], [ 123.977288080212219, 10.437648788454577 ] ] ], [ [ [ 123.955828329902843, 10.437431358828972 ], [ 123.955632602027379, 10.437733609449579 ], [ 123.955798368711044, 10.437672360223804 ], [ 123.955828329902843, 10.437431358828972 ] ] ], [ [ [ 123.977196751045042, 10.437657488512645 ], [ 123.977178062424471, 10.437694336875865 ], [ 123.977196864836614, 10.437694279895652 ], [ 123.977196751045042, 10.437657488512645 ] ] ], [ [ [ 123.977569115601923, 10.437158450227887 ], [ 123.977530606129065, 10.437421978336424 ], [ 123.977879929947505, 10.437013984240302 ], [ 123.977924313141514, 10.436595643335517 ], [ 123.977890598050095, 10.436753134663169 ], [ 123.977719130297032, 10.436668556333421 ], [ 123.977969325778545, 10.436380703228977 ], [ 123.977420357620872, 10.436111077522188 ], [ 123.977108554571174, 10.435558985426484 ], [ 123.976367602646718, 10.436018181427883 ], [ 123.975833778534835, 10.436919295637805 ], [ 123.977065132897849, 10.436584104529063 ], [ 123.976473543242477, 10.437007789081049 ], [ 123.976016767945382, 10.437009171891244 ], [ 123.976841479624738, 10.437820544847293 ], [ 123.977206341341898, 10.437638579315724 ], [ 123.977569115601923, 10.437158450227887 ] ] ], [ [ [ 123.976846856022973, 10.437830985421414 ], [ 123.976877540899054, 10.437830892461788 ], [ 123.976877494663668, 10.437815938799885 ], [ 123.976846856022973, 10.437830985421414 ] ] ], [ [ [ 123.958206046000342, 10.438238177856153 ], [ 123.957749540520126, 10.438329964379916 ], [ 123.957750636886516, 10.438691683061961 ], [ 123.958207417111737, 10.438690326149406 ], [ 123.958206046000342, 10.438238177856153 ] ] ], [ [ [ 123.992320523628877, 10.439049748591097 ], [ 123.992320612855295, 10.439078149747999 ], [ 123.992339484182338, 10.439049690225337 ], [ 123.992320523628877, 10.439049748591097 ] ] ], [ [ [ 123.981778314374296, 10.43898113938155 ], [ 123.981779157526518, 10.439252426445629 ], [ 123.981870513087884, 10.439252148228436 ], [ 123.981778314374296, 10.43898113938155 ] ] ], [ [ [ 123.991669111869228, 10.439503901247869 ], [ 123.991591243246788, 10.439549355600196 ], [ 123.99164667876596, 10.439583943064115 ], [ 123.991669111869228, 10.439503901247869 ] ] ], [ [ [ 123.997003774391715, 10.439614476400511 ], [ 123.996945001347925, 10.439477170483135 ], [ 123.996762689123315, 10.439603907278233 ], [ 123.9962135891396, 10.439298572780617 ], [ 123.995819809294176, 10.439366044150132 ], [ 123.995744899249374, 10.439878882427937 ], [ 123.99594151969464, 10.43993242007744 ], [ 123.996198318679191, 10.439720388838969 ], [ 123.996306941149967, 10.439931290776526 ], [ 123.996672362563274, 10.439930161057664 ], [ 123.997003774391715, 10.439614476400511 ] ] ], [ [ [ 123.997799631106616, 10.439713073550118 ], [ 123.997586201554256, 10.440017763514941 ], [ 123.997657592924512, 10.440140812304794 ], [ 123.997893206626344, 10.439942533419208 ], [ 123.997799631106616, 10.439713073550118 ] ] ], [ [ [ 123.959125644110287, 10.4402249140536 ], [ 123.959125918647061, 10.440315343677693 ], [ 123.959399988100898, 10.440314528302066 ], [ 123.959125644110287, 10.4402249140536 ] ] ], [ [ [ 123.964281946614378, 10.435326296820911 ], [ 123.965130596561067, 10.435322253423719 ], [ 123.965296493653767, 10.435017213107635 ], [ 123.965137764659488, 10.434509864403278 ], [ 123.96495505539005, 10.43451041099229 ], [ 123.964954227209276, 10.434239122486915 ], [ 123.964641166911036, 10.434035685320032 ], [ 123.964590188742818, 10.434692362877538 ], [ 123.964133966878578, 10.434874587438225 ], [ 123.964043439554516, 10.435146149036102 ], [ 123.964160581270036, 10.435191014094814 ], [ 123.963861005621339, 10.435237124559077 ], [ 123.963861832936558, 10.43550841313531 ], [ 123.963131544325435, 10.435691455242255 ], [ 123.963041567041031, 10.436143875728339 ], [ 123.962496190105696, 10.437049807392098 ], [ 123.962497567252839, 10.437501955147821 ], [ 123.963961463096581, 10.438221025574411 ], [ 123.964326610081287, 10.438129503543465 ], [ 123.964417413780126, 10.437948371356033 ], [ 123.965148258938854, 10.437946184884559 ], [ 123.965971565372371, 10.438305440920297 ], [ 123.966063474068875, 10.43848602614811 ], [ 123.96747019216636, 10.438527023838652 ], [ 123.967068664141038, 10.438573443407963 ], [ 123.966886615459842, 10.438790593632495 ], [ 123.9665205295004, 10.438575086811888 ], [ 123.966155106355544, 10.438576181892126 ], [ 123.966023572976155, 10.438788930361845 ], [ 123.965789130342557, 10.438396417641691 ], [ 123.965240167057416, 10.438126770405288 ], [ 123.964417965790346, 10.438129230347172 ], [ 123.964053755625969, 10.438527784488016 ], [ 123.962955171818166, 10.437771880213045 ], [ 123.961218588932596, 10.437505769601602 ], [ 123.960852341592854, 10.437235569722036 ], [ 123.960850966858288, 10.436783421739605 ], [ 123.960576625753276, 10.436693808479516 ], [ 123.960575801187986, 10.436422519660459 ], [ 123.960392540964563, 10.43624220451559 ], [ 123.960451924862127, 10.435820254513779 ], [ 123.959840290083434, 10.434887391628306 ], [ 123.959722050732282, 10.434480806360298 ], [ 123.959884242813587, 10.43431928872282 ], [ 123.960205434902036, 10.434795874529632 ], [ 123.960206259013816, 10.435067163405654 ], [ 123.960516982666036, 10.435247099228745 ], [ 123.960390067926298, 10.435428337977614 ], [ 123.96075713732094, 10.435969827458099 ], [ 123.960758511809431, 10.436421975475888 ], [ 123.96096068201561, 10.436380948872289 ], [ 123.961212263076717, 10.435425889035079 ], [ 123.961577683077621, 10.435424799937262 ], [ 123.96157630754162, 10.434972652000608 ], [ 123.961392772677215, 10.434701907794658 ], [ 123.960812589231494, 10.4348341820121 ], [ 123.960529722103615, 10.43462823320095 ], [ 123.960661384628509, 10.434523225769112 ], [ 123.960659186114569, 10.433799788828557 ], [ 123.960567282017166, 10.433619201592187 ], [ 123.960293218519212, 10.433620017447236 ], [ 123.960292669137161, 10.433439158185434 ], [ 123.960109960231335, 10.433439701948542 ], [ 123.959926427577827, 10.433168956681529 ], [ 123.959832876884292, 10.432445791287208 ], [ 123.959440302165874, 10.43194959121116 ], [ 123.959556344410203, 10.431632739491649 ], [ 123.959281733878754, 10.431452694987074 ], [ 123.95908103165398, 10.431910588110906 ], [ 123.958774789850537, 10.431817159914804 ], [ 123.958641708218906, 10.431273735943348 ], [ 123.959685169563301, 10.431195713636487 ], [ 123.960104193440287, 10.431540679473477 ], [ 123.960196920416635, 10.431992555872775 ], [ 123.960379903149033, 10.432082441772174 ], [ 123.961292618734916, 10.431808432654318 ], [ 123.962114804162297, 10.431805982237664 ], [ 123.96247691671654, 10.430719737460304 ], [ 123.962659623908166, 10.430719192485771 ], [ 123.96265907331744, 10.430538333317541 ], [ 123.963660379747481, 10.429359749849839 ], [ 123.963615130072355, 10.428841201759838 ], [ 123.963255242200631, 10.428547085663601 ], [ 123.963474643088858, 10.428365570030948 ], [ 123.963473816693025, 10.42809428130348 ], [ 123.963136913450427, 10.427613462222736 ], [ 123.962832420113102, 10.427463182239007 ], [ 123.962651090893601, 10.427915875146791 ], [ 123.963017052631784, 10.428095644365182 ], [ 123.963018980001692, 10.428728651474049 ], [ 123.962197353096101, 10.428911962707879 ], [ 123.962104349528218, 10.428369657368721 ], [ 123.961738112922163, 10.428099457467599 ], [ 123.961737288051737, 10.427828168596664 ], [ 123.960693827156362, 10.427017401512888 ], [ 123.96109507100563, 10.426925776738811 ], [ 123.961552383375277, 10.427105275842791 ], [ 123.961644835589055, 10.427466722246626 ], [ 123.961919168591052, 10.42755633533452 ], [ 123.962128760092668, 10.427962647663811 ], [ 123.962012171473305, 10.428098640804762 ], [ 123.962287055369345, 10.428369112729579 ], [ 123.962557811829058, 10.427283140345063 ], [ 123.962281828426086, 10.426650950108952 ], [ 123.961937750076515, 10.426442501888639 ], [ 123.961687970678852, 10.426630686112093 ], [ 123.961002344922846, 10.426473900441785 ], [ 123.960744892030036, 10.426783059787853 ], [ 123.960637484504758, 10.426655847271876 ], [ 123.960635836927935, 10.426113269300888 ], [ 123.96090769657134, 10.425389016472726 ], [ 123.961135724939226, 10.425272517866469 ], [ 123.961400839917914, 10.425477978907779 ], [ 123.961034059113018, 10.425699086693228 ], [ 123.961075646708082, 10.425880177087658 ], [ 123.960727189231449, 10.426112997472623 ], [ 123.960728013087547, 10.426384286453155 ], [ 123.961732064402668, 10.426110005639901 ], [ 123.962004746326826, 10.425657040996795 ], [ 123.962094173540237, 10.42502376138758 ], [ 123.961636314397253, 10.424663403503299 ], [ 123.96072307029354, 10.424756552500611 ], [ 123.96072252114493, 10.424575693162275 ], [ 123.960539542913523, 10.424485807035285 ], [ 123.959937962585201, 10.424642449408516 ], [ 123.959749091443157, 10.424947937840882 ], [ 123.959591374612373, 10.424546602361728 ], [ 123.960173586744119, 10.424306034437578 ], [ 123.960264389673469, 10.424124903420561 ], [ 123.960812500039054, 10.424123273006526 ], [ 123.960628698483333, 10.423762097879321 ], [ 123.960171665963742, 10.423673026624295 ], [ 123.960216715928624, 10.423466642239038 ], [ 123.961268159758774, 10.42376019497609 ], [ 123.961405735810345, 10.423121859780876 ], [ 123.961738647911375, 10.4231946965134 ], [ 123.961907620909926, 10.423758290794867 ], [ 123.962181675650896, 10.423757474325949 ], [ 123.962364928850363, 10.423937789142968 ], [ 123.962684307157517, 10.423821017302402 ], [ 123.96300439015701, 10.423935882736741 ], [ 123.963094090373446, 10.423393032619327 ], [ 123.963550296864241, 10.423210810857951 ], [ 123.964050436188302, 10.422456544584321 ], [ 123.964188929870829, 10.422937613457854 ], [ 123.963641923621296, 10.423300967872134 ], [ 123.963642474385125, 10.423481827069109 ], [ 123.96295989244048, 10.424323126574727 ], [ 123.962822237264376, 10.424117286788276 ], [ 123.962548182260562, 10.424118103834124 ], [ 123.962181950622679, 10.423847903961075 ], [ 123.961908170697882, 10.423939150079233 ], [ 123.961908720496098, 10.424120009361552 ], [ 123.962549832822674, 10.424660681566447 ], [ 123.963249866396879, 10.424628214997043 ], [ 123.964282761238465, 10.423751206932506 ], [ 123.964556815781108, 10.4237503884292 ], [ 123.964831421775102, 10.423930428819553 ], [ 123.966018715699718, 10.42383644864652 ], [ 123.966843089676104, 10.424557424017467 ], [ 123.967153172235115, 10.424556495341893 ], [ 123.967335216359899, 10.424340331081703 ], [ 123.967643083353167, 10.424429838902064 ], [ 123.967938479749179, 10.42428285113486 ], [ 123.968028724654175, 10.423920859360241 ], [ 123.968454700591735, 10.423889203082796 ], [ 123.968667354327266, 10.423647653249105 ], [ 123.968977546331047, 10.423682810005882 ], [ 123.969397334062492, 10.423374171725282 ], [ 123.969479346161208, 10.423474812668236 ], [ 123.970529331168521, 10.423290797986031 ], [ 123.970983557748497, 10.422465103395416 ], [ 123.97098164757432, 10.421842554323023 ], [ 123.970798668605667, 10.421752674171785 ], [ 123.970214536839876, 10.421754429559481 ], [ 123.9691055681526, 10.422139402412933 ], [ 123.969238485796708, 10.421867911356046 ], [ 123.96994045245313, 10.42174479596126 ], [ 123.969975541609656, 10.421438641512557 ], [ 123.970934584998076, 10.421390544584114 ], [ 123.971281100175233, 10.421253857287198 ], [ 123.971308493558652, 10.421017242418216 ], [ 123.970941981742783, 10.420656623460729 ], [ 123.970119273369704, 10.420478235065092 ], [ 123.969388746998646, 10.420570858700865 ], [ 123.969067582044858, 10.420877808469148 ], [ 123.968906936848811, 10.420342431267416 ], [ 123.969296842677309, 10.420390273931215 ], [ 123.969971384566122, 10.420082199858252 ], [ 123.971124682609414, 10.42065607417706 ], [ 123.971544009523441, 10.420617877108047 ], [ 123.97176358026762, 10.420473292069872 ], [ 123.971762747345224, 10.420202003876419 ], [ 123.971945447902385, 10.420201454148007 ], [ 123.972129259438987, 10.420562621866177 ], [ 123.972494660923317, 10.420561521848557 ], [ 123.972949466856633, 10.419927140675425 ], [ 123.972948077030594, 10.419474993828247 ], [ 123.972560467505573, 10.419070869923488 ], [ 123.972718033521787, 10.418998068974634 ], [ 123.973312921035159, 10.419293034267373 ], [ 123.973402602542251, 10.418750182831696 ], [ 123.973676651971346, 10.418749356910272 ], [ 123.973769114497415, 10.419110798957597 ], [ 123.974134792403447, 10.419200126560881 ], [ 123.974773127922489, 10.418836480203732 ], [ 123.975045784614494, 10.418383506507171 ], [ 123.974953320942689, 10.418022064926681 ], [ 123.974586809139311, 10.417661450141493 ], [ 123.973989710386704, 10.417868496057826 ], [ 123.973829028388565, 10.417790814421208 ], [ 123.974038990532875, 10.417753532487552 ], [ 123.974220576445575, 10.417391264200452 ], [ 123.974127279417758, 10.416758534186759 ], [ 123.973852397341588, 10.416488072249692 ], [ 123.973304858404617, 10.416670582555911 ], [ 123.972029578429414, 10.417850014899354 ], [ 123.971757472706244, 10.418483845210417 ], [ 123.970936820995831, 10.418974207891059 ], [ 123.970935879283175, 10.418667176137342 ], [ 123.97139235104693, 10.418575373585456 ], [ 123.971756639953199, 10.418212556983029 ], [ 123.971663902511352, 10.417760684685796 ], [ 123.970933660514518, 10.417943740685299 ], [ 123.970113840006334, 10.418705389614072 ], [ 123.969620042826818, 10.418399837427996 ], [ 123.96983829565113, 10.418218321700053 ], [ 123.969757439498977, 10.417807333976452 ], [ 123.970110959405716, 10.417765351595852 ], [ 123.970110405223352, 10.417584492681446 ], [ 123.969927706091113, 10.4175850412246 ], [ 123.970107080344533, 10.416499339151828 ], [ 123.970834824445021, 10.415502420254423 ], [ 123.970830666128649, 10.414145978448076 ], [ 123.971012531456878, 10.413874141209844 ], [ 123.970919242516288, 10.413241409444934 ], [ 123.970644920551734, 10.413151803102776 ], [ 123.970643812088042, 10.412790085225927 ], [ 123.969728115730987, 10.412069391187515 ], [ 123.970181532219001, 10.410982866766743 ], [ 123.970053247511373, 10.41071196075433 ], [ 123.970269556589955, 10.409897438688159 ], [ 123.970268448916201, 10.409535720698035 ], [ 123.970085477619776, 10.409445839404839 ], [ 123.96998887108083, 10.40772795275362 ], [ 123.969871739350992, 10.407683088906483 ], [ 123.97035287344022, 10.407274708990606 ], [ 123.970900675696313, 10.407182634451502 ], [ 123.971447255814553, 10.40669197163545 ], [ 123.971813586125961, 10.406999031710548 ], [ 123.971814418003831, 10.407270320121777 ], [ 123.971449309116991, 10.407361847443159 ], [ 123.971176100807881, 10.407633959015392 ], [ 123.97044505071193, 10.407545723398757 ], [ 123.970262911161782, 10.407727130624142 ], [ 123.970264849259294, 10.40836013717341 ], [ 123.970573202000637, 10.408312307658791 ], [ 123.970543739252335, 10.407871029405078 ], [ 123.970720752573754, 10.408087477869666 ], [ 123.972090399226929, 10.407902502689991 ], [ 123.972272537717316, 10.407721094513482 ], [ 123.97217924924395, 10.407088362942337 ], [ 123.971904655246703, 10.406908327723306 ], [ 123.971811922439485, 10.406456454874194 ], [ 123.971527681467222, 10.406276448246256 ], [ 123.971026417369956, 10.406650131854299 ], [ 123.970959985258887, 10.406930991193056 ], [ 123.969986380135694, 10.40691408708707 ], [ 123.969439960985227, 10.407458307714403 ], [ 123.969533520851769, 10.408181470084489 ], [ 123.96971649124859, 10.408271351780824 ], [ 123.969811712804457, 10.409537091029021 ], [ 123.96963057239212, 10.410045458105166 ], [ 123.969850677038906, 10.41049694958733 ], [ 123.969581107500801, 10.410633403679297 ], [ 123.968996502066275, 10.411800294145841 ], [ 123.969180857895765, 10.412342323519471 ], [ 123.970188456219077, 10.413243603925869 ], [ 123.970189287206608, 10.413514892363361 ], [ 123.97040873487434, 10.413750766190253 ], [ 123.970281775741299, 10.413886792830441 ], [ 123.970377248410841, 10.415232503788239 ], [ 123.969740298602744, 10.416048288641173 ], [ 123.96949869309212, 10.416621974446791 ], [ 123.969564246372897, 10.418219144292635 ], [ 123.969381546841262, 10.418219692557335 ], [ 123.968926458598702, 10.418763639669683 ], [ 123.968501043005062, 10.418976154941253 ], [ 123.968471092142323, 10.419217156766564 ], [ 123.968927842528402, 10.419215787077858 ], [ 123.969383485175044, 10.418852698860952 ], [ 123.969657535021625, 10.418851876373264 ], [ 123.969840789002589, 10.419032186832538 ], [ 123.970403238053891, 10.41890968851064 ], [ 123.970389720549122, 10.419301829135106 ], [ 123.970938098215854, 10.419390611556485 ], [ 123.971804735306691, 10.419000895130026 ], [ 123.971942948799679, 10.419387589584145 ], [ 123.972125926593009, 10.419477469188834 ], [ 123.972080884956412, 10.419683854545903 ], [ 123.971760248716606, 10.419388139268298 ], [ 123.971120798345098, 10.419390062341611 ], [ 123.971031112746971, 10.41993291349007 ], [ 123.969842451352065, 10.419574763564377 ], [ 123.969477050729225, 10.419575860449532 ], [ 123.969294904223432, 10.419757267671613 ], [ 123.968472752152294, 10.419759733712905 ], [ 123.968383891859858, 10.420573872993971 ], [ 123.968569083448841, 10.42138719049645 ], [ 123.96893476313609, 10.421476523925815 ], [ 123.969664460640999, 10.421112612782219 ], [ 123.969964298761951, 10.421156927571225 ], [ 123.969026113864075, 10.421476249848592 ], [ 123.968662094854977, 10.42192949336884 ], [ 123.968663202035557, 10.422291211253825 ], [ 123.969395117810649, 10.422650736153376 ], [ 123.970054230711256, 10.422527373684499 ], [ 123.969669725181674, 10.422830772237997 ], [ 123.969121341565724, 10.422741988171051 ], [ 123.968755106666677, 10.422471796167256 ], [ 123.96848105358265, 10.422472618166921 ], [ 123.968116588740145, 10.422780745739898 ], [ 123.968024851638518, 10.4226548466164 ], [ 123.967568096120019, 10.422656215466784 ], [ 123.967385946783224, 10.422837621828258 ], [ 123.967386776135029, 10.423108910330175 ], [ 123.967113275138701, 10.423290590221097 ], [ 123.967239871506536, 10.423660962152915 ], [ 123.967019559032806, 10.423783237120299 ], [ 123.966656794820494, 10.423382387371309 ], [ 123.966747208144739, 10.423075081842969 ], [ 123.967112998759461, 10.423200160714662 ], [ 123.967384841016482, 10.422475903818492 ], [ 123.967932670752177, 10.422383831973068 ], [ 123.968114819504336, 10.4222024253474 ], [ 123.968113712966229, 10.421840707401561 ], [ 123.968386382017371, 10.421387738359194 ], [ 123.968201467513552, 10.4206648502003 ], [ 123.967560631703293, 10.420214618845565 ], [ 123.967558696788046, 10.419581612252921 ], [ 123.966917864139958, 10.419131379298515 ], [ 123.966733507032941, 10.418589348853189 ], [ 123.966731297975201, 10.417865912495042 ], [ 123.966913445100161, 10.417684506676929 ], [ 123.966912616602912, 10.417413218045747 ], [ 123.966692981931345, 10.417142584135815 ], [ 123.966911235825322, 10.416961070316772 ], [ 123.967001204447243, 10.416508649205976 ], [ 123.966700266716018, 10.41610261296333 ], [ 123.966817125254678, 10.416057048151051 ], [ 123.966815468716788, 10.415514470813832 ], [ 123.966630010445755, 10.414610721715624 ], [ 123.966410378184904, 10.414340087367023 ], [ 123.966537557763033, 10.414249276644043 ], [ 123.96641594719047, 10.413811695326967 ], [ 123.966545841311856, 10.413671378219091 ], [ 123.966811603818996, 10.414248456954997 ], [ 123.966907646102001, 10.415785486161365 ], [ 123.967311359509566, 10.416507720851612 ], [ 123.967092829970838, 10.41659880535537 ], [ 123.967093382359167, 10.416779664442839 ], [ 123.967318568786325, 10.416892834156132 ], [ 123.967002585292718, 10.416960796935525 ], [ 123.967095868232846, 10.417593530310901 ], [ 123.967279948917238, 10.418045131045858 ], [ 123.967553998229235, 10.418044310423033 ], [ 123.967553445506141, 10.41786345137446 ], [ 123.967736144929376, 10.417862904172038 ], [ 123.967552892793236, 10.417682592323818 ], [ 123.967551234715856, 10.417140015159582 ], [ 123.967423501769147, 10.417049967283754 ], [ 123.967722797489856, 10.416652591303121 ], [ 123.96773089356887, 10.416144743200974 ], [ 123.967260112037835, 10.414709723722135 ], [ 123.967256766030403, 10.413614112277548 ], [ 123.966980543942086, 10.412901952574519 ], [ 123.966442070244966, 10.412893106142899 ], [ 123.965895083417166, 10.413256462825428 ], [ 123.96590059902698, 10.415065054623525 ], [ 123.965631239911275, 10.416603176588124 ], [ 123.965632343013056, 10.416964894917449 ], [ 123.96585220397013, 10.417336416272127 ], [ 123.965625177026283, 10.417778789964386 ], [ 123.965846752534134, 10.418195521328194 ], [ 123.966312678011604, 10.418555849595919 ], [ 123.966187339253665, 10.419223995433699 ], [ 123.966607327359853, 10.419775778110122 ], [ 123.967002084241159, 10.41995545731335 ], [ 123.966866716082805, 10.420498444672862 ], [ 123.967197717071201, 10.421029578862326 ], [ 123.96752697892174, 10.421046939277264 ], [ 123.967594310408501, 10.42119281479361 ], [ 123.967381247556943, 10.421300320229914 ], [ 123.967501130828154, 10.421627152915219 ], [ 123.967016949868736, 10.421663132561028 ], [ 123.966743726049401, 10.421935241581526 ], [ 123.966562681350553, 10.422478365592772 ], [ 123.966379979174519, 10.422478912366852 ], [ 123.966198105282004, 10.422750747640094 ], [ 123.96592405174637, 10.422751567471163 ], [ 123.965468399386992, 10.423114651543662 ], [ 123.965102994164624, 10.423115743804134 ], [ 123.964797650364304, 10.422919358551441 ], [ 123.964864090338054, 10.422773082731132 ], [ 123.965193518019078, 10.42284418210018 ], [ 123.965375668742922, 10.422662776873166 ], [ 123.965649722245416, 10.422661957518862 ], [ 123.965649170368238, 10.422481098420048 ], [ 123.966196448717412, 10.422208170428508 ], [ 123.966651546505815, 10.421664226438375 ], [ 123.966649889334619, 10.4211216492631 ], [ 123.966532752792077, 10.421076784638183 ], [ 123.966649613148405, 10.421031219732077 ], [ 123.966638615992366, 10.42058955774602 ], [ 123.966095989104929, 10.419224268641461 ], [ 123.965638962480071, 10.419135204720558 ], [ 123.965183314626685, 10.419498288024991 ], [ 123.964910366436968, 10.419860825073382 ], [ 123.964821221150274, 10.42058453461137 ], [ 123.964638795577727, 10.420675509879295 ], [ 123.964639346773453, 10.420856369052421 ], [ 123.964456645438645, 10.420856914643364 ], [ 123.964551303179476, 10.421941796885754 ], [ 123.964826458873432, 10.42230269659002 ], [ 123.964916431384324, 10.421850275805333 ], [ 123.964796978897454, 10.421795625992656 ], [ 123.965281559340269, 10.421758754326682 ], [ 123.965463709435241, 10.421577349098687 ], [ 123.965462054333997, 10.421034771729676 ], [ 123.965334320221373, 10.420944723129793 ], [ 123.965552301572075, 10.420672780408996 ], [ 123.965687010896744, 10.419913058288765 ], [ 123.965826629259695, 10.420762390614527 ], [ 123.965644479824121, 10.420943795996896 ], [ 123.965645583415281, 10.421305514227489 ], [ 123.965773317762469, 10.421395562679843 ], [ 123.965008333802672, 10.422030862005894 ], [ 123.965009161030778, 10.42230215071238 ], [ 123.964690612282496, 10.422690213394834 ], [ 123.96418617472564, 10.42203331756795 ], [ 123.963911846232648, 10.421943706020112 ], [ 123.963910193757116, 10.421401128414498 ], [ 123.963635315249547, 10.421130657348183 ], [ 123.962877499191464, 10.42091980087708 ], [ 123.963103321739979, 10.42082729522706 ], [ 123.963543413897582, 10.42095007064861 ], [ 123.96363063520603, 10.419593353881151 ], [ 123.96335603383524, 10.419413312009807 ], [ 123.96312801050145, 10.419529811785795 ], [ 123.963081982986594, 10.41941412914499 ], [ 123.962351180611677, 10.419416307025042 ], [ 123.961858328560169, 10.419181509739921 ], [ 123.961710354847455, 10.418966062933656 ], [ 123.961677928050278, 10.418584611657952 ], [ 123.962076580039806, 10.419236263973829 ], [ 123.96317305813497, 10.419323427159116 ], [ 123.963628708342924, 10.418960346528019 ], [ 123.964751898612221, 10.418829914788747 ], [ 123.963903584770989, 10.41923081780692 ], [ 123.963726390676769, 10.421039955183968 ], [ 123.964000993741607, 10.421219996572779 ], [ 123.964001544599085, 10.421400855773898 ], [ 123.964245091889921, 10.421460180216842 ], [ 123.964366396873359, 10.421218905769063 ], [ 123.964365019247325, 10.420766757806087 ], [ 123.964247883092455, 10.420721892302213 ], [ 123.9646371420517, 10.420132932347599 ], [ 123.964726563322316, 10.419499652405893 ], [ 123.965638686639622, 10.419044775151367 ], [ 123.965672398063703, 10.418285573545706 ], [ 123.965351127789717, 10.417779608914731 ], [ 123.964995376888808, 10.417780671666785 ], [ 123.964904578319036, 10.417961803687966 ], [ 123.963789273044753, 10.41826737700509 ], [ 123.96426485414311, 10.417873283188328 ], [ 123.965258675277965, 10.41741816349513 ], [ 123.965081765440672, 10.416152666083773 ], [ 123.963528276966599, 10.415976441056745 ], [ 123.963528827265634, 10.416157300341872 ], [ 123.963255054350427, 10.41624854701937 ], [ 123.963441054787864, 10.417333158045686 ], [ 123.963623203706689, 10.417151753951639 ], [ 123.963621827706604, 10.416699605775394 ], [ 123.964078299758086, 10.416607813712119 ], [ 123.964080502421609, 10.417331250694497 ], [ 123.963806453450999, 10.417332068287124 ], [ 123.963442430613711, 10.417785306228277 ], [ 123.9633527317268, 10.418328156431764 ], [ 123.963480464207692, 10.418418205983871 ], [ 123.963307959451313, 10.418624970707256 ], [ 123.963258905658449, 10.41751456205291 ], [ 123.962893231719036, 10.417425221553751 ], [ 123.962160510451412, 10.416794390875708 ], [ 123.961319336055396, 10.416483147420385 ], [ 123.96138238844037, 10.416319087645412 ], [ 123.961428615745504, 10.416434847323616 ], [ 123.962068061927567, 10.416432944156849 ], [ 123.962523709664168, 10.416069865296748 ], [ 123.96252178570694, 10.415436857598587 ], [ 123.962313027900706, 10.415301833552334 ], [ 123.962794183644647, 10.41489346325095 ], [ 123.963066580703369, 10.414350068737967 ], [ 123.962791014868628, 10.413990448298383 ], [ 123.962973857205256, 10.413898192586563 ], [ 123.962973307349188, 10.413717333246508 ], [ 123.962301845858278, 10.413493256795068 ], [ 123.962652410653888, 10.413331177732838 ], [ 123.962698436918018, 10.413446860572565 ], [ 123.963246528227515, 10.413445227658011 ], [ 123.963976215688675, 10.413081330394256 ], [ 123.964659048364908, 10.412330460213839 ], [ 123.965005455569695, 10.412671322232269 ], [ 123.964342159951684, 10.413261099742837 ], [ 123.964068114557875, 10.413261917240709 ], [ 123.963521674171417, 10.413806129474763 ], [ 123.963524700270696, 10.41480085565326 ], [ 123.964347115900182, 10.414888833117523 ], [ 123.964439566372718, 10.415250279017542 ], [ 123.964394244547748, 10.415366234123614 ], [ 123.964073894919665, 10.415160939648683 ], [ 123.963343102668716, 10.415163118906234 ], [ 123.962796108048011, 10.415526470919573 ], [ 123.962707233063625, 10.416340610050279 ], [ 123.962891856734004, 10.416973073287732 ], [ 123.963074555890486, 10.41697252879286 ], [ 123.963163154895639, 10.416067960008885 ], [ 123.963618800730188, 10.415704879742444 ], [ 123.964166895835618, 10.415703244898779 ], [ 123.964715817305645, 10.415972897953349 ], [ 123.96526391270163, 10.415971261189313 ], [ 123.965446059751997, 10.415789856208105 ], [ 123.965535754637386, 10.415247005723835 ], [ 123.965351954026573, 10.414885833135706 ], [ 123.965349197724578, 10.413981537105489 ], [ 123.964526784451991, 10.41389356202308 ], [ 123.964435820001469, 10.414020007795418 ], [ 123.96434381184288, 10.413803677552881 ], [ 123.964799728552777, 10.413531025595963 ], [ 123.965256471156039, 10.413529661890385 ], [ 123.965711835177487, 10.413076149535048 ], [ 123.96598394990481, 10.412442323476862 ], [ 123.966623938979154, 10.412621271100093 ], [ 123.967170371622672, 10.412077054199626 ], [ 123.968532122757068, 10.411801233256806 ], [ 123.968903771274242, 10.411348420341852 ], [ 123.969084530535696, 10.410714866056644 ], [ 123.969266949057229, 10.410623888836248 ], [ 123.969264459269183, 10.409810023141045 ], [ 123.968441780473839, 10.409631627662529 ], [ 123.967803177985303, 10.409904831004784 ], [ 123.967365323953274, 10.410429935613601 ], [ 123.967531344958914, 10.41062908774505 ], [ 123.968143115075762, 10.410255732270086 ], [ 123.968662189234024, 10.410306457514439 ], [ 123.968079983193533, 10.410808306101714 ], [ 123.968080812158036, 10.411079594750021 ], [ 123.966803047611066, 10.411445140194779 ], [ 123.966393163055983, 10.411833476829727 ], [ 123.966255511994973, 10.411627638073616 ], [ 123.965681915165234, 10.411674567273463 ], [ 123.966346308250991, 10.411446505833895 ], [ 123.966710320071854, 10.410993265451657 ], [ 123.966893015540009, 10.410992719090233 ], [ 123.966891911637546, 10.410631000762113 ], [ 123.966487944787019, 10.410195367480615 ], [ 123.966615937568818, 10.409998813090528 ], [ 123.966432691027222, 10.40981850004307 ], [ 123.966431036177269, 10.409275922434402 ], [ 123.966883633670932, 10.40791811303928 ], [ 123.966788424935757, 10.406652371686711 ], [ 123.966970290231188, 10.406380536696075 ], [ 123.966968635015959, 10.405837959058283 ], [ 123.966840907114346, 10.4057479104587 ], [ 123.967148844345914, 10.405023546372172 ], [ 123.967146361428675, 10.404209679883282 ], [ 123.966691011357142, 10.404663193180594 ], [ 123.966601871327725, 10.405386903129001 ], [ 123.966419730493342, 10.405568308280058 ], [ 123.966420833298159, 10.405930026772142 ], [ 123.966618365017339, 10.405957916783263 ], [ 123.966239243386056, 10.406292291102734 ], [ 123.966337207065607, 10.408462328981713 ], [ 123.966155064442887, 10.408643734122531 ], [ 123.96606702568846, 10.409729162403707 ], [ 123.966159476031734, 10.410090607879487 ], [ 123.966342446802827, 10.410180491480087 ], [ 123.966344101647977, 10.410723069072604 ], [ 123.966161406307108, 10.410723615106784 ], [ 123.965523901644715, 10.411358532727757 ], [ 123.965525830880509, 10.41199154002441 ], [ 123.966018974912274, 10.412142381025017 ], [ 123.965906777517858, 10.412392338270093 ], [ 123.965160989645867, 10.412173490430151 ], [ 123.965160438623215, 10.411992631187594 ], [ 123.964794495523194, 10.411812862669819 ], [ 123.964520451430815, 10.411813680441403 ], [ 123.963609996730696, 10.412811130929363 ], [ 123.962697062755339, 10.412994712169123 ], [ 123.962488031844487, 10.412769258389709 ], [ 123.962604615147285, 10.412633265476435 ], [ 123.963152705050803, 10.412631632849772 ], [ 123.963334576675678, 10.412359799429225 ], [ 123.962786212442907, 10.412271002641287 ], [ 123.962694039820988, 10.411999985636342 ], [ 123.962273623498817, 10.411676451390797 ], [ 123.962168765789656, 10.41208603003626 ], [ 123.962331119587787, 10.412814940824571 ], [ 123.961966000638739, 10.412906458130314 ], [ 123.961695799089256, 10.414173289446037 ], [ 123.961231222670463, 10.414772926804195 ], [ 123.961243171925418, 10.415531093811483 ], [ 123.961974514864821, 10.415709778644199 ], [ 123.961975064253537, 10.415890638015247 ], [ 123.960969398696605, 10.415622338547653 ], [ 123.960566249021369, 10.415080953861432 ], [ 123.960361867421767, 10.414267686314654 ], [ 123.960041355810972, 10.414007803742731 ], [ 123.959502879342722, 10.413998945790294 ], [ 123.959320729491395, 10.414180347623455 ], [ 123.959393037952964, 10.41478569330612 ], [ 123.95923102382595, 10.414723197336818 ], [ 123.959231571579352, 10.41490405686498 ], [ 123.959587351502861, 10.414913457637176 ], [ 123.960228028704591, 10.4153184922372 ], [ 123.961239045585017, 10.417350173362058 ], [ 123.962346232800485, 10.417788573147858 ], [ 123.962713281923186, 10.418330062510881 ], [ 123.962714106862919, 10.418601351463481 ], [ 123.962440056671937, 10.418602167985419 ], [ 123.962255432629718, 10.417969704554515 ], [ 123.961249211014177, 10.417520547230541 ], [ 123.960610419602816, 10.417739051962615 ], [ 123.960417720739429, 10.417623907294301 ], [ 123.959961245687538, 10.417715694357994 ], [ 123.960145316558865, 10.418167300108751 ], [ 123.960010067254245, 10.418753324669073 ], [ 123.960926183094728, 10.419611866824122 ], [ 123.960836067828637, 10.420019072160336 ], [ 123.96115895240122, 10.421058062330889 ], [ 123.96135181981964, 10.421227892422522 ], [ 123.962539655813586, 10.421314785255325 ], [ 123.962723182709965, 10.421585529636877 ], [ 123.963480326120916, 10.421809347976351 ], [ 123.963272113926607, 10.421855184259968 ], [ 123.963272664398232, 10.422036043492875 ], [ 123.962975636687304, 10.422259506051477 ], [ 123.962815358930968, 10.421856546220155 ], [ 123.962174527276218, 10.421406303631748 ], [ 123.961626421881149, 10.421407935955191 ], [ 123.961995842892605, 10.422728534583435 ], [ 123.962581628283132, 10.423269371813486 ], [ 123.962490826955886, 10.423450503356191 ], [ 123.962308123993381, 10.423451047855462 ], [ 123.961813520800291, 10.422854266421933 ], [ 123.961350885554765, 10.423071608517354 ], [ 123.961225643580647, 10.422865797170424 ], [ 123.961492065579904, 10.422287251346555 ], [ 123.961629444245375, 10.422402662221176 ], [ 123.961628619933762, 10.422131373245719 ], [ 123.961445642980863, 10.422041487519444 ], [ 123.961169392702004, 10.421318865831843 ], [ 123.960437762282822, 10.421049750651544 ], [ 123.96016480704769, 10.421412284228312 ], [ 123.960258901633566, 10.422316309629482 ], [ 123.960533777017204, 10.422586253884104 ], [ 123.960716206665012, 10.422495810623415 ], [ 123.960760158102602, 10.421927707463677 ], [ 123.960897536357578, 10.422043118693377 ], [ 123.960900282018883, 10.422947415459937 ], [ 123.961028015888033, 10.423037465860606 ], [ 123.960780784725671, 10.42352073294032 ], [ 123.960535150973556, 10.423038932168421 ], [ 123.960169196571485, 10.422859159398772 ], [ 123.960075924889281, 10.422226423095189 ], [ 123.960073181801761, 10.421322126068775 ], [ 123.960336488851837, 10.420959621251111 ], [ 123.960105400695397, 10.420066459892846 ], [ 123.960158223978695, 10.419241971225761 ], [ 123.959781803771094, 10.418790937052476 ], [ 123.959335248968898, 10.41897312445966 ], [ 123.959063389785399, 10.419697376062921 ], [ 123.959103560655066, 10.42038594285914 ], [ 123.959422464118504, 10.420791933278981 ], [ 123.959423149361399, 10.421018007591179 ], [ 123.959240858725821, 10.421154194805004 ], [ 123.959334950526156, 10.422058220737124 ], [ 123.959198334884732, 10.422194272301203 ], [ 123.959350049714658, 10.423856329562206 ], [ 123.959075720582888, 10.423766713894999 ], [ 123.958982176613162, 10.42304354741046 ], [ 123.958845520354359, 10.422809365838791 ], [ 123.958685956279226, 10.422993824634641 ], [ 123.958642479482407, 10.422648075397159 ], [ 123.957885306355053, 10.422831183133157 ], [ 123.958162203829005, 10.423769425677227 ], [ 123.95844954347875, 10.423883818949408 ], [ 123.958567003407111, 10.424182624080064 ], [ 123.958933186824126, 10.424437683119494 ], [ 123.958456485684763, 10.424533767886956 ], [ 123.958560691652451, 10.425047660828895 ], [ 123.958364239909287, 10.425163037331108 ], [ 123.958164668232257, 10.424583293336973 ], [ 123.958166311281602, 10.425125871753636 ], [ 123.958295503024573, 10.42572374380112 ], [ 123.958890388938798, 10.426083699706245 ], [ 123.959265003689694, 10.425936484193672 ], [ 123.959621070455285, 10.426036313499196 ], [ 123.959629315675755, 10.425573679540186 ], [ 123.960443927474387, 10.426259942903298 ], [ 123.960444888369906, 10.42657644673705 ], [ 123.960000607466597, 10.426939490131057 ], [ 123.959968253828166, 10.427330249147435 ], [ 123.959633704535023, 10.427020554565187 ], [ 123.959577040028378, 10.426579027400608 ], [ 123.959394197964073, 10.426534355551199 ], [ 123.959166365160456, 10.426715893547611 ], [ 123.958894637545626, 10.4274853601492 ], [ 123.958447764503816, 10.427566660833145 ], [ 123.958266976592782, 10.428200211251925 ], [ 123.958268620407381, 10.428742789530565 ], [ 123.958451600703, 10.428832676770355 ], [ 123.958361891624463, 10.429375526261657 ], [ 123.958727030747283, 10.429284011355579 ], [ 123.958863161214666, 10.42898692602094 ], [ 123.959123631472181, 10.429447257171178 ], [ 123.958728401397352, 10.429736159830881 ], [ 123.958638144443825, 10.430098149962925 ], [ 123.958289701081299, 10.43021999427517 ], [ 123.958051452339916, 10.42968467556018 ], [ 123.95752897972271, 10.429612353806611 ], [ 123.957451096025622, 10.430282534731885 ], [ 123.957634077068846, 10.430372422372075 ], [ 123.957818427706229, 10.430914458460764 ], [ 123.95772871724526, 10.431457307855904 ], [ 123.95809468099425, 10.431637082554586 ], [ 123.958095777034103, 10.431998801350218 ], [ 123.957821714755099, 10.431999614959683 ], [ 123.95782226263195, 10.432180474368986 ], [ 123.958370935687171, 10.432359706264164 ], [ 123.958462838139383, 10.432540294292028 ], [ 123.958736900839881, 10.432539480090741 ], [ 123.959506313625141, 10.4333510672601 ], [ 123.959379398932612, 10.433532305612127 ], [ 123.958740191599688, 10.433624636187545 ], [ 123.958531148186694, 10.433399181080503 ], [ 123.958993940165669, 10.433117639142452 ], [ 123.958555837393234, 10.43308260100447 ], [ 123.958280677830544, 10.432721696341231 ], [ 123.95800661493378, 10.432722510165503 ], [ 123.958006066921087, 10.432541650772086 ], [ 123.957051646402135, 10.432781598239291 ], [ 123.956544672181124, 10.432636416858426 ], [ 123.957187711547476, 10.43381010680751 ], [ 123.95718880677515, 10.434171825650663 ], [ 123.957556417165392, 10.434894178868269 ], [ 123.957835140650701, 10.436430669894362 ], [ 123.958566257955582, 10.436518928456993 ], [ 123.958657064755187, 10.436337797633625 ], [ 123.958931130763972, 10.436336982970076 ], [ 123.95893167951678, 10.436517842271735 ], [ 123.959175148161648, 10.436547497332025 ], [ 123.959237441039136, 10.436848275948162 ], [ 123.959408981780641, 10.436933537781091 ], [ 123.959177865480498, 10.437090072001022 ], [ 123.958840872840454, 10.436698973161684 ], [ 123.958293288555453, 10.4368814614868 ], [ 123.958352930723876, 10.438091906810438 ], [ 123.959487306583142, 10.438000355360831 ], [ 123.959666092401548, 10.437691253805905 ], [ 123.959209313830158, 10.437692612674569 ], [ 123.959208764853216, 10.437511753400852 ], [ 123.960161605673122, 10.437338908456965 ], [ 123.959848529138, 10.437600280455992 ], [ 123.960762635655314, 10.43777841945187 ], [ 123.960763460492984, 10.438049708233176 ], [ 123.960398312185831, 10.43814122627534 ], [ 123.960346302745947, 10.438380781125836 ], [ 123.960694307526623, 10.43860362389597 ], [ 123.960992322763943, 10.438204497752972 ], [ 123.961303476990395, 10.438352473666729 ], [ 123.961151909133079, 10.438542506948027 ], [ 123.96122216501017, 10.438681354149121 ], [ 123.962777420344963, 10.439400157378872 ], [ 123.963144223217853, 10.439851213680136 ], [ 123.964151073657291, 10.440481216745461 ], [ 123.964881924788216, 10.440479030354187 ], [ 123.96542868124034, 10.44002524218298 ], [ 123.965243482182643, 10.439211924045297 ], [ 123.965701091392859, 10.439481844711992 ], [ 123.96570247350131, 10.439933991971301 ], [ 123.966159531030186, 10.4400230529635 ], [ 123.966160084160464, 10.440203911838157 ], [ 123.966900320485493, 10.439985541064537 ], [ 123.967165002935502, 10.440200898877661 ], [ 123.967530427868013, 10.440199802471936 ], [ 123.967986100614652, 10.439836713821377 ], [ 123.968716394822593, 10.439653660047789 ], [ 123.969080709381018, 10.439290844474106 ], [ 123.969755962339633, 10.439201632279703 ], [ 123.9696167304093, 10.43848581820305 ], [ 123.969113164702534, 10.438125611214769 ], [ 123.96825462615449, 10.438027303125576 ], [ 123.968071360884878, 10.437846992884472 ], [ 123.967797294293561, 10.437847815507137 ], [ 123.967705384863336, 10.437667230844228 ], [ 123.966883185403475, 10.437669697022809 ], [ 123.966873015272213, 10.437499323881461 ], [ 123.966049710221697, 10.437140070054365 ], [ 123.964962510048764, 10.436952007332049 ], [ 123.964415205840993, 10.437224935370811 ], [ 123.963136229376246, 10.437228757400604 ], [ 123.963226482317992, 10.43686676643644 ], [ 123.963774614501219, 10.436865128952279 ], [ 123.964140587696647, 10.43704489579202 ], [ 123.96441382596177, 10.436772787863305 ], [ 123.964107097168693, 10.436126905005981 ], [ 123.964595156501375, 10.436320093969639 ], [ 123.964596260559816, 10.436681811967439 ], [ 123.965089065865897, 10.43668033772059 ], [ 123.965040293088904, 10.435666866227409 ], [ 123.964975733879868, 10.435541477808762 ], [ 123.964592948506791, 10.435596657949297 ], [ 123.964281946614378, 10.435326296820911 ] ], [ [ 123.964720964823812, 10.435777135748619 ], [ 123.964548452435096, 10.435983901704706 ], [ 123.964019031784488, 10.435553158535921 ], [ 123.964592948506791, 10.435596657949297 ], [ 123.964720964823812, 10.435777135748619 ] ], [ [ 123.959473274738855, 10.425765502280614 ], [ 123.959319928433914, 10.425680229995661 ], [ 123.959428695631715, 10.425292629740074 ], [ 123.959717871651165, 10.425372144421987 ], [ 123.959629315675755, 10.425573679540186 ], [ 123.959473274738855, 10.425765502280614 ] ], [ [ 123.964732467732659, 10.436345149932924 ], [ 123.964731559665523, 10.436113435985163 ], [ 123.964777590785346, 10.436229117996007 ], [ 123.96489004424339, 10.436272351973875 ], [ 123.964732467732659, 10.436345149932924 ] ], [ [ 123.963798671059536, 10.436723163554667 ], [ 123.963457330230483, 10.436557154383475 ], [ 123.96386486662162, 10.436503137875119 ], [ 123.963798671059536, 10.436723163554667 ] ], [ [ 123.965847618449587, 10.437873486537738 ], [ 123.96576726149388, 10.437794424074086 ], [ 123.965878551090057, 10.437763137826423 ], [ 123.965847618449587, 10.437873486537738 ] ], [ [ 123.967616798689775, 10.438571799063709 ], [ 123.967499655284982, 10.438526935439727 ], [ 123.967616521747132, 10.438481369656508 ], [ 123.967825020879829, 10.438525959056733 ], [ 123.967616798689775, 10.438571799063709 ] ], [ [ 123.968256566010382, 10.438660308863192 ], [ 123.967865355242338, 10.438616268226854 ], [ 123.967982221671178, 10.438570702311816 ], [ 123.96856012506575, 10.438614182091664 ], [ 123.968256566010382, 10.438660308863192 ] ], [ [ 123.96500663034756, 10.439246290440973 ], [ 123.96476036253847, 10.438987294129497 ], [ 123.964915337964456, 10.438774442838744 ], [ 123.965093978396311, 10.438952505868668 ], [ 123.96500663034756, 10.439246290440973 ] ], [ [ 123.963292745052911, 10.439086671144649 ], [ 123.963005281449284, 10.439284396818678 ], [ 123.962922088972377, 10.439160380800843 ], [ 123.963232822458821, 10.438946645581593 ], [ 123.963292745052911, 10.439086671144649 ] ], [ [ 123.963690153962844, 10.439126139815281 ], [ 123.963522863808222, 10.439342018923174 ], [ 123.963376445836147, 10.43917985400099 ], [ 123.963690153962844, 10.439126139815281 ] ], [ [ 123.964374970512509, 10.439008272746259 ], [ 123.964512358025601, 10.439123681512443 ], [ 123.964633979068466, 10.439561262233424 ], [ 123.96450407434584, 10.43970157938214 ], [ 123.964202456291858, 10.439215038654442 ], [ 123.964374970512509, 10.439008272746259 ] ], [ [ 123.968095409772815, 10.439603002363741 ], [ 123.967910888589088, 10.43968645807352 ], [ 123.967684248380252, 10.439246313061997 ], [ 123.967892805154065, 10.439203982323523 ], [ 123.968095409772815, 10.439603002363741 ] ], [ [ 123.967027516421624, 10.439445183280734 ], [ 123.967253590456437, 10.439296330715061 ], [ 123.967215484516316, 10.439540480837865 ], [ 123.966681561585204, 10.439660639277495 ], [ 123.966590723116767, 10.439265124683141 ], [ 123.967027516421624, 10.439445183280734 ] ], [ [ 123.95874649990823, 10.435704518499232 ], [ 123.958674343584789, 10.435986356769767 ], [ 123.958435765978237, 10.435918249382212 ], [ 123.95874649990823, 10.435704518499232 ] ], [ [ 123.959256380619507, 10.434303052470046 ], [ 123.959696580718571, 10.434646332777037 ], [ 123.959188512406186, 10.434751962485315 ], [ 123.959256380619507, 10.434303052470046 ] ], [ [ 123.95842323106946, 10.433685629408751 ], [ 123.958466950459297, 10.433896739510585 ], [ 123.958854014874817, 10.434120020791166 ], [ 123.9586964377269, 10.434192815810954 ], [ 123.958353170677057, 10.433930481156015 ], [ 123.95842323106946, 10.433685629408751 ] ], [ [ 123.960202688027678, 10.433891578242783 ], [ 123.960166723560206, 10.43409719598186 ], [ 123.960084108801993, 10.433942224249289 ], [ 123.960202688027678, 10.433891578242783 ] ], [ [ 123.960202138683215, 10.43371071897923 ], [ 123.960171204261471, 10.433821067311314 ], [ 123.960090849743196, 10.43374200317891 ], [ 123.960202138683215, 10.43371071897923 ] ], [ [ 123.95801765169702, 10.433048908130118 ], [ 123.958282048302223, 10.433173844779377 ], [ 123.958341026217269, 10.433518413803331 ], [ 123.958008807085861, 10.43344594771856 ], [ 123.957887746200271, 10.433189222667393 ], [ 123.95801765169702, 10.433048908130118 ] ], [ [ 123.960833101080581, 10.430905496796676 ], [ 123.961107162159607, 10.430904680690523 ], [ 123.960834474990634, 10.431357644946445 ], [ 123.960513184027775, 10.431559696601425 ], [ 123.960259402171147, 10.431500080296818 ], [ 123.960651492593954, 10.431267759277222 ], [ 123.960833101080581, 10.430905496796676 ] ], [ [ 123.96159020332523, 10.431152488370451 ], [ 123.961781250400151, 10.431374970433767 ], [ 123.961561526886598, 10.431568739245353 ], [ 123.96134310256916, 10.431456340963896 ], [ 123.96159020332523, 10.431152488370451 ] ], [ [ 123.961502685765993, 10.430521954928135 ], [ 123.961583039708032, 10.430601018762976 ], [ 123.961258660791032, 10.430924055267102 ], [ 123.961178306833176, 10.430844991352352 ], [ 123.961502685765993, 10.430521954928135 ] ], [ [ 123.959554149076766, 10.430909302186114 ], [ 123.959280087868493, 10.43091011696116 ], [ 123.959458679925561, 10.429553128730882 ], [ 123.960190330230063, 10.429822244314812 ], [ 123.960100349533832, 10.430274664363978 ], [ 123.959552502683195, 10.430366724185379 ], [ 123.959554149076766, 10.430909302186114 ] ], [ [ 123.960409920855753, 10.430103339245548 ], [ 123.960409646225287, 10.430012909598215 ], [ 123.961140198888558, 10.429920304318694 ], [ 123.961278603404793, 10.430372044320128 ], [ 123.960409920855753, 10.430103339245548 ] ], [ [ 123.961744162670541, 10.430088909046221 ], [ 123.96203815696677, 10.430057079809499 ], [ 123.961622700543089, 10.430470818528178 ], [ 123.961542346628306, 10.430391754700588 ], [ 123.961744162670541, 10.430088909046221 ] ], [ [ 123.963053768251768, 10.429884317105707 ], [ 123.963134122371486, 10.42996338053327 ], [ 123.962900823905784, 10.430195716284459 ], [ 123.962820469774599, 10.430116652799438 ], [ 123.963053768251768, 10.429884317105707 ] ], [ [ 123.961424153941621, 10.429934468318162 ], [ 123.961194667760267, 10.429638393851347 ], [ 123.960920607796112, 10.429639209933661 ], [ 123.960737351718237, 10.429458894575278 ], [ 123.960690224512817, 10.42898149313285 ], [ 123.960736527603501, 10.429187605647273 ], [ 123.961487208334248, 10.429770408420529 ], [ 123.961424153941621, 10.429934468318162 ] ], [ [ 123.9625360919581, 10.429142106631106 ], [ 123.962654668957214, 10.429091459897553 ], [ 123.962618706389208, 10.429297077780017 ], [ 123.9625360919581, 10.429142106631106 ] ], [ [ 123.962015472132677, 10.429183796154554 ], [ 123.96146707819895, 10.429094999796328 ], [ 123.961007839512121, 10.428282493370718 ], [ 123.960185388548311, 10.428194510451812 ], [ 123.960094418609913, 10.428320955406901 ], [ 123.959728349516254, 10.428105439152821 ], [ 123.95960273381111, 10.427747457478196 ], [ 123.959929934952498, 10.42761984663726 ], [ 123.960275917857842, 10.427922949712018 ], [ 123.961007015259071, 10.428011204444489 ], [ 123.961557056701935, 10.428642579536188 ], [ 123.96201409681349, 10.428731648101131 ], [ 123.962015472132677, 10.429183796154554 ] ], [ [ 123.960142259781833, 10.429033902468964 ], [ 123.959913525334841, 10.428918762907671 ], [ 123.959712064838129, 10.428696045480077 ], [ 123.959775119968072, 10.428531985849986 ], [ 123.960187035684328, 10.428737088424667 ], [ 123.960142259781833, 10.429033902468964 ] ], [ [ 123.96152777265668, 10.42929550568622 ], [ 123.961447419092323, 10.429216441800014 ], [ 123.961558706286496, 10.429185157274834 ], [ 123.96152777265668, 10.42929550568622 ] ], [ [ 123.960342652140881, 10.430112908327612 ], [ 123.960262298620052, 10.430033844139418 ], [ 123.96037358625324, 10.430002559991966 ], [ 123.960342652140881, 10.430112908327612 ] ], [ [ 123.957909233626523, 10.430733327893941 ], [ 123.957706840982894, 10.430217529625665 ], [ 123.957778474478545, 10.429976614206211 ], [ 123.957907590110722, 10.430190749625053 ], [ 123.958301208123359, 10.430326231418164 ], [ 123.958398691083488, 10.430571159646153 ], [ 123.958274648506745, 10.430732243060437 ], [ 123.957909233626523, 10.430733327893941 ] ], [ [ 123.961734263722107, 10.426833442696973 ], [ 123.961667421911372, 10.427050014773915 ], [ 123.961417389499331, 10.426931340969768 ], [ 123.961734263722107, 10.426833442696973 ] ], [ [ 123.960418650409835, 10.424864325497664 ], [ 123.960631718385301, 10.424756824292416 ], [ 123.960715881740569, 10.424923183668779 ], [ 123.960508441507471, 10.42505886148982 ], [ 123.960418650409835, 10.424864325497664 ] ], [ [ 123.959619443113567, 10.422318210252389 ], [ 123.95966449333568, 10.422111825912728 ], [ 123.959919101815544, 10.422637745370723 ], [ 123.959840621286901, 10.422796806055509 ], [ 123.959619443113567, 10.422318210252389 ] ], [ [ 123.959742919581942, 10.420846305088148 ], [ 123.959825530135973, 10.421001277356055 ], [ 123.959662453778193, 10.42143916660781 ], [ 123.959742919581942, 10.420846305088148 ] ], [ [ 123.959795564411976, 10.420147354235393 ], [ 123.959764630747912, 10.42025770251297 ], [ 123.959684280113606, 10.420178637893402 ], [ 123.959795564411976, 10.420147354235393 ] ], [ [ 123.959674796977694, 10.419474561882497 ], [ 123.959793371020069, 10.419423916465474 ], [ 123.959757407076367, 10.41962953421627 ], [ 123.959674796977694, 10.419474561882497 ] ], [ [ 123.962156055002779, 10.421917988453842 ], [ 123.962235924477682, 10.421838447230327 ], [ 123.96263403219109, 10.422309238985395 ], [ 123.962851127545761, 10.422855556922784 ], [ 123.962737584015542, 10.423071771626244 ], [ 123.962156055002779, 10.421917988453842 ] ], [ [ 123.962999987078888, 10.422489008871699 ], [ 123.962969054415353, 10.422599357363218 ], [ 123.962888702391879, 10.422520293685805 ], [ 123.962999987078888, 10.422489008871699 ] ], [ [ 123.962172603007176, 10.420773296077758 ], [ 123.961871217110712, 10.420645049882685 ], [ 123.962107236836857, 10.42056143397272 ], [ 123.962749865278525, 10.420847799436251 ], [ 123.962619966638499, 10.420988115360657 ], [ 123.962172603007176, 10.420773296077758 ] ], [ [ 123.961349622602299, 10.420504455032477 ], [ 123.961232486879624, 10.420459588376259 ], [ 123.9615320492058, 10.420413481562862 ], [ 123.961740035861268, 10.420539511422962 ], [ 123.961583485811786, 10.420621289867379 ], [ 123.961349622602299, 10.420504455032477 ] ], [ [ 123.961255800511665, 10.419690859767519 ], [ 123.962170129129831, 10.419959429185596 ], [ 123.962707927975288, 10.41974220761796 ], [ 123.963018893861047, 10.420273406547986 ], [ 123.962536630887087, 10.420320059189192 ], [ 123.962353379903092, 10.420139744250317 ], [ 123.961347974795871, 10.419961876968333 ], [ 123.961255800511665, 10.419690859767519 ] ], [ [ 123.960428160051194, 10.41788471094031 ], [ 123.96061047707245, 10.417757994514364 ], [ 123.960793559681491, 10.417883624564073 ], [ 123.960794657343541, 10.418245343381216 ], [ 123.960612506063725, 10.418426746056118 ], [ 123.960831587987229, 10.418516525108023 ], [ 123.960521704695211, 10.418607877069705 ], [ 123.960428160051194, 10.41788471094031 ] ], [ [ 123.96106376677416, 10.416616793685547 ], [ 123.961148522104111, 10.416828333580412 ], [ 123.96093292319047, 10.416717393786044 ], [ 123.96106376677416, 10.416616793685547 ] ], [ [ 123.960676052775455, 10.415863549288938 ], [ 123.960898993774293, 10.415924792515836 ], [ 123.960819125299437, 10.416004333330006 ], [ 123.960676052775455, 10.415863549288938 ] ], [ [ 123.960695350967598, 10.415623153343022 ], [ 123.960664417929422, 10.415733501669985 ], [ 123.960584068352091, 10.415654437171264 ], [ 123.960695350967598, 10.415623153343022 ] ], [ [ 123.960511555416957, 10.415261977503734 ], [ 123.960480622336547, 10.415372325817939 ], [ 123.960400272902177, 10.415293261258915 ], [ 123.960511555416957, 10.415261977503734 ] ], [ [ 123.960124667043772, 10.414780021331458 ], [ 123.960204535427053, 10.414700480696755 ], [ 123.960444165165441, 10.415040020228115 ], [ 123.960365686465693, 10.415199080921946 ], [ 123.960124667043772, 10.414780021331458 ] ], [ [ 123.961881243029751, 10.415077042725997 ], [ 123.962082420596786, 10.415209329931198 ], [ 123.96201936876065, 10.415373389802511 ], [ 123.961579979955516, 10.415115890912478 ], [ 123.961881243029751, 10.415077042725997 ] ], [ [ 123.961746442223259, 10.414145916872098 ], [ 123.961969570823555, 10.414082044212408 ], [ 123.961907704733875, 10.414298700797165 ], [ 123.961746442223259, 10.414145916872098 ] ], [ [ 123.962700360852509, 10.414079868315792 ], [ 123.962657128545317, 10.414281787788811 ], [ 123.962485680145235, 10.414197199685086 ], [ 123.962700360852509, 10.414079868315792 ] ], [ [ 123.962194058207018, 10.414105760874651 ], [ 123.962033380600289, 10.414028072860837 ], [ 123.962243342379651, 10.413990798758357 ], [ 123.962194058207018, 10.414105760874651 ] ], [ [ 123.964289671262208, 10.414165560906497 ], [ 123.964162766267322, 10.414346800427653 ], [ 123.963765405189719, 10.414297968461351 ], [ 123.964115913524324, 10.413959828951361 ], [ 123.964289671262208, 10.414165560906497 ] ], [ [ 123.963718131558679, 10.418327066670189 ], [ 123.963687199431135, 10.418437415199811 ], [ 123.963606848405817, 10.418358351603379 ], [ 123.963718131558679, 10.418327066670189 ] ], [ [ 123.964805979040591, 10.421528922151357 ], [ 123.964690408089098, 10.421236704255108 ], [ 123.964822599409345, 10.421036682518507 ], [ 123.965133310650316, 10.421216615016181 ], [ 123.964805979040591, 10.421528922151357 ] ], [ [ 123.965978635788375, 10.417266103984231 ], [ 123.966089918251427, 10.417234818280029 ], [ 123.966058987052122, 10.417345166961736 ], [ 123.965978635788375, 10.417266103984231 ] ], [ [ 123.96642864957137, 10.416655004441408 ], [ 123.9665851962543, 10.416573223897201 ], [ 123.966747830392222, 10.416721221116154 ], [ 123.96642864957137, 10.416655004441408 ] ], [ [ 123.96558636442137, 10.423430805139287 ], [ 123.964830318836704, 10.423568710560746 ], [ 123.964438300380124, 10.423253375222687 ], [ 123.96558636442137, 10.423430805139287 ] ], [ [ 123.966382188430401, 10.423202348593408 ], [ 123.966382740769859, 10.423383207644916 ], [ 123.965709772042658, 10.423345171921072 ], [ 123.966382188430401, 10.423202348593408 ] ], [ [ 123.96793599004107, 10.423468985807602 ], [ 123.967900031301397, 10.423674603986033 ], [ 123.967817416119928, 10.423519634249933 ], [ 123.96793599004107, 10.423468985807602 ] ], [ [ 123.96775245766338, 10.423198244951536 ], [ 123.967837219530708, 10.42340978242482 ], [ 123.967621613922674, 10.423298847801211 ], [ 123.96775245766338, 10.423198244951536 ] ], [ [ 123.968189004274066, 10.423137459006092 ], [ 123.968300288476499, 10.423106172376569 ], [ 123.96826935768523, 10.423216521214542 ], [ 123.968189004274066, 10.423137459006092 ] ], [ [ 123.968645483592539, 10.423045659739861 ], [ 123.968756767703042, 10.423014372958367 ], [ 123.968725837082673, 10.423124721825848 ], [ 123.968645483592539, 10.423045659739861 ] ], [ [ 123.970522814976803, 10.422717953413752 ], [ 123.970603168805567, 10.422797014994538 ], [ 123.970448657131513, 10.423030222470651 ], [ 123.970277202011573, 10.422945639206461 ], [ 123.970522814976803, 10.422717953413752 ] ], [ [ 123.970447813346638, 10.418732712196007 ], [ 123.970705224909494, 10.418466255731301 ], [ 123.970778765902324, 10.418622234486881 ], [ 123.970552812667009, 10.418874400536863 ], [ 123.970447813346638, 10.418732712196007 ] ], [ [ 123.970965976735286, 10.418285538845915 ], [ 123.971046329426343, 10.41836460042923 ], [ 123.970904117697714, 10.418506236845699 ], [ 123.970823764999579, 10.418427175227396 ], [ 123.970965976735286, 10.418285538845915 ] ], [ [ 123.971097259569248, 10.418245492685978 ], [ 123.971208541696484, 10.41821420521806 ], [ 123.971177612279206, 10.418324554234438 ], [ 123.971097259569248, 10.418245492685978 ] ], [ [ 123.974340773896031, 10.418430848805635 ], [ 123.974041604652726, 10.418603140060618 ], [ 123.973858238792104, 10.418387088760724 ], [ 123.973309584512194, 10.418207881887518 ], [ 123.972945297571087, 10.418570700095303 ], [ 123.972214499299142, 10.418572900323266 ], [ 123.97208115039075, 10.418862486291959 ], [ 123.971915419027766, 10.418800074583539 ], [ 123.973507724488542, 10.417277770100071 ], [ 123.973612724551174, 10.417419457368398 ], [ 123.97339926588829, 10.417665030444354 ], [ 123.973492283823305, 10.418207331381003 ], [ 123.974340773896031, 10.418430848805635 ] ], [ [ 123.973552519080542, 10.416991419986584 ], [ 123.97367108950705, 10.416940769704675 ], [ 123.973635134943137, 10.417146388202701 ], [ 123.973552519080542, 10.416991419986584 ] ], [ [ 123.961126167083407, 10.435461304373472 ], [ 123.960897733209023, 10.435208311692081 ], [ 123.961211438064055, 10.435154600245433 ], [ 123.961126167083407, 10.435461304373472 ] ] ], [ [ [ 123.986351168318507, 10.440594916972106 ], [ 123.986351733149903, 10.440775774747779 ], [ 123.986443089030033, 10.440775495182137 ], [ 123.986351168318507, 10.440594916972106 ] ] ], [ [ [ 123.954640266781382, 10.437289760254842 ], [ 123.954364453220236, 10.436712249097244 ], [ 123.954089840549614, 10.436532200316501 ], [ 123.954088748646981, 10.436170481198065 ], [ 123.95390603781486, 10.436171021555436 ], [ 123.953810589306116, 10.434814844818858 ], [ 123.954536787692732, 10.433275376989899 ], [ 123.954532692648016, 10.431918930156383 ], [ 123.954349438462742, 10.431738610951697 ], [ 123.954232751577294, 10.431950825478161 ], [ 123.953983476351468, 10.431558831784663 ], [ 123.953610761113424, 10.43233905059212 ], [ 123.953291021018231, 10.432339995324494 ], [ 123.952706153836488, 10.432105189054178 ], [ 123.952522628087053, 10.4318344388745 ], [ 123.952523990125655, 10.432286588099803 ], [ 123.952889679914975, 10.432375939095891 ], [ 123.952935008033322, 10.432259985142574 ], [ 123.953108770222386, 10.432465722692518 ], [ 123.952890605213526, 10.432682972221857 ], [ 123.952616161779005, 10.432557607951312 ], [ 123.952571105944543, 10.432763991711626 ], [ 123.952342098571393, 10.432558416905566 ], [ 123.952249382483032, 10.43210653725103 ], [ 123.95216064669205, 10.43297634724806 ], [ 123.952472101036548, 10.433427581270196 ], [ 123.952565090473769, 10.43396989059416 ], [ 123.952245620995996, 10.434061264269117 ], [ 123.951742488714615, 10.433836672165388 ], [ 123.951523991067319, 10.433917290331673 ], [ 123.951653992195503, 10.434786455108119 ], [ 123.951345091288886, 10.435183847177367 ], [ 123.950796960050724, 10.435185463076822 ], [ 123.950432354849625, 10.435457829466591 ], [ 123.950435617773962, 10.436542988003076 ], [ 123.950986200301699, 10.437355241237631 ], [ 123.951259451271412, 10.437083143527149 ], [ 123.951533518526162, 10.437082335151612 ], [ 123.951809219820859, 10.437624105546353 ], [ 123.952722233455631, 10.437440548717403 ], [ 123.952850244209898, 10.43762103179594 ], [ 123.952723323916288, 10.437802267951724 ], [ 123.952357900191359, 10.43780334716871 ], [ 123.952176550654542, 10.438256035724136 ], [ 123.951811671084343, 10.438437974019585 ], [ 123.951721404357258, 10.438799962936381 ], [ 123.951905206502019, 10.439161142982954 ], [ 123.95217862282351, 10.43894373064226 ], [ 123.952361715642738, 10.439069364558947 ], [ 123.952544047898982, 10.438942651512722 ], [ 123.952910671567409, 10.439339034758548 ], [ 123.953303544832153, 10.439375825317565 ], [ 123.953003391677925, 10.439790913747199 ], [ 123.953186923105051, 10.440061663069352 ], [ 123.953847445522854, 10.439876696171611 ], [ 123.953916410511908, 10.439607353031414 ], [ 123.954321594375116, 10.439540240992038 ], [ 123.954739437965571, 10.439876209004996 ], [ 123.954740257752832, 10.440147498230548 ], [ 123.954375104666937, 10.440239009747579 ], [ 123.954375650998287, 10.440419869247014 ], [ 123.954774685969483, 10.440461805823027 ], [ 123.954653746432982, 10.440813829682408 ], [ 123.954782114166363, 10.441026698767326 ], [ 123.955472204056917, 10.440507052326335 ], [ 123.95547138360601, 10.44023576316496 ], [ 123.955745453284038, 10.440234950931494 ], [ 123.955706607271537, 10.440001527469237 ], [ 123.955315888632086, 10.439925192294965 ], [ 123.955065703996596, 10.439537695815313 ], [ 123.955339551241025, 10.4389323732584 ], [ 123.955529906181638, 10.439091552982322 ], [ 123.955342756619558, 10.439546225080045 ], [ 123.955560825685964, 10.439602484402286 ], [ 123.956290581833528, 10.439238599033969 ], [ 123.956381390655409, 10.439057468700659 ], [ 123.956838171597909, 10.439056113698719 ], [ 123.957111692294035, 10.438874441014306 ], [ 123.9571095010389, 10.438151003514593 ], [ 123.957233782593207, 10.437986751453066 ], [ 123.95738329478506, 10.438059760355021 ], [ 123.957382198911588, 10.437698041619809 ], [ 123.957179134986163, 10.437786911225134 ], [ 123.957071611546183, 10.437412471377709 ], [ 123.95718120018617, 10.437069631793474 ], [ 123.957380281230385, 10.43706503381333 ], [ 123.957194831250149, 10.436161279140785 ], [ 123.957011846776027, 10.43607139157039 ], [ 123.957010751547116, 10.435709672751113 ], [ 123.95673531734937, 10.43525833714663 ], [ 123.956825303772348, 10.434805917622894 ], [ 123.956327148506361, 10.43465743148214 ], [ 123.95645906313878, 10.43453571204279 ], [ 123.956366887521682, 10.434264693679165 ], [ 123.954629507521148, 10.433727255625447 ], [ 123.95444734416489, 10.433908655734506 ], [ 123.954448709262124, 10.434360804647323 ], [ 123.954084108510415, 10.434633174852825 ], [ 123.95399493683604, 10.435356883321488 ], [ 123.95418037705754, 10.436260640758164 ], [ 123.954363087927348, 10.436260100239258 ], [ 123.954547437462665, 10.436802138214945 ], [ 123.954912859785026, 10.43680105659689 ], [ 123.954913952707969, 10.437162775613984 ], [ 123.954640266781382, 10.437289760254842 ] ], [ [ 123.95619347921118, 10.43733984596261 ], [ 123.956468641072988, 10.437700752174761 ], [ 123.956562186755775, 10.438423918873319 ], [ 123.956014597860559, 10.438606403658502 ], [ 123.956232490822742, 10.438866308386839 ], [ 123.956131582929174, 10.439225879036254 ], [ 123.955973461164319, 10.439182390992656 ], [ 123.955887969590918, 10.438732500852685 ], [ 123.955649173548466, 10.438607486723564 ], [ 123.955281562223362, 10.437885131471537 ], [ 123.955006948006172, 10.437705083630211 ], [ 123.954913952707969, 10.437162775613984 ], [ 123.95619347921118, 10.43733984596261 ] ], [ [ 123.953614298796097, 10.439572822778931 ], [ 123.954097211946603, 10.438973804150459 ], [ 123.954002579627385, 10.437888917174881 ], [ 123.954146596692695, 10.437771004255666 ], [ 123.95427692044062, 10.437978536149449 ], [ 123.954280470612559, 10.439154123057602 ], [ 123.953952306897094, 10.439318601990445 ], [ 123.953916410511908, 10.439607353031414 ], [ 123.953614298796097, 10.439572822778931 ] ], [ [ 123.955277735409609, 10.436619115068702 ], [ 123.955277188762281, 10.436438255574339 ], [ 123.955076162039376, 10.436374604534583 ], [ 123.955147798592236, 10.436133689490891 ], [ 123.955276915442411, 10.436347825826392 ], [ 123.955459626304432, 10.43634728467592 ], [ 123.955551801936323, 10.436618303282081 ], [ 123.955846264166723, 10.436738814395072 ], [ 123.955277735409609, 10.436619115068702 ] ], [ [ 123.955090379095424, 10.43508235027935 ], [ 123.955315104872597, 10.434792499154547 ], [ 123.9554808424664, 10.434854918946449 ], [ 123.955137499599985, 10.435559753047176 ], [ 123.955090379095424, 10.43508235027935 ] ], [ [ 123.954950260751389, 10.435187215039173 ], [ 123.954360903589688, 10.435536662039757 ], [ 123.954134906801087, 10.435202719701293 ], [ 123.954536083746461, 10.434951711815138 ], [ 123.954950260751389, 10.435187215039173 ] ], [ [ 123.954969066586258, 10.434228696841441 ], [ 123.955087646915928, 10.434178052651131 ], [ 123.955051679020713, 10.434383670112357 ], [ 123.954969066586258, 10.434228696841441 ] ], [ [ 123.953091747736167, 10.438795916062698 ], [ 123.952863706461997, 10.438912409973204 ], [ 123.952726050243868, 10.438706566001505 ], [ 123.952243483684825, 10.438662775904778 ], [ 123.952542520092337, 10.438435816286463 ], [ 123.952697931997307, 10.438002378739258 ], [ 123.952922234237903, 10.438051457348429 ], [ 123.953091747736167, 10.438795916062698 ] ], [ [ 123.953457445401853, 10.438885265686118 ], [ 123.95336057549676, 10.439076215783073 ], [ 123.953152801482133, 10.438924206238509 ], [ 123.953457445401853, 10.438885265686118 ] ], [ [ 123.953729876460145, 10.438341876627117 ], [ 123.953698939389923, 10.438452224544404 ], [ 123.953618585064035, 10.438373158766664 ], [ 123.953729876460145, 10.438341876627117 ] ], [ [ 123.952171918952359, 10.436718728719304 ], [ 123.95125781824909, 10.436540564416633 ], [ 123.951040592604755, 10.435911259107851 ], [ 123.951207203267131, 10.435967353272636 ], [ 123.951440257223794, 10.436449595705863 ], [ 123.952171101668526, 10.436447439232406 ], [ 123.952538159054001, 10.436988939280232 ], [ 123.952171918952359, 10.436718728719304 ] ], [ [ 123.95326900452369, 10.436986780184048 ], [ 123.953269550040417, 10.437167639778457 ], [ 123.95352636589223, 10.437133797114694 ], [ 123.953360360196115, 10.436986510179487 ], [ 123.953399696168944, 10.436662236855568 ], [ 123.953724691329555, 10.436623710753409 ], [ 123.953541980213501, 10.43662425092602 ], [ 123.952989757088403, 10.435269423653912 ], [ 123.952258098325956, 10.435000292252594 ], [ 123.952256736305799, 10.43454814306833 ], [ 123.952438901382962, 10.434366744070131 ], [ 123.952712966165421, 10.434365934892954 ], [ 123.952804866194896, 10.434546524763396 ], [ 123.953030450993694, 10.433616162757534 ], [ 123.952987848747838, 10.434636414938145 ], [ 123.953170286070659, 10.434545445371253 ], [ 123.95344326000864, 10.434182916321657 ], [ 123.95344135095624, 10.43354990764708 ], [ 123.953138705456908, 10.433136600403946 ], [ 123.953622150985453, 10.432916359024691 ], [ 123.953847994534385, 10.43262364653425 ], [ 123.953897851412393, 10.433458127759819 ], [ 123.953353541426992, 10.43472576513591 ], [ 123.953355177788154, 10.435268343975697 ], [ 123.953448169566741, 10.435810652797668 ], [ 123.953631153042949, 10.435900542515236 ], [ 123.953815773981077, 10.436533010842378 ], [ 123.954202683242357, 10.437014972481991 ], [ 123.953908494177597, 10.43698488960378 ], [ 123.953909040063678, 10.437165749164429 ], [ 123.95363497292594, 10.437166559584268 ], [ 123.953601379390747, 10.437553318133229 ], [ 123.952538159054001, 10.436988939280232 ], [ 123.95326900452369, 10.436986780184048 ] ], [ [ 123.953130684025368, 10.436560425355939 ], [ 123.952901673318436, 10.436354851276899 ], [ 123.952901128058087, 10.43617399165392 ], [ 123.952351088111058, 10.435542601577978 ], [ 123.951985666984157, 10.435543680136195 ], [ 123.951986484034251, 10.435814969652961 ], [ 123.951758444349494, 10.435931462639971 ], [ 123.951527801681536, 10.435183308335317 ], [ 123.951801594969467, 10.435092070029585 ], [ 123.952107075676011, 10.43533208151349 ], [ 123.952441898435211, 10.435361472216819 ], [ 123.952900037567531, 10.435812272401805 ], [ 123.953130684025368, 10.436560425355939 ] ], [ [ 123.952788851900578, 10.436832826433722 ], [ 123.9526875778526, 10.436672564852406 ], [ 123.952902491227832, 10.436626140707491 ], [ 123.952788851900578, 10.436832826433722 ] ] ], [ [ [ 123.956941612784945, 10.441035475150342 ], [ 123.956844744554886, 10.441226426149715 ], [ 123.957149389912317, 10.441187481922508 ], [ 123.956941612784945, 10.441035475150342 ] ] ], [ [ [ 123.960314927219869, 10.440763956640067 ], [ 123.960161710351613, 10.440272554078515 ], [ 123.959816266419324, 10.440188384580354 ], [ 123.959949500849831, 10.440765044848895 ], [ 123.959127016819565, 10.440677062168929 ], [ 123.959585447884351, 10.44121828067888 ], [ 123.960314927219869, 10.440763956640067 ] ] ], [ [ [ 123.995853871359046, 10.441108274499124 ], [ 123.995885492953491, 10.441218431903797 ], [ 123.995965351969687, 10.441138882692689 ], [ 123.995853871359046, 10.441108274499124 ] ] ], [ [ [ 123.975079431826941, 10.437395496267008 ], [ 123.975377282421263, 10.437011106728667 ], [ 123.975066270659909, 10.436740757089051 ], [ 123.975284252682371, 10.436468807764827 ], [ 123.975466962533588, 10.436468255166568 ], [ 123.97541827464822, 10.435720720731071 ], [ 123.974915206222505, 10.435294332715836 ], [ 123.974734728384462, 10.436018318790792 ], [ 123.974460942789918, 10.436109576222133 ], [ 123.974459827396487, 10.43574785927164 ], [ 123.974823851625686, 10.435294608839289 ], [ 123.974731939212475, 10.435114026467936 ], [ 123.973818114965198, 10.435026356696071 ], [ 123.973634291545181, 10.434665191211485 ], [ 123.972811544748879, 10.434486813357951 ], [ 123.972446405287414, 10.43457834450405 ], [ 123.972355885453055, 10.434849907806461 ], [ 123.971899112742847, 10.434851284445513 ], [ 123.971532860619718, 10.434581097316727 ], [ 123.970618760296816, 10.434402988820072 ], [ 123.970528516545386, 10.434764981096322 ], [ 123.97108292131179, 10.435173140460609 ], [ 123.970865798149546, 10.435246495868615 ], [ 123.970620981953445, 10.435126423601369 ], [ 123.970345252168357, 10.434584672069887 ], [ 123.970034570380932, 10.434477856363749 ], [ 123.969980389135955, 10.43476662983691 ], [ 123.97016337585913, 10.434856509720845 ], [ 123.970347750877607, 10.435398536253551 ], [ 123.970714558647458, 10.435849583412645 ], [ 123.970988623251756, 10.435848758444765 ], [ 123.970989178943597, 10.436029617107064 ], [ 123.970806469104389, 10.436030167121574 ], [ 123.970440494019996, 10.4358504081455 ], [ 123.969705770515176, 10.434586595109296 ], [ 123.969065179742756, 10.434226799303614 ], [ 123.968881639290885, 10.433956059928892 ], [ 123.968103454327732, 10.43392199008092 ], [ 123.967193044218078, 10.434438667764537 ], [ 123.966688857144078, 10.433872207985234 ], [ 123.966139901517096, 10.433602561578539 ], [ 123.965957192831212, 10.433603108693067 ], [ 123.965593265763076, 10.434092093538624 ], [ 123.965318540794115, 10.433876311258446 ], [ 123.965042545009354, 10.433244124680309 ], [ 123.964859836473337, 10.43324467114874 ], [ 123.965135555806398, 10.433786428417699 ], [ 123.965229395434889, 10.434600020563044 ], [ 123.965450597501771, 10.434926321602664 ], [ 123.966135121898333, 10.435195562999418 ], [ 123.966091932292414, 10.43600956498871 ], [ 123.967006451060527, 10.436323330385834 ], [ 123.967054342451746, 10.437046628892736 ], [ 123.96724805379057, 10.437487742359806 ], [ 123.968071083830694, 10.43775656348539 ], [ 123.968801927750619, 10.437754368695318 ], [ 123.969066900144952, 10.437934432957501 ], [ 123.969795704525936, 10.437267656020278 ], [ 123.96953177129906, 10.437426198230844 ], [ 123.969048542430826, 10.437165831359223 ], [ 123.969530551788395, 10.437028737336314 ], [ 123.970527370409627, 10.437533561857471 ], [ 123.970391587105553, 10.437940906256561 ], [ 123.970395443433986, 10.439196460126766 ], [ 123.971092484848839, 10.439917802695675 ], [ 123.971402753419156, 10.439972539957987 ], [ 123.971584909274256, 10.439791130809118 ], [ 123.972083749947231, 10.438614035566291 ], [ 123.972457290374564, 10.438115543571294 ], [ 123.972171488397208, 10.437438179400608 ], [ 123.97217929647509, 10.43683990313383 ], [ 123.971812485457178, 10.43638885797905 ], [ 123.971116455847437, 10.43599447569852 ], [ 123.971903006099282, 10.436117294773478 ], [ 123.971993804738418, 10.43593616085627 ], [ 123.971859957438113, 10.435822720689238 ], [ 123.9721759580856, 10.435754751568314 ], [ 123.972403432231843, 10.435457386104085 ], [ 123.972908466854605, 10.43629512348295 ], [ 123.973273608088732, 10.436203591649653 ], [ 123.9729970375585, 10.435390555105212 ], [ 123.972696628818355, 10.435165385889759 ], [ 123.972813493138773, 10.435119818376778 ], [ 123.973179746905203, 10.435390003871744 ], [ 123.973180582307663, 10.435661291695046 ], [ 123.974185484401232, 10.435658257962665 ], [ 123.974095802135309, 10.436201109371975 ], [ 123.972544438620275, 10.436748372060547 ], [ 123.972764323381611, 10.437119886228333 ], [ 123.972583004726999, 10.43757258371712 ], [ 123.972639690769256, 10.438014106451488 ], [ 123.972904836744803, 10.438249838717072 ], [ 123.972883024937957, 10.437999584883693 ], [ 123.973188380511999, 10.438193311155622 ], [ 123.972363662038461, 10.440512223957191 ], [ 123.972374531339668, 10.440908669780148 ], [ 123.972808352961394, 10.441404031016868 ], [ 123.973188653818056, 10.441414035437239 ], [ 123.973507843859551, 10.441232211496681 ], [ 123.974736550183877, 10.439736402717219 ], [ 123.975055458442284, 10.439464148245122 ], [ 123.975421021268346, 10.439508257485311 ], [ 123.975434289741827, 10.438603916956895 ], [ 123.975107124304898, 10.438277944500934 ], [ 123.974687894427802, 10.438148876610835 ], [ 123.974739191594935, 10.437465186400214 ], [ 123.975079431826941, 10.437395496267008 ] ], [ [ 123.974530382861147, 10.43735271368643 ], [ 123.974692277425234, 10.437252455476505 ], [ 123.974739191594935, 10.437465186400214 ], [ 123.974530382861147, 10.43735271368643 ] ], [ [ 123.974469867419145, 10.439003311529286 ], [ 123.973556589062653, 10.43909650053803 ], [ 123.973191723216317, 10.439278462229334 ], [ 123.973055603324724, 10.439575552664071 ], [ 123.973008733080562, 10.439188584416307 ], [ 123.973829262541457, 10.438643526684992 ], [ 123.973873189605527, 10.438075424216935 ], [ 123.974011694949112, 10.438552545569351 ], [ 123.974377396110555, 10.438641870728871 ], [ 123.974469867419145, 10.439003311529286 ] ], [ [ 123.973320433780884, 10.439830600222969 ], [ 123.973194509085843, 10.440182754734108 ], [ 123.973011796942345, 10.440183306228548 ], [ 123.972885638849419, 10.439742884388586 ], [ 123.973216058469603, 10.439604818006037 ], [ 123.973320433780884, 10.439830600222969 ] ], [ [ 123.973439597999345, 10.440925281179785 ], [ 123.973359238446079, 10.440846220884511 ], [ 123.973470528097621, 10.440814931967457 ], [ 123.973439597999345, 10.440925281179785 ] ], [ [ 123.973642928603695, 10.437468498241365 ], [ 123.973251162114025, 10.437243605609272 ], [ 123.973979612428153, 10.436726102726164 ], [ 123.9742229969128, 10.436796998530527 ], [ 123.973915600749436, 10.437015524408947 ], [ 123.973872788650297, 10.437945343872043 ], [ 123.973642928603695, 10.437468498241365 ] ], [ [ 123.974645325960282, 10.436651599494351 ], [ 123.974951145831028, 10.436786320187354 ], [ 123.974372097491084, 10.436923715367858 ], [ 123.974254675170357, 10.436788425010739 ], [ 123.974645325960282, 10.436651599494351 ] ], [ [ 123.971992135968065, 10.435393585022382 ], [ 123.971509296538471, 10.435259394489123 ], [ 123.972565217338229, 10.435165782161311 ], [ 123.971992135968065, 10.435393585022382 ] ], [ [ 123.970350527464575, 10.436302829742038 ], [ 123.970305760901738, 10.436599644306508 ], [ 123.970167539813758, 10.436212950054266 ], [ 123.969892919754713, 10.436032915627377 ], [ 123.969892364695966, 10.435852056906167 ], [ 123.969342848469182, 10.43540155784115 ], [ 123.969528054801046, 10.43621487303732 ], [ 123.969747079677418, 10.436491973907364 ], [ 123.969539165870202, 10.436615958072801 ], [ 123.969346176922173, 10.436486710345038 ], [ 123.969345344774339, 10.436215422226038 ], [ 123.969162080090555, 10.436035112551881 ], [ 123.968797491854659, 10.436307498553672 ], [ 123.968249638528889, 10.436399573970109 ], [ 123.968067759380162, 10.436671410656308 ], [ 123.96774837090517, 10.43678818877985 ], [ 123.967519628232537, 10.436673055475598 ], [ 123.967609322134365, 10.436130204888499 ], [ 123.968156898255572, 10.435947701187315 ], [ 123.96888607454477, 10.435402930245619 ], [ 123.9691601389071, 10.435402106881279 ], [ 123.969158752424235, 10.434949959958233 ], [ 123.969041610253512, 10.434905096787872 ], [ 123.96915847513533, 10.434859530572064 ], [ 123.969616080500046, 10.435129445969666 ], [ 123.97007590723112, 10.436122795490054 ], [ 123.970350527464575, 10.436302829742038 ] ], [ [ 123.968199883230241, 10.435068659104827 ], [ 123.96828969720049, 10.434565459598241 ], [ 123.968335729308365, 10.434681141009774 ], [ 123.968199883230241, 10.435068659104827 ] ], [ [ 123.966874055451754, 10.434685525497192 ], [ 123.9670575947586, 10.434956266130801 ], [ 123.967240304174481, 10.434955718316282 ], [ 123.967333042723638, 10.435407591537867 ], [ 123.966511402188786, 10.435590915133423 ], [ 123.966418111722561, 10.43495818265912 ], [ 123.966692175896142, 10.434957361446486 ], [ 123.966691622745273, 10.434776502541444 ], [ 123.966508913404297, 10.43477705003283 ], [ 123.966142389053516, 10.434416426827367 ], [ 123.966026944468084, 10.434266390238127 ], [ 123.966119986384527, 10.434114007221394 ], [ 123.966417005747545, 10.434596464817592 ], [ 123.966874055451754, 10.434685525497192 ] ], [ [ 123.965838498185263, 10.434889314134717 ], [ 123.965758142066818, 10.434810251585436 ], [ 123.965869430630363, 10.434778965430285 ], [ 123.965838498185263, 10.434889314134717 ] ], [ [ 123.967423567163266, 10.435136029261194 ], [ 123.967513814653501, 10.434774037537666 ], [ 123.967879233212955, 10.434772941301578 ], [ 123.967997483028739, 10.435179522585196 ], [ 123.967698571483268, 10.435442238907662 ], [ 123.967423567163266, 10.435136029261194 ] ], [ [ 123.971490846442421, 10.438529595027404 ], [ 123.971351332131917, 10.438687936922124 ], [ 123.970995570136807, 10.438109491575227 ], [ 123.970810358495726, 10.437296177768662 ], [ 123.970499072230865, 10.436935394017571 ], [ 123.970830880320023, 10.436458466832365 ], [ 123.970937090250459, 10.436665279865601 ], [ 123.970808969369727, 10.43684403112057 ], [ 123.971174389987567, 10.43684293089864 ], [ 123.971270470668102, 10.438379954119979 ], [ 123.971490846442421, 10.438529595027404 ] ] ], [ [ [ 123.963695119217348, 10.440753870892175 ], [ 123.963511854595311, 10.440573557972069 ], [ 123.963237785246605, 10.440574376896425 ], [ 123.962687441962075, 10.439852577803508 ], [ 123.962321741463896, 10.439763239090404 ], [ 123.961589240085559, 10.439222842096768 ], [ 123.960128091709436, 10.439408056820522 ], [ 123.959969415781657, 10.438345430817245 ], [ 123.960306681545916, 10.438051068717517 ], [ 123.960306131915473, 10.437870209506187 ], [ 123.959940708923256, 10.437871297404092 ], [ 123.959186094490093, 10.438460115252578 ], [ 123.959516945830487, 10.438638523734618 ], [ 123.959243115518461, 10.438717626059431 ], [ 123.959213156952401, 10.438958627532886 ], [ 123.959670486692772, 10.439138127727249 ], [ 123.959791174116987, 10.439556892380848 ], [ 123.959548371601045, 10.439710635827932 ], [ 123.959305885837097, 10.439410503904517 ], [ 123.958026898516778, 10.439414306273964 ], [ 123.958025801752754, 10.439052587637477 ], [ 123.957752281512057, 10.439234261069551 ], [ 123.957572035721512, 10.440048670701039 ], [ 123.958121545621907, 10.440499190676807 ], [ 123.958577779671018, 10.440316973723629 ], [ 123.958576956543254, 10.44004568480614 ], [ 123.958348916797149, 10.440162182524585 ], [ 123.958185744306348, 10.440001632347943 ], [ 123.958576407804074, 10.439864825525234 ], [ 123.95866721539268, 10.439683694650268 ], [ 123.959215353245142, 10.439682064549494 ], [ 123.960155154382647, 10.440045515102604 ], [ 123.960402710057423, 10.439588099844611 ], [ 123.9607681350044, 10.439587011239642 ], [ 123.960860316303808, 10.439858027766181 ], [ 123.961343159916197, 10.439992234134271 ], [ 123.960769785006903, 10.440129588735788 ], [ 123.961137136404076, 10.440761506641843 ], [ 123.962142884737659, 10.441029797946593 ], [ 123.96269240235722, 10.44148030928873 ], [ 123.963423256136522, 10.441478126027006 ], [ 123.963695119217348, 10.440753870892175 ] ], [ [ 123.961382818425491, 10.440095505904003 ], [ 123.961608654823607, 10.440003000143511 ], [ 123.962415026076613, 10.440395973188181 ], [ 123.962690473216796, 10.440847302619863 ], [ 123.963081962352376, 10.440981778920603 ], [ 123.962691024387041, 10.441028161670694 ], [ 123.962324220585586, 10.440577104946176 ], [ 123.961382818425491, 10.440095505904003 ] ] ], [ [ [ 123.959311377653918, 10.441219096284085 ], [ 123.959404107644431, 10.441670972492402 ], [ 123.959678178263189, 10.441670156772382 ], [ 123.959585447884351, 10.44121828067888 ], [ 123.959311377653918, 10.441219096284085 ] ] ], [ [ [ 123.972129754672892, 10.441553148520601 ], [ 123.972402694572693, 10.441612851204729 ], [ 123.972467001299179, 10.441270111258932 ], [ 123.972101019030205, 10.441090354881917 ], [ 123.972100462417842, 10.440909496336328 ], [ 123.971770798333395, 10.440945781398085 ], [ 123.971700071600807, 10.441134041114442 ], [ 123.971952587152288, 10.441496667189611 ], [ 123.971555384258195, 10.441905870880804 ], [ 123.971589559713934, 10.442070831542843 ], [ 123.972129754672892, 10.441553148520601 ] ] ], [ [ [ 123.999327962316926, 10.44191138574744 ], [ 123.999145536755947, 10.442002380814175 ], [ 123.999145822907408, 10.44209280934238 ], [ 123.99932853472275, 10.44209224279426 ], [ 123.999327962316926, 10.44191138574744 ] ] ], [ [ [ 123.981604034390699, 10.441694566303502 ], [ 123.981878665527603, 10.44187458953645 ], [ 123.981971146602831, 10.442236027219645 ], [ 123.982204052448722, 10.442291902422122 ], [ 123.982701435144222, 10.442052941718314 ], [ 123.981693141966957, 10.44097085598183 ], [ 123.981236361601106, 10.440972246781183 ], [ 123.981604034390699, 10.441694566303502 ] ] ], [ [ [ 123.963607348909377, 10.441929727433607 ], [ 123.962511066656717, 10.441933002472389 ], [ 123.962465741133869, 10.442048957525216 ], [ 123.96223589413222, 10.441572102512428 ], [ 123.961413407852078, 10.441484125973178 ], [ 123.961137686671904, 10.44094236577642 ], [ 123.960680353549307, 10.440762868013218 ], [ 123.960773910412911, 10.441486032395032 ], [ 123.961048806146437, 10.441756504209902 ], [ 123.961779936270403, 10.441844754196973 ], [ 123.962055384010355, 10.442296084104477 ], [ 123.962877596798847, 10.442293629266214 ], [ 123.963607348909377, 10.441929727433607 ] ] ], [ [ [ 123.975941896142601, 10.442344769803864 ], [ 123.976124609388307, 10.442344216518974 ], [ 123.976123770881401, 10.442072929046784 ], [ 123.975941057794046, 10.442073482316875 ], [ 123.975941896142601, 10.442344769803864 ] ] ], [ [ [ 123.999329107139189, 10.442273099839005 ], [ 123.999420463095703, 10.44227281652071 ], [ 123.999419890626498, 10.442091959481003 ], [ 123.99932853472275, 10.44209224279426 ], [ 123.999329107139189, 10.442273099839005 ] ] ], [ [ [ 123.961781037677127, 10.44220647237127 ], [ 123.96141560978019, 10.442207562407845 ], [ 123.961416435545075, 10.442478851062363 ], [ 123.961690506709161, 10.442478033552229 ], [ 123.961781037677127, 10.44220647237127 ] ] ], [ [ [ 123.988456314224678, 10.441854484049673 ], [ 123.988731798339259, 10.442305787456162 ], [ 123.989097789881782, 10.442485523755865 ], [ 123.988730665764564, 10.441944072197614 ], [ 123.988456314224678, 10.441854484049673 ] ] ], [ [ [ 123.976122932397644, 10.441801641569972 ], [ 123.976397001771801, 10.441800811491129 ], [ 123.976215966007274, 10.442343939837333 ], [ 123.97658139245749, 10.442342832849484 ], [ 123.976764944751579, 10.442613566614451 ], [ 123.977221448297044, 10.442521752867675 ], [ 123.977585755130818, 10.442158928242064 ], [ 123.977856464853176, 10.441072947514087 ], [ 123.978129693306087, 10.440800828674703 ], [ 123.978403761638972, 10.440799996953116 ], [ 123.978676428974055, 10.440347019509264 ], [ 123.979588305850754, 10.439801670292988 ], [ 123.979759998693879, 10.439359455766217 ], [ 123.97952894580105, 10.438501073464767 ], [ 123.979709553405812, 10.437822300209172 ], [ 123.980073431358605, 10.437323829783095 ], [ 123.980116163548374, 10.436374185615014 ], [ 123.979476680106671, 10.436376128540008 ], [ 123.978838036924927, 10.436649357533089 ], [ 123.978715849067044, 10.437230433159471 ], [ 123.978384581017238, 10.43772244233015 ], [ 123.978431140423496, 10.438007041927387 ], [ 123.978066279138289, 10.438189008828552 ], [ 123.977976463415047, 10.438686646136036 ], [ 123.977794172240323, 10.438822843984267 ], [ 123.977016671181971, 10.438508695955262 ], [ 123.976652227706026, 10.438826305106231 ], [ 123.976519946579856, 10.440364015911193 ], [ 123.975754605431206, 10.440863698432729 ], [ 123.976030178645132, 10.441349772393334 ], [ 123.975758344696416, 10.442074035482438 ], [ 123.975941057794046, 10.442073482316875 ], [ 123.976122932397644, 10.441801641569972 ] ], [ [ 123.979050823277731, 10.437336481741633 ], [ 123.979155839167134, 10.437478166160188 ], [ 123.978943490982033, 10.438085459911315 ], [ 123.978579190172283, 10.438448285603222 ], [ 123.979050823277731, 10.437336481741633 ] ], [ [ 123.9785808708655, 10.438990860266035 ], [ 123.978764702733429, 10.439352022060653 ], [ 123.97858255165167, 10.439533434910311 ], [ 123.977943341416818, 10.439625804474359 ], [ 123.977670504234808, 10.440024095572847 ], [ 123.977304690242704, 10.439899031070381 ], [ 123.977122537948219, 10.440080443186813 ], [ 123.976759910593017, 10.440985842050909 ], [ 123.976761868222027, 10.441618846067691 ], [ 123.976892767232044, 10.44172978689191 ], [ 123.976565145246184, 10.441842150273551 ], [ 123.976485841962486, 10.440986672376571 ], [ 123.976758512363929, 10.44053369630919 ], [ 123.976847910839837, 10.439900415451302 ], [ 123.977304130688537, 10.439718172792551 ], [ 123.977485892253554, 10.439410588108995 ], [ 123.977851705709668, 10.439535652452847 ], [ 123.977942501558516, 10.439354517104107 ], [ 123.978125212948754, 10.439353962832865 ], [ 123.978305683975719, 10.438629975526329 ], [ 123.978579190172283, 10.438448285603222 ], [ 123.9785808708655, 10.438990860266035 ] ], [ [ 123.979182550816219, 10.437226223498801 ], [ 123.979397464229336, 10.437179781830418 ], [ 123.979283839610616, 10.43738647543543 ], [ 123.979182550816219, 10.437226223498801 ] ] ], [ [ [ 123.960686129096104, 10.442661889078989 ], [ 123.960593671878414, 10.442300443035485 ], [ 123.960227968834701, 10.442211102139435 ], [ 123.960229068487024, 10.442572820470831 ], [ 123.960503689829011, 10.442752863120511 ], [ 123.960686129096104, 10.442661889078989 ] ] ], [ [ [ 123.998690187427044, 10.442455939413662 ], [ 123.998778969041965, 10.441641799428369 ], [ 123.999053036396802, 10.441640949918442 ], [ 123.999234317156592, 10.441188240801402 ], [ 123.998959105940159, 10.440827376273401 ], [ 123.998732845118212, 10.440983050496126 ], [ 123.998649897813408, 10.441514834336594 ], [ 123.998432273013776, 10.441660646110721 ], [ 123.998270141798187, 10.441701616430626 ], [ 123.998112911740762, 10.441469141640988 ], [ 123.997737314712637, 10.441564045752354 ], [ 123.998035388223457, 10.440929023824053 ], [ 123.998517762711913, 10.441132188120335 ], [ 123.998589185128779, 10.440847840455751 ], [ 123.998318187694309, 10.440377214959433 ], [ 123.997861981970004, 10.440559486602037 ], [ 123.997771197899539, 10.440740626576376 ], [ 123.996309793995323, 10.440835576936538 ], [ 123.99613107643151, 10.442102142297589 ], [ 123.995851727766308, 10.4424998269001 ], [ 123.995726456804505, 10.442294032084957 ], [ 123.99585700842789, 10.44210298933716 ], [ 123.995555721637373, 10.44160655792729 ], [ 123.995672015298467, 10.441380124892357 ], [ 123.995032524639385, 10.441382099896718 ], [ 123.994485528849594, 10.441745506377357 ], [ 123.994395312009132, 10.442107502910105 ], [ 123.993939670354308, 10.442470626712486 ], [ 123.99394023967703, 10.44265148405065 ], [ 123.993757527234379, 10.442652047545868 ], [ 123.993758096461974, 10.442832904892015 ], [ 123.994032165280387, 10.442832059594931 ], [ 123.994214308321276, 10.442650638611875 ], [ 123.994579733143482, 10.442649510994347 ], [ 123.994762160638686, 10.442558518382619 ], [ 123.99494344824501, 10.442105811104094 ], [ 123.995400228369292, 10.44210440054723 ], [ 123.995675722193937, 10.442555697012356 ], [ 123.996315785826795, 10.442734577704679 ], [ 123.996680354149106, 10.442462161893332 ], [ 123.996368394534286, 10.442279772862033 ], [ 123.996655149529559, 10.441675684409075 ], [ 123.997317276082114, 10.441646326176745 ], [ 123.997985309242878, 10.441720337231853 ], [ 123.998090175196225, 10.44235758861344 ], [ 123.997705083039861, 10.442784369124468 ], [ 123.99841726315762, 10.442818502858536 ], [ 123.998690187427044, 10.442455939413662 ] ], [ [ 123.996950425239007, 10.441195313856687 ], [ 123.99683681089364, 10.441402012729188 ], [ 123.996735512486069, 10.441241767342207 ], [ 123.996950425239007, 10.441195313856687 ] ] ], [ [ [ 123.993482035923577, 10.442200749180566 ], [ 123.993480897869077, 10.441839034441562 ], [ 123.992749481241987, 10.441660429156446 ], [ 123.992753177259246, 10.442836002302723 ], [ 123.993141522977382, 10.442897925360109 ], [ 123.993295403233844, 10.442344265444788 ], [ 123.993482035923577, 10.442200749180566 ] ] ], [ [ [ 124.000609809820148, 10.44281170191436 ], [ 124.000459320904099, 10.442738242731576 ], [ 124.000427670748508, 10.442993126210327 ], [ 124.000609809820148, 10.44281170191436 ] ] ], [ [ [ 123.982704530689645, 10.44304766046433 ], [ 123.983527022058283, 10.443135581229729 ], [ 123.98343510213131, 10.442955002115731 ], [ 123.983069675718141, 10.44295611701191 ], [ 123.982385931390894, 10.442479670015022 ], [ 123.981945849568575, 10.442578726586849 ], [ 123.981742877382302, 10.442448777986341 ], [ 123.98160459653954, 10.441875424325707 ], [ 123.981054773028333, 10.441334519036547 ], [ 123.981056177576193, 10.441786664173046 ], [ 123.981173325123777, 10.441831522524149 ], [ 123.981057020336038, 10.442057951248746 ], [ 123.981240014111862, 10.442147824071558 ], [ 123.98142469423972, 10.442780270851117 ], [ 123.981608250759734, 10.443051001419928 ], [ 123.982157234590332, 10.44332061837714 ], [ 123.982704530689645, 10.44304766046433 ] ] ], [ [ [ 123.986085572010609, 10.443308622140636 ], [ 123.986085289599842, 10.443218193260014 ], [ 123.985993932996692, 10.44321847278851 ], [ 123.986085572010609, 10.443308622140636 ] ] ], [ [ [ 124.002255367125301, 10.443168305076087 ], [ 124.002345287752419, 10.442715878724178 ], [ 124.002160566510312, 10.442083447934088 ], [ 124.001886212085722, 10.441993871694676 ], [ 124.002071506749957, 10.442807159590126 ], [ 124.001981585705693, 10.443259585901631 ], [ 124.002255367125301, 10.443168305076087 ] ] ], [ [ [ 124.006092034363405, 10.44306591869841 ], [ 124.006092610744801, 10.443246775356345 ], [ 124.006532136719599, 10.443212319545978 ], [ 124.006457458340151, 10.443064777442858 ], [ 124.006092034363405, 10.44306591869841 ] ] ], [ [ [ 123.985902858748815, 10.443309181176513 ], [ 123.985903141109361, 10.443399610061629 ], [ 123.985994497767962, 10.443399330554268 ], [ 123.985902858748815, 10.443309181176513 ] ] ], [ [ [ 124.001890229532776, 10.443259869979396 ], [ 124.001890516513143, 10.443350298424456 ], [ 124.001981872712491, 10.44335001434413 ], [ 124.001890229532776, 10.443259869979396 ] ] ], [ [ [ 123.985811784448188, 10.443399889542857 ], [ 123.985812066784902, 10.443490318429951 ], [ 123.985903423472507, 10.443490038946205 ], [ 123.985811784448188, 10.443399889542857 ] ] ], [ [ [ 123.985720710094697, 10.443490597887525 ], [ 123.985720992407678, 10.443581026776613 ], [ 123.985812349124274, 10.443580747316522 ], [ 123.985720710094697, 10.443490597887525 ] ] ], [ [ [ 123.99037734515457, 10.442662453354972 ], [ 123.989369592156407, 10.44176125210975 ], [ 123.988912528510753, 10.441672225182398 ], [ 123.989004734222931, 10.441943231287004 ], [ 123.989553721209077, 10.442212835137449 ], [ 123.990106395446688, 10.443658011984114 ], [ 123.990288825044118, 10.443567021760584 ], [ 123.99037734515457, 10.442662453354972 ] ] ], [ [ [ 123.972216396513829, 10.442386981294769 ], [ 123.971525009593051, 10.442400049556783 ], [ 123.971466252898978, 10.442629580479881 ], [ 123.971831958475349, 10.442718908168041 ], [ 123.97210686408053, 10.442989369486082 ], [ 123.972199612974904, 10.443441240225461 ], [ 123.972017455577799, 10.443622649843904 ], [ 123.972201005016544, 10.443893386501092 ], [ 123.972565319653825, 10.443530566964558 ], [ 123.972618468888655, 10.441913121835135 ], [ 123.97239097955304, 10.44171614376619 ], [ 123.971955736531044, 10.442132306753187 ], [ 123.972216396513829, 10.442386981294769 ] ] ], [ [ [ 123.989739551589835, 10.443206990692392 ], [ 123.989509408350941, 10.442733604075757 ], [ 123.989098073142799, 10.442575952558173 ], [ 123.989283335741476, 10.443389250885616 ], [ 123.989583764808614, 10.443614402573319 ], [ 123.989467182449587, 10.44375040505647 ], [ 123.98964989577199, 10.443749843957329 ], [ 123.989739551589835, 10.443206990692392 ] ] ], [ [ [ 123.966811203815041, 10.444000030037962 ], [ 123.966902561170897, 10.44399975597749 ], [ 123.966902284286107, 10.443909326581625 ], [ 123.966811203815041, 10.444000030037962 ] ] ], [ [ [ 123.954326552331977, 10.444057062362974 ], [ 123.95440642911116, 10.443977522524966 ], [ 123.954294948797383, 10.443946899551513 ], [ 123.954326552331977, 10.444057062362974 ] ] ], [ [ [ 124.005636118512854, 10.443338629704233 ], [ 124.00563727079016, 10.443700343062739 ], [ 124.006058433322053, 10.444042155908781 ], [ 124.005818830691467, 10.443338059374753 ], [ 124.005636118512854, 10.443338629704233 ] ] ], [ [ [ 123.953198929402475, 10.444040573006195 ], [ 123.953124666745609, 10.443896326674002 ], [ 123.952741595114517, 10.443861063901878 ], [ 123.952376982376833, 10.444133433110487 ], [ 123.952469158321946, 10.444404452510613 ], [ 123.952834589743901, 10.444403372485331 ], [ 123.953198929402475, 10.444040573006195 ] ] ], [ [ [ 123.973478890163292, 10.443527808842664 ], [ 123.973363550104139, 10.443656373173969 ], [ 123.973252314209873, 10.443285694134902 ], [ 123.973385860684104, 10.442985509419733 ], [ 123.973750451690663, 10.4427131179492 ], [ 123.974024522057448, 10.442712289834386 ], [ 123.975159994983287, 10.441861328832625 ], [ 123.975430145611483, 10.442436748930128 ], [ 123.975211991172486, 10.442654012809463 ], [ 123.975028608950169, 10.442437963846579 ], [ 123.974389391152528, 10.442530326911571 ], [ 123.974207235622501, 10.442711737627205 ], [ 123.974238668995895, 10.442952553916948 ], [ 123.974482422136603, 10.443072625912203 ], [ 123.974481864038523, 10.44289176751734 ], [ 123.974709898618599, 10.442775258655573 ], [ 123.974939206493502, 10.443071244495695 ], [ 123.975047948245006, 10.442774412790207 ], [ 123.975152958572153, 10.442916098494921 ], [ 123.974939485678391, 10.443161673680017 ], [ 123.974756771890569, 10.443162226329939 ], [ 123.97475816758967, 10.443614372268497 ], [ 123.975488465025464, 10.443431302608543 ], [ 123.975482319898092, 10.441441860794056 ], [ 123.975025258831721, 10.441352813580787 ], [ 123.975024421360033, 10.441081526002728 ], [ 123.975298490193396, 10.441080696923699 ], [ 123.975266600639586, 10.44088010761482 ], [ 123.975481202736134, 10.4410801440737 ], [ 123.975378414843277, 10.440503116768161 ], [ 123.975058808040473, 10.440549298628657 ], [ 123.974923308988181, 10.44104707366167 ], [ 123.974695197352716, 10.441138193508968 ], [ 123.974559837056475, 10.44168118304656 ], [ 123.974332143306995, 10.441907946493869 ], [ 123.973601569656083, 10.442000584038828 ], [ 123.973144368729479, 10.441866319541555 ], [ 123.972964441517206, 10.442771163517698 ], [ 123.972745976836322, 10.442862253000614 ], [ 123.97284022661303, 10.443801027516102 ], [ 123.973207048678674, 10.444252070367755 ], [ 123.973938185580508, 10.444340291663003 ], [ 123.974484654631851, 10.443796059471008 ], [ 123.974574616258749, 10.44334363726219 ], [ 123.974209577673761, 10.443470914640132 ], [ 123.974026474485797, 10.443345294300849 ], [ 123.973753240120587, 10.443617410110321 ], [ 123.973478890163292, 10.443527808842664 ] ], [ [ 123.973963404796621, 10.443654726534144 ], [ 123.973708755274387, 10.444004654035014 ], [ 123.973753240120587, 10.443617410110321 ], [ 123.973963404796621, 10.443654726534144 ] ] ], [ [ [ 123.96699530311821, 10.444451628850219 ], [ 123.966995580044696, 10.444542058240529 ], [ 123.96708693755383, 10.444541784113097 ], [ 123.96699530311821, 10.444451628850219 ] ] ], [ [ [ 123.972384276311004, 10.44407369377195 ], [ 123.972385111740635, 10.444344981513296 ], [ 123.972567826348538, 10.444344430158228 ], [ 123.972659740773011, 10.444525012918378 ], [ 123.973055729102683, 10.444481174513149 ], [ 123.972384276311004, 10.44407369377195 ] ] ], [ [ [ 124.002259386532245, 10.444434303124929 ], [ 124.00244209954063, 10.444433734668262 ], [ 124.002441812370151, 10.444343306244605 ], [ 124.002259386532245, 10.444434303124929 ] ] ], [ [ [ 123.980242111334746, 10.444411607881813 ], [ 123.980136689003174, 10.444623167121192 ], [ 123.980407918048385, 10.444558449423759 ], [ 123.980242111334746, 10.444411607881813 ] ] ], [ [ [ 124.000797395388787, 10.44434841854584 ], [ 124.000523612424686, 10.444439698249701 ], [ 124.000524185664759, 10.444620555201844 ], [ 124.00079825548255, 10.444619703952045 ], [ 124.000797395388787, 10.44434841854584 ] ] ], [ [ [ 123.973025448830583, 10.444614338998187 ], [ 123.97302600618157, 10.444795197452313 ], [ 123.973482793252302, 10.444793817892343 ], [ 123.973299520922325, 10.444613511355396 ], [ 123.973025448830583, 10.444614338998187 ] ] ], [ [ [ 123.994310790808271, 10.444278072516274 ], [ 123.993945079343874, 10.444188771341793 ], [ 123.994037859717821, 10.444640632792243 ], [ 123.994220858108534, 10.444730497678993 ], [ 123.994310790808271, 10.444278072516274 ] ] ], [ [ [ 123.973847943948243, 10.444702284569289 ], [ 123.973574150658763, 10.444793541901932 ], [ 123.97357442949648, 10.444883971113422 ], [ 123.973923323421332, 10.444851246470845 ], [ 123.973847943948243, 10.444702284569289 ] ] ], [ [ [ 123.975299174655007, 10.444426605656814 ], [ 123.975124991974454, 10.444065412691097 ], [ 123.974668206191296, 10.444066794504575 ], [ 123.974395809057938, 10.44461019843204 ], [ 123.974669881033932, 10.44460936961317 ], [ 123.974927188231703, 10.444304140594507 ], [ 123.975218862847839, 10.444878998772705 ], [ 123.975299174655007, 10.444426605656814 ] ] ], [ [ [ 123.968103391511022, 10.444935689128345 ], [ 123.968816109295147, 10.445021261919868 ], [ 123.968915197149201, 10.444898013426421 ], [ 123.968092701730981, 10.444810055066139 ], [ 123.968103391511022, 10.444935689128345 ] ] ], [ [ [ 123.992590591414157, 10.439289923498782 ], [ 123.992670949364424, 10.439368978571897 ], [ 123.992196515527326, 10.440124828776497 ], [ 123.992267863152946, 10.440345505972981 ], [ 123.992740068703782, 10.440096308885101 ], [ 123.992592443090231, 10.440374565173357 ], [ 123.992838562739962, 10.44093671808522 ], [ 123.993386412730331, 10.440844600446519 ], [ 123.993750697321687, 10.440481759230989 ], [ 123.993933408497384, 10.44048119585646 ], [ 123.994296837935693, 10.439847068085117 ], [ 123.994753899674308, 10.439936087418902 ], [ 123.994846109635546, 10.440207091446789 ], [ 123.995576668323039, 10.440114406236859 ], [ 123.995535811646363, 10.439544711645855 ], [ 123.995171482256268, 10.439658277473653 ], [ 123.994823901178549, 10.439514676368896 ], [ 123.99493518613076, 10.439483380211616 ], [ 123.994825301999157, 10.439157921321476 ], [ 123.99493347700367, 10.438940808248661 ], [ 123.994790198648573, 10.438883043033785 ], [ 123.994713361879391, 10.439175023604369 ], [ 123.994440732858038, 10.439251369902999 ], [ 123.994696501938691, 10.438629771770353 ], [ 123.99438420757771, 10.438580784813551 ], [ 123.994385061622978, 10.438852070848824 ], [ 123.993929424340678, 10.439215194272673 ], [ 123.993930278045255, 10.439486480334869 ], [ 123.993420940393975, 10.440046887982025 ], [ 123.993369775413058, 10.439679524069785 ], [ 123.99305292896473, 10.439544855962017 ], [ 123.99305193385986, 10.439228355472222 ], [ 123.993837106158566, 10.438909432226723 ], [ 123.993927432455209, 10.438582193442898 ], [ 123.994109857914708, 10.43849120138251 ], [ 123.99398183006295, 10.438310737017463 ], [ 123.994108719551619, 10.438129486629327 ], [ 123.993889384437466, 10.438022413494675 ], [ 123.993607825297005, 10.438561101143856 ], [ 123.99317714805035, 10.437935106093436 ], [ 123.993631313501552, 10.43781825219877 ], [ 123.99319346459869, 10.437589730029735 ], [ 123.993001707806883, 10.43778163670027 ], [ 123.993049716485757, 10.438114801357816 ], [ 123.992776961035162, 10.438532244561889 ], [ 123.992686228658499, 10.439139052250948 ], [ 123.99190942514727, 10.439051013787727 ], [ 123.991682172740099, 10.439413431445924 ], [ 123.991757964164137, 10.439552647982682 ], [ 123.99164667876596, 10.439583943064115 ], [ 123.991601364684954, 10.439699901259472 ], [ 123.991545707500009, 10.439594710481989 ], [ 123.99140938403248, 10.439821203849384 ], [ 123.99146921481649, 10.440147532580868 ], [ 123.991337517207128, 10.440254837116891 ], [ 123.991270506102765, 10.439233838343508 ], [ 123.991771256583561, 10.43868972040444 ], [ 123.992270585094019, 10.437693458116863 ], [ 123.992278780701895, 10.437230827988898 ], [ 123.991820020022828, 10.436599232112696 ], [ 123.990869804019468, 10.436421294226886 ], [ 123.99181689748599, 10.435604515711706 ], [ 123.990813702321049, 10.436150177634879 ], [ 123.990722915020598, 10.436331315912767 ], [ 123.990074242929964, 10.436479409622134 ], [ 123.989396656626297, 10.437083210281221 ], [ 123.988897806503587, 10.436969926250679 ], [ 123.988852491655038, 10.43708588413338 ], [ 123.988024979868314, 10.436452421272158 ], [ 123.987707516128239, 10.436646329753543 ], [ 123.987524094073024, 10.435888979442312 ], [ 123.987068451902786, 10.436252093478977 ], [ 123.986970588737648, 10.437257577189751 ], [ 123.985793720310213, 10.437612439696933 ], [ 123.98579569555605, 10.438245442126657 ], [ 123.986325748929019, 10.437845166145163 ], [ 123.986330148275485, 10.438204785423975 ], [ 123.985430839071, 10.438427417074106 ], [ 123.985888179587576, 10.438606878440444 ], [ 123.98652766635125, 10.438604922265844 ], [ 123.986710941759654, 10.438785220902135 ], [ 123.986893258148811, 10.438658489508775 ], [ 123.987259073455192, 10.438783542819026 ], [ 123.987625908218192, 10.43923456788667 ], [ 123.987900257219223, 10.439324156994941 ], [ 123.988359298001882, 10.440046187593319 ], [ 123.9886333648289, 10.440045347153799 ], [ 123.988632515668911, 10.439774060664485 ], [ 123.988449804611832, 10.439774620968626 ], [ 123.988229857882473, 10.43941357648186 ], [ 123.988356751304906, 10.439232328043991 ], [ 123.988813528149379, 10.439230927293409 ], [ 123.989088726908349, 10.439591801809968 ], [ 123.989325596476561, 10.43962801069709 ], [ 123.98956374610141, 10.440293889478321 ], [ 123.989273703738149, 10.440314671646066 ], [ 123.989550320790997, 10.441127689601219 ], [ 123.988727834510527, 10.441039784015237 ], [ 123.98863534629352, 10.440678348944116 ], [ 123.988498675109554, 10.440794587001722 ], [ 123.988235911686118, 10.440514378449237 ], [ 123.988634214012336, 10.440316633638446 ], [ 123.988359863963254, 10.440227045265269 ], [ 123.988177718492864, 10.440408463117578 ], [ 123.988178850256631, 10.440770178471171 ], [ 123.988362693926589, 10.441131333594129 ], [ 123.98854597191017, 10.441311630916799 ], [ 123.989185746939938, 10.441400097721129 ], [ 123.990688043619599, 10.442443703373662 ], [ 123.991381696681302, 10.44247850599373 ], [ 123.991563557249179, 10.442206657660256 ], [ 123.991595613833383, 10.441637179227017 ], [ 123.991836773582534, 10.441934528108071 ], [ 123.991837909747034, 10.442296243025844 ], [ 123.991565261083693, 10.442749230069683 ], [ 123.99211567210908, 10.443470972747985 ], [ 123.992209302188414, 10.444194121138004 ], [ 123.992574160416709, 10.444012138253086 ], [ 123.992574729036633, 10.444192995649109 ], [ 123.992757726811718, 10.444282861440083 ], [ 123.99312258476067, 10.444100877949108 ], [ 123.993151379174265, 10.44349816095403 ], [ 123.99330290954704, 10.443341142126512 ], [ 123.993852299296918, 10.443736909827214 ], [ 123.994735555111561, 10.443854992500393 ], [ 123.995041644191303, 10.444275816291723 ], [ 123.995681711194351, 10.44445469794511 ], [ 123.996322920472167, 10.444995292608246 ], [ 123.996539181757399, 10.444822772440872 ], [ 123.99626776715354, 10.44460900741614 ], [ 123.996291182426319, 10.44441779897887 ], [ 123.997158642136156, 10.444048198361271 ], [ 123.997417773679246, 10.444539757699284 ], [ 123.99760048702035, 10.444539192007733 ], [ 123.997690986294046, 10.444267623457131 ], [ 123.997573836000115, 10.444222771475614 ], [ 123.997871984429509, 10.443724486309033 ], [ 123.998419836928662, 10.443632359733986 ], [ 123.998326764834459, 10.443090071541961 ], [ 123.998190096672715, 10.443206313496596 ], [ 123.997869697868467, 10.443001057860281 ], [ 123.997571638286502, 10.44304330982226 ], [ 123.997688414257667, 10.443453766432381 ], [ 123.997505987273925, 10.443544760681048 ], [ 123.996683494265227, 10.443456876396718 ], [ 123.996638181692731, 10.443572835159078 ], [ 123.996592137886495, 10.443457158963975 ], [ 123.995495861136291, 10.443460547732645 ], [ 123.995312293068892, 10.443189826280726 ], [ 123.995038224044038, 10.443190672705477 ], [ 123.995037654056276, 10.443009815433888 ], [ 123.994581157420143, 10.443101654242689 ], [ 123.994397875137381, 10.442921360821018 ], [ 123.993850988498764, 10.443320509663371 ], [ 123.993210527675743, 10.443015452154999 ], [ 123.992845102273691, 10.443016578244967 ], [ 123.99270871620574, 10.443223246737812 ], [ 123.992571033194537, 10.443017422538071 ], [ 123.99256762204125, 10.441932278050505 ], [ 123.9921615793683, 10.441672019896052 ], [ 123.9923834890037, 10.441480697138161 ], [ 123.9930226960158, 10.441388298719135 ], [ 123.993388403966563, 10.441477601291666 ], [ 123.99357225386197, 10.441838752808021 ], [ 123.993937677807494, 10.441837626012635 ], [ 123.994302247485024, 10.441565212807435 ], [ 123.994392749093578, 10.44129364495744 ], [ 123.99494059899051, 10.441201524638451 ], [ 123.995487308227624, 10.440747688866253 ], [ 123.997130852371299, 10.44047131988734 ], [ 123.997271469947734, 10.440239269688588 ], [ 123.996033730650922, 10.440203423667507 ], [ 123.995851590054272, 10.440384845486822 ], [ 123.995029390414771, 10.440387384763966 ], [ 123.994847249084657, 10.440568806072003 ], [ 123.994390471124987, 10.440570215631141 ], [ 123.993751835535519, 10.440843473970743 ], [ 123.993524664156794, 10.441231281737645 ], [ 123.993478621885956, 10.441115604938801 ], [ 123.992564779701738, 10.441027990920826 ], [ 123.992349486393948, 10.441282755282886 ], [ 123.991376586552164, 10.440850788591554 ], [ 123.990920658931913, 10.441123479507651 ], [ 123.990875924250304, 10.441424235958991 ], [ 123.99064545669485, 10.440762606921613 ], [ 123.990735677732644, 10.440400611054917 ], [ 123.990182440911852, 10.43877457716169 ], [ 123.989725381586979, 10.438685551002305 ], [ 123.989267189683417, 10.438234808881324 ], [ 123.987987652965487, 10.438057873065986 ], [ 123.98731127178165, 10.437601327603891 ], [ 123.987519180881819, 10.437477332448481 ], [ 123.987620819258012, 10.437606848302796 ], [ 123.988442730511693, 10.43751389991905 ], [ 123.988626572206911, 10.437875055109551 ], [ 123.989174701990592, 10.437873373885468 ], [ 123.989601007131611, 10.437470132655539 ], [ 123.989540405053901, 10.437962681363178 ], [ 123.99009023540242, 10.438503571352562 ], [ 123.991185361604636, 10.438138487664528 ], [ 123.99118621284002, 10.438409773971278 ], [ 123.990912715002551, 10.438591474020004 ], [ 123.990914133410911, 10.43904361788673 ], [ 123.990731990182866, 10.439225037009974 ], [ 123.990733975731658, 10.439858038429605 ], [ 123.990917537857882, 10.440128763114298 ], [ 123.990918672757275, 10.440490478173636 ], [ 123.991284946941846, 10.440760640818468 ], [ 123.9917408736966, 10.44048794945396 ], [ 123.992012668338873, 10.439763676191015 ], [ 123.992376953530012, 10.43940083648797 ], [ 123.992590591414157, 10.439289923498782 ] ], [ [ 123.992664379755453, 10.443650142032363 ], [ 123.992536634574222, 10.443560105964725 ], [ 123.992708840875437, 10.443262897602958 ], [ 123.992847661599143, 10.443830436494078 ], [ 123.992574160416709, 10.444012138253086 ], [ 123.992664379755453, 10.443650142032363 ] ], [ [ 123.991259340565207, 10.438983079676023 ], [ 123.991370625806724, 10.438951784744544 ], [ 123.991339698124449, 10.439062135123837 ], [ 123.991259340565207, 10.438983079676023 ] ], [ [ 123.990270394342105, 10.437689151023042 ], [ 123.990239466344889, 10.437799501328508 ], [ 123.990159109391783, 10.437720445542388 ], [ 123.990270394342105, 10.437689151023042 ] ], [ [ 123.991060041228934, 10.437622556294963 ], [ 123.991274730272067, 10.437505205404099 ], [ 123.991231512117906, 10.437707127081328 ], [ 123.991060041228934, 10.437622556294963 ] ], [ [ 123.990316724803861, 10.437628295441217 ], [ 123.990233004873446, 10.437136741898536 ], [ 123.990409624687771, 10.43684336272238 ], [ 123.990659904515738, 10.437190591303166 ], [ 123.990316724803861, 10.437628295441217 ] ], [ [ 123.990990816398124, 10.436839126377635 ], [ 123.991495352671734, 10.43692350113224 ], [ 123.991553652606669, 10.437271628293709 ], [ 123.991251775113852, 10.437014558274063 ], [ 123.990954784473203, 10.437441148459619 ], [ 123.990990816398124, 10.436839126377635 ] ], [ [ 123.988547765016321, 10.438728561544879 ], [ 123.988318383949775, 10.438509007978743 ], [ 123.988490875107459, 10.438302230530514 ], [ 123.988661295948233, 10.438512338974906 ], [ 123.988547765016321, 10.438728561544879 ] ], [ [ 123.988903184879959, 10.438688074098899 ], [ 123.988872256322395, 10.438798424318529 ], [ 123.988791899402372, 10.438719368185064 ], [ 123.988903184879959, 10.438688074098899 ] ], [ [ 123.98905609938376, 10.439159579118673 ], [ 123.988975742320235, 10.439080523045972 ], [ 123.989087027898549, 10.439049228886324 ], [ 123.98905609938376, 10.439159579118673 ] ], [ [ 123.989587014699424, 10.439524227523526 ], [ 123.989426319346506, 10.439446555192472 ], [ 123.989636292958068, 10.439409261907894 ], [ 123.989587014699424, 10.439524227523526 ] ], [ [ 123.990061657917821, 10.441060339239003 ], [ 123.98997902970082, 10.440905376803592 ], [ 123.990097605597143, 10.440854719918596 ], [ 123.990061657917821, 10.441060339239003 ] ], [ [ 123.993717597669132, 10.441591665574792 ], [ 123.993634967564873, 10.441436704270147 ], [ 123.993753542934982, 10.441386046064961 ], [ 123.993717597669132, 10.441591665574792 ] ], [ [ 123.99421630158777, 10.443283639226392 ], [ 123.99428589382903, 10.44342114408782 ], [ 123.994177327694885, 10.443585426754403 ], [ 123.994094447563938, 10.443345125756732 ], [ 123.99421630158777, 10.443283639226392 ] ], [ [ 123.997469241998161, 10.44429497964493 ], [ 123.997384743699357, 10.44406135216993 ], [ 123.997507415905872, 10.443996903500386 ], [ 123.997469241998161, 10.44429497964493 ] ], [ [ 123.99033846787448, 10.436633016587008 ], [ 123.990541056613381, 10.436603163618352 ], [ 123.990512895294856, 10.436798713765233 ], [ 123.99033846787448, 10.436633016587008 ] ], [ [ 123.994260579455428, 10.439656374893591 ], [ 123.994582110458452, 10.439355779903275 ], [ 123.994702115340843, 10.439601750645023 ], [ 123.994402353892227, 10.439784947589148 ], [ 123.994260579455428, 10.439656374893591 ] ], [ [ 123.993293919336494, 10.440483167210116 ], [ 123.993184914468358, 10.440689574809563 ], [ 123.993079891791936, 10.440547895711381 ], [ 123.993244827113983, 10.440284565499301 ], [ 123.993410569283782, 10.440346964652326 ], [ 123.993293919336494, 10.440483167210116 ] ], [ [ 123.992805645481653, 10.440414067589742 ], [ 123.992725287207307, 10.440335012583461 ], [ 123.992836572722396, 10.440303717112892 ], [ 123.992805645481653, 10.440414067589742 ] ] ], [ [ [ 123.969280904977495, 10.444987343851809 ], [ 123.969065989404982, 10.445033779292865 ], [ 123.969402302353046, 10.445098338490759 ], [ 123.969280904977495, 10.444987343851809 ] ] ], [ [ [ 124.002462885969337, 10.443832930987583 ], [ 124.002533743240477, 10.444523878821309 ], [ 124.002704254176493, 10.444566631056293 ], [ 124.002626248694739, 10.444885308192095 ], [ 124.002935364149309, 10.445074951819135 ], [ 124.002990525833894, 10.444522457078913 ], [ 124.002462885969337, 10.443832930987583 ] ] ], [ [ [ 123.980518710256547, 10.445224635272572 ], [ 123.980609224960588, 10.444953070198556 ], [ 123.980244357445997, 10.445135040132413 ], [ 123.980336276373691, 10.445315620250618 ], [ 123.980518710256547, 10.445224635272572 ] ] ], [ [ [ 123.974064289056983, 10.445079853913182 ], [ 123.974032890494769, 10.44542516594136 ], [ 123.97421560564392, 10.445424613586287 ], [ 123.974214768537578, 10.445153326011249 ], [ 123.974064289056983, 10.445079853913182 ] ] ], [ [ [ 123.96900821986948, 10.445440314735791 ], [ 123.969008497404928, 10.445530744066554 ], [ 123.969099855148272, 10.445530469337184 ], [ 123.96900821986948, 10.445440314735791 ] ] ], [ [ [ 123.984812784522859, 10.445301969208119 ], [ 123.984694205271381, 10.445352624351097 ], [ 123.984776833075586, 10.445507588242366 ], [ 123.984812784522859, 10.445301969208119 ] ] ], [ [ [ 123.9693733730833, 10.445348786349804 ], [ 123.969242521318847, 10.445449390512621 ], [ 123.969458143378219, 10.44556032246849 ], [ 123.9693733730833, 10.445348786349804 ] ] ], [ [ [ 123.967820014939761, 10.445263025080514 ], [ 123.967819460573168, 10.44508216635167 ], [ 123.967179956989682, 10.445084086261243 ], [ 123.966632918331698, 10.445447448461634 ], [ 123.966724829868284, 10.445628033197746 ], [ 123.967455692466018, 10.445625839838815 ], [ 123.967820014939761, 10.445263025080514 ] ] ], [ [ [ 123.994679636779026, 10.445362088245817 ], [ 123.994561060144463, 10.445412746907881 ], [ 123.994643691920871, 10.44556770779592 ], [ 123.994679636779026, 10.445362088245817 ] ] ], [ [ [ 123.995319420782707, 10.445450541812685 ], [ 123.995045064716905, 10.445360959803647 ], [ 123.995137276964456, 10.445631963486601 ], [ 123.995319991070801, 10.445631399041329 ], [ 123.995319420782707, 10.445450541812685 ] ] ], [ [ [ 123.995320276218749, 10.445721827654864 ], [ 123.995411633294381, 10.4457215453905 ], [ 123.995411348120001, 10.445631116779483 ], [ 123.995319991070801, 10.445631399041329 ], [ 123.995320276218749, 10.445721827654864 ] ] ], [ [ [ 123.997531541774165, 10.445293793666568 ], [ 123.997451682232068, 10.445373343310534 ], [ 123.997237060079115, 10.445173323243043 ], [ 123.996871918188717, 10.445264882747365 ], [ 123.996872774955577, 10.445536168464114 ], [ 123.99733041700641, 10.445806040358725 ], [ 123.997825330671603, 10.445751985424257 ], [ 123.997785201211272, 10.445171626062381 ], [ 123.997420059542478, 10.445263186178831 ], [ 123.997531541774165, 10.445293793666568 ] ] ], [ [ [ 123.97658264938427, 10.445868959418485 ], [ 123.97658268370796, 10.445880055089857 ], [ 123.976605460518087, 10.445879986055497 ], [ 123.97658264938427, 10.445868959418485 ] ] ], [ [ [ 124.002959707504786, 10.445482448123427 ], [ 124.002902904528554, 10.445698310768355 ], [ 124.003211241721417, 10.445822607163478 ], [ 124.003268044494035, 10.44560674448303 ], [ 124.002959707504786, 10.445482448123427 ] ] ], [ [ [ 123.994681061581602, 10.445814231404199 ], [ 123.994589704458562, 10.445814513461986 ], [ 123.994589989400538, 10.445904942094643 ], [ 123.994681061581602, 10.445814231404199 ] ] ], [ [ [ 123.990745891716259, 10.443656046416868 ], [ 123.991110750354764, 10.443474065178179 ], [ 123.991227899654461, 10.443518919645197 ], [ 123.991019961506822, 10.443655203638935 ], [ 123.99111245361722, 10.444016637619528 ], [ 123.990838667324724, 10.444107909251899 ], [ 123.990839234946606, 10.44428876674224 ], [ 123.991298006511855, 10.444920362875449 ], [ 123.992029146242189, 10.445008542117797 ], [ 123.992120106663876, 10.444882088926407 ], [ 123.99230378563, 10.445188555529109 ], [ 123.99349142647489, 10.445184895462454 ], [ 123.993551712976696, 10.44506390133618 ], [ 123.993490288074085, 10.444823180791539 ], [ 123.992942146834423, 10.444824870541591 ], [ 123.992846754506729, 10.444947992848229 ], [ 123.992628309754679, 10.444835617927058 ], [ 123.992758579927511, 10.444554147513651 ], [ 123.992410860594489, 10.444684703441375 ], [ 123.992210439037237, 10.444555835964044 ], [ 123.992209586396683, 10.444284549845293 ], [ 123.991570373152697, 10.444376947186614 ], [ 123.991477596390709, 10.4439250846762 ], [ 123.991660025664174, 10.443834093692814 ], [ 123.991658321482745, 10.443291521335563 ], [ 123.991383116312107, 10.442930649686911 ], [ 123.990925766826862, 10.442751197107672 ], [ 123.990652265258234, 10.442932897247857 ], [ 123.990563178509447, 10.443656608138181 ], [ 123.990106962620047, 10.443838869519704 ], [ 123.990107529803836, 10.444019727053234 ], [ 123.989742102884165, 10.444020849699681 ], [ 123.988830234798499, 10.444566227285012 ], [ 123.988464807098907, 10.444567348528054 ], [ 123.988336779475588, 10.444386881895564 ], [ 123.988555314555384, 10.444295781837031 ], [ 123.988554748253506, 10.444114924221497 ], [ 123.987969654054055, 10.443845429608924 ], [ 123.988415651879507, 10.443456953953655 ], [ 123.988644972369784, 10.443752928709056 ], [ 123.988738028246757, 10.444295221230538 ], [ 123.989284752467185, 10.443841394841137 ], [ 123.988824287322302, 10.442667222409005 ], [ 123.988487329855417, 10.442186435443539 ], [ 123.988182811758634, 10.442036182143804 ], [ 123.987545015137741, 10.442580715350864 ], [ 123.987219468628822, 10.443812970749969 ], [ 123.986180035617991, 10.444303060209002 ], [ 123.985267030738285, 10.444486712672031 ], [ 123.984902731169285, 10.44484954544833 ], [ 123.98484574300619, 10.445173884740518 ], [ 123.985323447071664, 10.445246913993888 ], [ 123.98554448934847, 10.445571021157072 ], [ 123.985818843647849, 10.445660611565302 ], [ 123.985819973270807, 10.446022327058969 ], [ 123.9860026881219, 10.446021767925691 ], [ 123.986092068176276, 10.445388486252885 ], [ 123.985884111024703, 10.445346236958718 ], [ 123.986118042343932, 10.445176351682697 ], [ 123.986365857321289, 10.445297218469644 ], [ 123.986593323139459, 10.444999843665025 ], [ 123.98663936366323, 10.445115521610781 ], [ 123.98704581728461, 10.444963255132789 ], [ 123.988284641078565, 10.445381768290769 ], [ 123.988649503332212, 10.4451997895686 ], [ 123.988648087334695, 10.444747645564197 ], [ 123.989927084766549, 10.4447437185823 ], [ 123.990067089035719, 10.444461810712887 ], [ 123.990747878162296, 10.444289047659639 ], [ 123.990745891716259, 10.443656046416868 ] ], [ [ 123.988145703386905, 10.444774575855334 ], [ 123.987551237667262, 10.444570149806234 ], [ 123.987066859930792, 10.444177659813672 ], [ 123.987292687801457, 10.444085136334051 ], [ 123.987550389066186, 10.444298863304281 ], [ 123.987687062049915, 10.444182625504951 ], [ 123.988281810152586, 10.444477480179289 ], [ 123.988145703386905, 10.444774575855334 ] ], [ [ 123.985727952514083, 10.445248127338129 ], [ 123.98559188325946, 10.445032150241087 ], [ 123.985907941636953, 10.444936901029536 ], [ 123.985727952514083, 10.445248127338129 ] ], [ [ 123.988323033073428, 10.442727994120252 ], [ 123.988489155294928, 10.443106192042004 ], [ 123.988359270603297, 10.44324651800039 ], [ 123.988156678916909, 10.442968211375913 ], [ 123.988323033073428, 10.442727994120252 ] ] ], [ [ [ 123.994727390121099, 10.446020336519773 ], [ 123.994772703696839, 10.445904377947901 ], [ 123.994681346549982, 10.445904660034339 ], [ 123.994727390121099, 10.446020336519773 ] ] ], [ [ [ 123.967455969557676, 10.445716269210207 ], [ 123.967273253870758, 10.445716817711661 ], [ 123.966908930224903, 10.446079631940012 ], [ 123.967365997080293, 10.446168690335407 ], [ 123.967639239531053, 10.445896579335619 ], [ 123.967547050279194, 10.445625565551321 ], [ 123.967455692466018, 10.445625839838815 ], [ 123.967455969557676, 10.445716269210207 ] ] ], [ [ [ 123.974947583160159, 10.445784119801145 ], [ 123.974998159899172, 10.446174652676181 ], [ 123.975313013767646, 10.445783013901503 ], [ 123.974947583160159, 10.445784119801145 ] ] ], [ [ [ 123.959965442832171, 10.446009960747917 ], [ 123.95978327633955, 10.446191364125022 ], [ 123.959903964195732, 10.446363277195392 ], [ 123.960240342262011, 10.446280432892181 ], [ 123.9603311503692, 10.446099301535039 ], [ 123.959965442832171, 10.446009960747917 ] ] ], [ [ [ 123.993037770953293, 10.446181019143777 ], [ 123.992817814025685, 10.445819978860293 ], [ 123.992944991330859, 10.445729157354217 ], [ 123.994043270405882, 10.44635877713854 ], [ 123.994408699579054, 10.446357649317491 ], [ 123.994429456624886, 10.445605061985459 ], [ 123.994223421446804, 10.445544355500539 ], [ 123.994087320194652, 10.445841453214868 ], [ 123.993035210539063, 10.445367161060597 ], [ 123.992395995511345, 10.445459560230548 ], [ 123.992708162067927, 10.446091605439586 ], [ 123.992398554285657, 10.446273418467324 ], [ 123.992399122931005, 10.446454275847598 ], [ 123.99276455239864, 10.446453149898508 ], [ 123.993037770953293, 10.446181019143777 ] ] ], [ [ [ 123.996417988316324, 10.446170581666218 ], [ 123.996417131890198, 10.445899295922478 ], [ 123.996141919036106, 10.445538429152389 ], [ 123.995867562721756, 10.445448847879788 ], [ 123.995591780487658, 10.444907123310912 ], [ 123.995226068043053, 10.444817823709284 ], [ 123.995134141091043, 10.444637248648224 ], [ 123.994768714008671, 10.444638377114368 ], [ 123.993856569628235, 10.445093339742575 ], [ 123.993857139050348, 10.445274197055863 ], [ 123.994131209999324, 10.445273351476656 ], [ 123.994678212042132, 10.444909945074526 ], [ 123.994952282603407, 10.444909098819871 ], [ 123.995593776985999, 10.44554012357087 ], [ 123.995776491013174, 10.445539558869262 ], [ 123.995986140013642, 10.445945843439095 ], [ 123.995686845546118, 10.446082412849282 ], [ 123.99568627502056, 10.445901555645959 ], [ 123.995503275570812, 10.445811691707977 ], [ 123.995596344101671, 10.446353981010798 ], [ 123.996053415718535, 10.446442997536614 ], [ 123.996417988316324, 10.446170581666218 ] ] ], [ [ [ 124.000254987443867, 10.446158690355396 ], [ 124.000069408081558, 10.445254972833624 ], [ 124.000157899664728, 10.444350404376319 ], [ 123.999333686850434, 10.44371995612272 ], [ 123.998694192124304, 10.443721938902391 ], [ 123.998421266893786, 10.444084502424493 ], [ 123.998992773627663, 10.44421540562384 ], [ 123.999244620366639, 10.444443667567894 ], [ 123.999338553533789, 10.445257240779448 ], [ 123.999612910387484, 10.445346818992766 ], [ 123.999658222011888, 10.445230859898988 ], [ 123.999905363842728, 10.445796170667661 ], [ 123.9990111823669, 10.445492608677036 ], [ 123.998972267631487, 10.444987088577921 ], [ 123.998056126719277, 10.444176063140031 ], [ 123.997966771325082, 10.444809345949279 ], [ 123.998241985415646, 10.44517021102644 ], [ 123.998243701333749, 10.445712782231212 ], [ 123.998610273704045, 10.44607336375714 ], [ 123.998884344955542, 10.44607251403251 ], [ 123.999524989969061, 10.44643224440329 ], [ 124.000254987443867, 10.446158690355396 ] ] ], [ [ [ 124.001530542812233, 10.445069575034726 ], [ 124.001384313668339, 10.444998189493774 ], [ 124.001256759510298, 10.445160855402198 ], [ 124.001350124454078, 10.445793570589162 ], [ 124.001076453839858, 10.445920593943972 ], [ 124.000673374600467, 10.445433956092488 ], [ 124.000800262460501, 10.445252703215132 ], [ 124.000558237871076, 10.444818285761624 ], [ 124.00043454867874, 10.445163409758727 ], [ 124.000529345300961, 10.446248267678254 ], [ 124.00098699111247, 10.446518133928558 ], [ 124.001534560039985, 10.446335573215798 ], [ 124.001530542812233, 10.445069575034726 ] ] ], [ [ [ 123.986825187525923, 10.446109679376779 ], [ 123.986784139125533, 10.445691115096016 ], [ 123.986458910017845, 10.445839511924204 ], [ 123.986368400363631, 10.446111078202629 ], [ 123.986399843575441, 10.44635189236204 ], [ 123.98682688379688, 10.446652252434045 ], [ 123.986825187525923, 10.446109679376779 ] ] ], [ [ [ 123.968555037690848, 10.446617269397459 ], [ 123.968645008486675, 10.44616484809227 ], [ 123.969466674472031, 10.445981516743101 ], [ 123.969648279277507, 10.445619249725134 ], [ 123.968552540875564, 10.445803405347373 ], [ 123.968187941440448, 10.446075791560867 ], [ 123.968188496074447, 10.446256650258787 ], [ 123.967340067989284, 10.446485273884354 ], [ 123.968281518173924, 10.44679895181174 ], [ 123.968555037690848, 10.446617269397459 ] ] ], [ [ [ 123.965124959548191, 10.445336071240312 ], [ 123.965171193450558, 10.445451829664638 ], [ 123.965627705990144, 10.445360031835637 ], [ 123.965626046708081, 10.444817455293773 ], [ 123.965351144443929, 10.444546988065307 ], [ 123.96480272276726, 10.444458200009542 ], [ 123.964712470301706, 10.444820191283734 ], [ 123.964257338908624, 10.445364135060199 ], [ 123.96425816739584, 10.445635423434048 ], [ 123.96508149406236, 10.445994679875804 ], [ 123.965357227015787, 10.446536435490001 ], [ 123.965996733914125, 10.446534518965864 ], [ 123.966363273588044, 10.446895140813359 ], [ 123.966823205600193, 10.446823289104808 ], [ 123.966727321884278, 10.44644189769782 ], [ 123.9663616127783, 10.446352564441398 ], [ 123.966086431759095, 10.445991668643774 ], [ 123.965355015028734, 10.445813000091718 ], [ 123.965061904736316, 10.445500131809725 ], [ 123.965124959548191, 10.445336071240312 ] ], [ [ 123.964881021732864, 10.444881482191679 ], [ 123.965022779505787, 10.445010068800572 ], [ 123.964850689640599, 10.445206887957587 ], [ 123.964881021732864, 10.444881482191679 ] ] ], [ [ [ 123.99020682893773, 10.446551451508945 ], [ 123.990116322489968, 10.446823018559137 ], [ 123.990207680031872, 10.446822737754522 ], [ 123.99020682893773, 10.446551451508945 ] ] ], [ [ [ 123.989383477874441, 10.446192262650255 ], [ 123.989506852546128, 10.445756922894352 ], [ 123.989839697587342, 10.446010001975257 ], [ 123.990935985159993, 10.446006631806416 ], [ 123.991158660298368, 10.445683239415215 ], [ 123.991757348221981, 10.445732815578102 ], [ 123.992306344095894, 10.446002413802397 ], [ 123.992213565587704, 10.445550551693081 ], [ 123.991847000571738, 10.445189962070939 ], [ 123.991710328895977, 10.445306201542957 ], [ 123.991664286530096, 10.445190524504708 ], [ 123.991024787301853, 10.445192492199668 ], [ 123.990742573502487, 10.445498394510736 ], [ 123.990384720535204, 10.445013601108862 ], [ 123.990111216753434, 10.445195300970903 ], [ 123.98901464843992, 10.4451082392566 ], [ 123.988559562151963, 10.445652213887874 ], [ 123.988376847658031, 10.445652774464874 ], [ 123.988377413943027, 10.445833632072855 ], [ 123.987829553069744, 10.445925742024816 ], [ 123.987828421133514, 10.445564026748809 ], [ 123.987553500718178, 10.445293580455395 ], [ 123.986822925977179, 10.445386248604917 ], [ 123.987189768791538, 10.445837273340002 ], [ 123.987283954539151, 10.446741281708382 ], [ 123.987467235548877, 10.446921579344325 ], [ 123.988380811872048, 10.446918777677586 ], [ 123.989383477874441, 10.446192262650255 ] ] ], [ [ [ 124.001989335816575, 10.445701153668152 ], [ 124.00190056249204, 10.446515293675779 ], [ 124.002358496929006, 10.446875586221211 ], [ 124.003102354507973, 10.446811707521068 ], [ 124.002870189392226, 10.446285132293832 ], [ 124.001989335816575, 10.445701153668152 ] ] ], [ [ [ 123.980125858678733, 10.44284370047278 ], [ 123.980205722447792, 10.442764154806591 ], [ 123.980545247883612, 10.442998469327279 ], [ 123.980402234243428, 10.442293480597382 ], [ 123.980623378862802, 10.442396638834225 ], [ 123.98097307157586, 10.44307225333662 ], [ 123.98124254302968, 10.442961685221519 ], [ 123.981057301261117, 10.442148380272952 ], [ 123.980386119923523, 10.441260330495931 ], [ 123.980516008798176, 10.44112000750996 ], [ 123.980872060642341, 10.441335075088762 ], [ 123.980962574218196, 10.441063509980172 ], [ 123.980845426991451, 10.441018651520697 ], [ 123.981007611656324, 10.440857123893213 ], [ 123.981236361601106, 10.440972246781183 ], [ 123.981463267873465, 10.440494017351657 ], [ 123.981783935829796, 10.440789719720966 ], [ 123.982149359854262, 10.440788606526613 ], [ 123.982425396893063, 10.441420774304875 ], [ 123.983250136346712, 10.442232127922217 ], [ 123.98407262557194, 10.442320047467859 ], [ 123.98411461246296, 10.441835912297282 ], [ 123.984345003501204, 10.441776636915169 ], [ 123.984509242983023, 10.441216998321661 ], [ 123.98507275055529, 10.440779685923738 ], [ 123.985071058309131, 10.440237112381013 ], [ 123.98438858503107, 10.439313218941347 ], [ 123.984304892997386, 10.438320567924086 ], [ 123.984608641973892, 10.438429929054887 ], [ 123.984515595837394, 10.437887634320422 ], [ 123.984696333053478, 10.437254073713873 ], [ 123.985606214760566, 10.436075706456748 ], [ 123.98596768263215, 10.434808584404129 ], [ 123.985329049395872, 10.435081825592567 ], [ 123.985329895299884, 10.435353112431971 ], [ 123.985147750484359, 10.435534528511326 ], [ 123.985275772984949, 10.435714997018119 ], [ 123.984693514764871, 10.43634978416498 ], [ 123.984054877159366, 10.436623023169414 ], [ 123.98396436727495, 10.43689458886648 ], [ 123.984463772112989, 10.437050510912021 ], [ 123.984239840236611, 10.437345897277817 ], [ 123.983874813380439, 10.437473184759327 ], [ 123.983600074076961, 10.437257419655632 ], [ 123.983326290721806, 10.437348684542854 ], [ 123.983329105338697, 10.43825297440851 ], [ 123.983725344412761, 10.437683090966337 ], [ 123.983818808547198, 10.437906628465402 ], [ 123.98369368150226, 10.437980572791915 ], [ 123.983695934164743, 10.438704004580083 ], [ 123.983513897830804, 10.43892116324395 ], [ 123.983422149618832, 10.438795269654356 ], [ 123.983148364893765, 10.438886534507992 ], [ 123.983055602438284, 10.438434668135262 ], [ 123.983141892458733, 10.436806667708492 ], [ 123.982956932293021, 10.436083792679851 ], [ 123.982408804613243, 10.436085462949677 ], [ 123.982226657562705, 10.436266877548743 ], [ 123.98175998702574, 10.436188325570956 ], [ 123.980894644079243, 10.437004828042278 ], [ 123.980483827482743, 10.437096507357563 ], [ 123.980302099542683, 10.437413564610107 ], [ 123.980440815884876, 10.437955722376323 ], [ 123.98025908748086, 10.438272779637073 ], [ 123.980306448795048, 10.438815215149978 ], [ 123.979861003076905, 10.439359148798324 ], [ 123.97986237318861, 10.439800837399202 ], [ 123.978769466275565, 10.440889316718645 ], [ 123.978312965727298, 10.440981132430821 ], [ 123.978039737305352, 10.441253251423891 ], [ 123.977768468178112, 10.442158374026434 ], [ 123.977404721343063, 10.442702057082229 ], [ 123.976765783859236, 10.442884854025447 ], [ 123.976246298487965, 10.443649265458422 ], [ 123.976272698425646, 10.443468601471881 ], [ 123.975762815311924, 10.443520902105131 ], [ 123.97576896348518, 10.445510343495835 ], [ 123.976133554905502, 10.445237949266819 ], [ 123.976132156994439, 10.444785803559773 ], [ 123.976487593534245, 10.44464284478804 ], [ 123.977042652114633, 10.443788314571355 ], [ 123.977589674310778, 10.44342493584503 ], [ 123.977908149634658, 10.442701479348823 ], [ 123.978408804256574, 10.442427720733823 ], [ 123.978772829225562, 10.441974465799314 ], [ 123.979160001139178, 10.441837380039479 ], [ 123.979591951748048, 10.440977248250919 ], [ 123.980594622976795, 10.440250760442062 ], [ 123.980956395728384, 10.439074071137865 ], [ 123.980772280893277, 10.438622481762698 ], [ 123.980569166105028, 10.438501716837791 ], [ 123.980649028745134, 10.438422171150679 ], [ 123.981138825926209, 10.438983086118233 ], [ 123.981139668524293, 10.43925437323446 ], [ 123.981413735255074, 10.439253539053112 ], [ 123.981285151390878, 10.438892210895114 ], [ 123.98141120681835, 10.438439677757611 ], [ 123.980953868525717, 10.438260209721378 ], [ 123.980770035006287, 10.437899049334227 ], [ 123.981501719307843, 10.438168112566936 ], [ 123.981686677870343, 10.438890988540285 ], [ 123.981869107715212, 10.438800003131515 ], [ 123.981775223015731, 10.437986420106995 ], [ 123.981189923726504, 10.437439153621332 ], [ 123.981397836567325, 10.437315162234723 ], [ 123.981774379972379, 10.437715133021289 ], [ 123.98223115551049, 10.437713741885373 ], [ 123.982140924893173, 10.438075736238288 ], [ 123.982403779654945, 10.439184633074486 ], [ 123.982144579756437, 10.439251313420193 ], [ 123.981826319595868, 10.439729821436689 ], [ 123.98114023026929, 10.439435231309346 ], [ 123.980776211594304, 10.439888488433139 ], [ 123.980686540400242, 10.440431340625555 ], [ 123.979865739566819, 10.440885986197296 ], [ 123.979684710389549, 10.441429115946416 ], [ 123.979869106317608, 10.441971134921165 ], [ 123.979412324241153, 10.441972523244299 ], [ 123.979413165591112, 10.442243810450847 ], [ 123.979231013391384, 10.442425223757098 ], [ 123.978683434492297, 10.442607746816099 ], [ 123.978686908501132, 10.443728639138961 ], [ 123.978595160513194, 10.443602744150828 ], [ 123.978184413136162, 10.443719810346629 ], [ 123.977864305069104, 10.44360496258437 ], [ 123.977317003045542, 10.443877912661479 ], [ 123.977135688203575, 10.444330612306709 ], [ 123.976770818992705, 10.444512578394116 ], [ 123.976772217789147, 10.444964724022419 ], [ 123.976991877385686, 10.44523534801133 ], [ 123.976316549473253, 10.445327824854266 ], [ 123.975769242977208, 10.445600772644026 ], [ 123.975770081468795, 10.445872060085508 ], [ 123.97635439142789, 10.445913672781046 ], [ 123.976683378178578, 10.445778863053247 ], [ 123.976640072552229, 10.445879881146585 ], [ 123.977177875519075, 10.446319943508454 ], [ 123.977423575217628, 10.446374447495957 ], [ 123.977228808685339, 10.446713455164328 ], [ 123.977824611567328, 10.446932302245141 ], [ 123.977601434886381, 10.447222958047535 ], [ 123.97714464483019, 10.447224343821786 ], [ 123.976870850623428, 10.447315604081396 ], [ 123.976932603527786, 10.447435519114075 ], [ 123.977602275101702, 10.447494245312914 ], [ 123.977875508889127, 10.447222126269278 ], [ 123.978332298842034, 10.447220739449364 ], [ 123.978696328865993, 10.44676748421878 ], [ 123.979244195340868, 10.446675389571608 ], [ 123.979700142339908, 10.446402713756978 ], [ 123.981344861787292, 10.44648813812973 ], [ 123.981252660799484, 10.446217129403768 ], [ 123.979608223384787, 10.446222133463237 ], [ 123.979605136716103, 10.44522741398729 ], [ 123.979422141439017, 10.445137540365263 ], [ 123.979421580370897, 10.444956682261086 ], [ 123.978873436566801, 10.44495834787714 ], [ 123.978638045517712, 10.445106497194141 ], [ 123.978561604947075, 10.444815371005303 ], [ 123.978195401901203, 10.444566740815668 ], [ 123.979329381573194, 10.444685672761528 ], [ 123.980423702347281, 10.444049335908847 ], [ 123.980697773337042, 10.444048501959942 ], [ 123.980697211591774, 10.443867643912796 ], [ 123.980065482586014, 10.443817308058492 ], [ 123.979374314961618, 10.443350039182109 ], [ 123.979895909804341, 10.443395434837463 ], [ 123.980238181038587, 10.443145601363812 ], [ 123.980125858678733, 10.44284370047278 ] ], [ [ 123.975857525995679, 10.444605775346703 ], [ 123.975856687533067, 10.44433448789095 ], [ 123.975993365342759, 10.444218254702101 ], [ 123.976130759147836, 10.444333657839833 ], [ 123.976132156994439, 10.444785803559773 ], [ 123.975857525995679, 10.444605775346703 ] ], [ [ 123.978368207291183, 10.445345986712434 ], [ 123.978207510724161, 10.445268308781483 ], [ 123.978417490726841, 10.445231022409031 ], [ 123.978368207291183, 10.445345986712434 ] ], [ [ 123.977663581602101, 10.445830102002015 ], [ 123.978054022169133, 10.445865135408791 ], [ 123.978922314752666, 10.44549823996473 ], [ 123.979002270666243, 10.445811543333086 ], [ 123.97860272834167, 10.446044329194015 ], [ 123.978054582496739, 10.446045993576972 ], [ 123.977663581602101, 10.445830102002015 ] ], [ [ 123.982124807889591, 10.440366237444696 ], [ 123.982330665598141, 10.440335904781694 ], [ 123.982308199433518, 10.440584257950867 ], [ 123.982178793226481, 10.440717736053024 ], [ 123.982124807889591, 10.440366237444696 ] ], [ [ 123.982694682316719, 10.439882646055885 ], [ 123.982376141239357, 10.440270725585702 ], [ 123.982212674888785, 10.44001975980413 ], [ 123.982420333884477, 10.439793052386676 ], [ 123.982419208885574, 10.439431336382198 ], [ 123.982510001944917, 10.439250199976829 ], [ 123.983149772126595, 10.439338679428339 ], [ 123.983377518922808, 10.439131735901313 ], [ 123.983514912749087, 10.439247135852618 ], [ 123.983608802607947, 10.440060717855939 ], [ 123.984286088356896, 10.440601229412225 ], [ 123.98411359238554, 10.440808004932361 ], [ 123.98397591589503, 10.440602176379514 ], [ 123.983438063414667, 10.440712461589648 ], [ 123.983298467638392, 10.440397531078858 ], [ 123.983609084215004, 10.440151146821893 ], [ 123.98315230530919, 10.440152540252456 ], [ 123.983100987890353, 10.44109065240778 ], [ 123.982788007641958, 10.440515370474925 ], [ 123.982694682316719, 10.439882646055885 ] ], [ [ 123.983683319980798, 10.440742897843046 ], [ 123.984253276464955, 10.441207304225605 ], [ 123.984183228954649, 10.44152113026305 ], [ 123.983738831543775, 10.441635468975798 ], [ 123.98378277089688, 10.441826714461419 ], [ 123.983428191037845, 10.441906801210795 ], [ 123.983487499305724, 10.441641093037848 ], [ 123.983247883929664, 10.441508696195378 ], [ 123.983247039316097, 10.441237409289309 ], [ 123.983292356774001, 10.441121451986437 ], [ 123.983665689162706, 10.44148039842465 ], [ 123.983703538127898, 10.441145586621552 ], [ 123.98357281666344, 10.441038776745577 ], [ 123.983683319980798, 10.440742897843046 ] ], [ [ 123.981470542381956, 10.439911024945971 ], [ 123.981387917872667, 10.439756059861701 ], [ 123.981506495736511, 10.439705406074133 ], [ 123.981470542381956, 10.439911024945971 ] ], [ [ 123.976528124430885, 10.444058448467498 ], [ 123.976191420373098, 10.444186271461827 ], [ 123.976095572088795, 10.443950419400446 ], [ 123.976403152933386, 10.443790252717022 ], [ 123.976528124430885, 10.444058448467498 ] ], [ [ 123.982130888188749, 10.436867437316112 ], [ 123.98217642081903, 10.436599188168419 ], [ 123.982538111730705, 10.43660592388016 ], [ 123.982548727507222, 10.437014724624442 ], [ 123.982130888188749, 10.436867437316112 ] ] ], [ [ [ 123.9555722429985, 10.447165507965765 ], [ 123.955401911391206, 10.447470410100426 ], [ 123.955483602438449, 10.447595889666818 ], [ 123.955711710843516, 10.447492584746932 ], [ 123.9555722429985, 10.447165507965765 ] ] ], [ [ [ 123.995142409079506, 10.447259678542036 ], [ 123.995030938856146, 10.447051776758054 ], [ 123.994813565995244, 10.447149247014162 ], [ 123.994318481819533, 10.44671964585727 ], [ 123.994044694428595, 10.446810920356606 ], [ 123.993955045752188, 10.447353774118854 ], [ 123.994229973166256, 10.447624214187972 ], [ 123.994778119097106, 10.447622521774544 ], [ 123.995142409079506, 10.447259678542036 ] ], [ [ 123.994228436160981, 10.447136327863833 ], [ 123.994528699876028, 10.447306788710872 ], [ 123.994137760930272, 10.447353210257548 ], [ 123.994228436160981, 10.447136327863833 ] ] ], [ [ [ 123.988473868753942, 10.447461070126652 ], [ 123.988355290133384, 10.44751172664186 ], [ 123.98843791963715, 10.447666689348637 ], [ 123.988473868753942, 10.447461070126652 ] ] ], [ [ [ 123.982993242470656, 10.447749130204334 ], [ 123.98253532636798, 10.447388807951862 ], [ 123.982719168427423, 10.447749966419108 ], [ 123.982993242470656, 10.447749130204334 ] ] ], [ [ [ 123.983450032490794, 10.447747735990214 ], [ 123.98345031426588, 10.447838164917302 ], [ 123.983541672288496, 10.447837885993559 ], [ 123.983450032490794, 10.447747735990214 ] ] ], [ [ [ 123.985550700989762, 10.447560456446087 ], [ 123.986920786199988, 10.447465832104026 ], [ 123.986919937903139, 10.447194545599158 ], [ 123.986737222417531, 10.4471951053201 ], [ 123.986478773571903, 10.446868850822183 ], [ 123.986096588060462, 10.446835348083081 ], [ 123.985914437665969, 10.447016765043013 ], [ 123.98527521587215, 10.447109150442529 ], [ 123.985182729101751, 10.446747714304319 ], [ 123.984908656117128, 10.446748552319121 ], [ 123.984765216545455, 10.447047336158606 ], [ 123.984815887776506, 10.446296687120215 ], [ 123.984998320663536, 10.446205699653488 ], [ 123.985028936274389, 10.445769971293219 ], [ 123.985454261233215, 10.445933016129237 ], [ 123.985453696633002, 10.445752158362476 ], [ 123.984996063318974, 10.44548226848663 ], [ 123.984754713967234, 10.445622348873608 ], [ 123.984793810084852, 10.446239518484081 ], [ 123.984265204890406, 10.445484501972683 ], [ 123.984120244076962, 10.446037980295849 ], [ 123.984349060749778, 10.446172925946163 ], [ 123.984533609102314, 10.446760155529676 ], [ 123.98408982036986, 10.447836211902093 ], [ 123.985185833975066, 10.447742432015975 ], [ 123.985550700989762, 10.447560456446087 ] ] ], [ [ [ 123.993254827886716, 10.447155249336319 ], [ 123.993335188196937, 10.447234304002581 ], [ 123.993224754118543, 10.447536885841062 ], [ 123.993407469444222, 10.447536322387975 ], [ 123.993680403528188, 10.447173762415119 ], [ 123.993679549392084, 10.446902476461821 ], [ 123.993222477447091, 10.446813456537949 ], [ 123.992995017218561, 10.447110835577083 ], [ 123.992582406431538, 10.446634570293513 ], [ 123.99212590355269, 10.446726406124103 ], [ 123.991987335894294, 10.446927926063692 ], [ 123.991733537617918, 10.446868336501607 ], [ 123.99185154698975, 10.446636821395405 ], [ 123.991723800711142, 10.446546785109577 ], [ 123.991941483469489, 10.446184396586983 ], [ 123.991580826979515, 10.446223126996207 ], [ 123.99139504379491, 10.446728656200488 ], [ 123.990846898866621, 10.446730342659906 ], [ 123.990756960691101, 10.447182767304701 ], [ 123.990941663477017, 10.447815206350159 ], [ 123.991124379092184, 10.447814644189116 ], [ 123.991122675170232, 10.447272071877759 ], [ 123.991305106427376, 10.447181080926891 ], [ 123.992401113272194, 10.447087276662318 ], [ 123.992721930109369, 10.447425001562531 ], [ 123.992949430616363, 10.4471402729787 ], [ 123.993223900347061, 10.447265599856262 ], [ 123.993254827886716, 10.447155249336319 ] ] ], [ [ [ 123.982993805759179, 10.447929988082898 ], [ 123.983085163821187, 10.447929709287385 ], [ 123.983084882149257, 10.44783928035084 ], [ 123.982993805759179, 10.447929988082898 ] ] ], [ [ [ 123.997337846950288, 10.448157182674333 ], [ 123.997338418558172, 10.448338039761097 ], [ 123.997429776341733, 10.448337756848533 ], [ 123.997337846950288, 10.448157182674333 ] ] ], [ [ [ 123.998798139239824, 10.447700510493032 ], [ 123.998248563616954, 10.447250067210469 ], [ 123.997883133829333, 10.44725119952383 ], [ 123.997516274893528, 10.44680018869242 ], [ 123.996876773514373, 10.446802168414111 ], [ 123.996421414257441, 10.447255724594658 ], [ 123.996787986700767, 10.447616308206975 ], [ 123.997168609644902, 10.447326389499818 ], [ 123.997336132189858, 10.447614611401686 ], [ 123.997610490764913, 10.447704191185311 ], [ 123.997611062504916, 10.447885048262082 ], [ 123.997884736452193, 10.447758027604804 ], [ 123.998124749510055, 10.448276469268931 ], [ 123.99830207090001, 10.447978270953559 ], [ 123.99846773982064, 10.448026515552545 ], [ 123.997978208980783, 10.448426487349062 ], [ 123.997521134122707, 10.448337473909827 ], [ 123.997613349570358, 10.44860847654852 ], [ 123.998435284039658, 10.448515500108941 ], [ 123.998670083531977, 10.448662172471488 ], [ 123.998800715243021, 10.448514367026728 ], [ 123.998798139239824, 10.447700510493032 ] ] ], [ [ [ 123.994760377153142, 10.448139422207085 ], [ 123.994054857930479, 10.448090314330567 ], [ 123.994111651513407, 10.447939758033895 ], [ 123.993864542493142, 10.447625341940745 ], [ 123.993499111778121, 10.447626469275237 ], [ 123.993316965656987, 10.447807890100163 ], [ 123.993499965818728, 10.447897755231205 ], [ 123.993590926336893, 10.447771301620319 ], [ 123.994141464244692, 10.448528782491234 ], [ 123.994415538022125, 10.448527936405121 ], [ 123.994416107960618, 10.448708793649006 ], [ 123.99464654168311, 10.448649499406327 ], [ 123.994760377153142, 10.448139422207085 ] ] ], [ [ [ 123.996514199469758, 10.447707584826118 ], [ 123.995553869473468, 10.448193080528345 ], [ 123.995327120558642, 10.447892114225027 ], [ 123.995053617686168, 10.448073818258475 ], [ 123.994718365679802, 10.448739596692937 ], [ 123.994782109998795, 10.448888522369705 ], [ 123.995788736303382, 10.448638518807311 ], [ 123.996060551079793, 10.448703712100388 ], [ 123.996516198387368, 10.448340584797675 ], [ 123.996514199469758, 10.447707584826118 ] ] ], [ [ [ 123.962623927019564, 10.448986230858404 ], [ 123.962623099676108, 10.448714942410181 ], [ 123.962075606732512, 10.44893318226134 ], [ 123.961892504382149, 10.448807554851639 ], [ 123.961943750681783, 10.449100781568214 ], [ 123.962350401644414, 10.449167908655978 ], [ 123.962623927019564, 10.448986230858404 ] ] ], [ [ [ 123.961529548053889, 10.449622511292302 ], [ 123.96165755731937, 10.449056034455779 ], [ 123.961345728053132, 10.449261338551119 ], [ 123.961346278903733, 10.449442197579089 ], [ 123.96088975869722, 10.449533989904314 ], [ 123.96077304853911, 10.449768163146182 ], [ 123.961164662230303, 10.449804460846703 ], [ 123.961529548053889, 10.449622511292302 ] ] ], [ [ [ 123.991311639794546, 10.449260941249429 ], [ 123.991128923344647, 10.449261503595292 ], [ 123.991038985199964, 10.449713928278873 ], [ 123.991221985996802, 10.449803794663662 ], [ 123.991311639794546, 10.449260941249429 ] ] ], [ [ [ 123.991678209464709, 10.449621531014662 ], [ 123.991768430873478, 10.449259534927227 ], [ 123.991585714449755, 10.449260097534541 ], [ 123.991586566967896, 10.449531383620869 ], [ 123.991332014603728, 10.449767116373273 ], [ 123.991678209464709, 10.449621531014662 ] ] ] ] } }