{
"type": "FeatureCollection",
"name": "Cebu_StormSurge_SSA4",
"crs": { "type": "name", "properties": { "name": "urn:ogc:def:crs:OGC:1.3:CRS84" } },
"features": [
{ "type": "Feature", "properties": { "HAZ": 1.0 }, "geometry": { "type": "MultiPolygon", "coordinates": [ [ [ [ 124.006307621543556, 10.45 ], [ 124.006306888166648, 10.449772148374759 ], [ 124.006032811497548, 10.449773012542519 ], [ 124.00603354189407, 10.45 ], [ 124.006307621543556, 10.45 ] ] ], [ [ [ 124.007129860361999, 10.45 ], [ 124.007129118030136, 10.449769554459898 ], [ 124.006855041432885, 10.449770419333493 ], [ 124.006855780777542, 10.45 ], [ 124.007129860361999, 10.45 ] ] ], [ [ [ 123.95600192325611, 10.350081194364591 ], [ 123.955727929383897, 10.350082007589812 ], [ 123.955728750597572, 10.350353301043558 ], [ 123.956002744705145, 10.350352487796489 ], [ 123.95600192325611, 10.350081194364591 ] ] ], [ [ [ 123.957920702822008, 10.350346788542709 ], [ 123.957646708873497, 10.350347603420918 ], [ 123.957647531757388, 10.350618896717457 ], [ 123.957921525941174, 10.350618081817487 ], [ 123.957920702822008, 10.350346788542709 ] ] ], [ [ [ 123.957098720908363, 10.350349232478251 ], [ 123.956824726891639, 10.350350046657375 ], [ 123.95682554906935, 10.350621340019284 ], [ 123.957099543321434, 10.3506205258184 ], [ 123.957098720908363, 10.350349232478251 ] ] ], [ [ [ 123.97173965796361, 10.350486250733482 ], [ 123.970643686026236, 10.350489555916187 ], [ 123.97064452008874, 10.350760848168139 ], [ 123.971740492967413, 10.350757542896972 ], [ 123.97173965796361, 10.350486250733482 ] ] ], [ [ [ 123.970097367125888, 10.351033791697073 ], [ 123.970096533511025, 10.350762499405509 ], [ 123.969822540187621, 10.350763324674695 ], [ 123.969823373567024, 10.351034616988287 ], [ 123.970097367125888, 10.351033791697073 ] ] ], [ [ [ 123.969823373567024, 10.351034616988287 ], [ 123.969549379985253, 10.35103544204653 ], [ 123.969550213152388, 10.351306734377619 ], [ 123.969824206969534, 10.351305909297349 ], [ 123.969823373567024, 10.351034616988287 ] ] ], [ [ [ 123.976948877656554, 10.351555667138957 ], [ 123.976948038111402, 10.351284375410941 ], [ 123.976400051656, 10.35128603745682 ], [ 123.976400890730318, 10.351557329229333 ], [ 123.976948877656554, 10.351555667138957 ] ] ], [ [ [ 123.972564143873299, 10.351297645676983 ], [ 123.97229015028681, 10.351298473087745 ], [ 123.972290985830625, 10.351569765193148 ], [ 123.972564979652475, 10.351568937760181 ], [ 123.972564143873299, 10.351297645676983 ] ] ], [ [ [ 123.969825040395122, 10.351577201601703 ], [ 123.970099034424635, 10.351576376266348 ], [ 123.970098200763672, 10.35130508398402 ], [ 123.969824206969534, 10.351305909297349 ], [ 123.969825040395122, 10.351577201601703 ] ] ], [ [ [ 123.958197990302367, 10.351431146415447 ], [ 123.957923995435209, 10.351431961613933 ], [ 123.957924818645424, 10.351703254870237 ], [ 123.958198813747941, 10.351702439649902 ], [ 123.958197990302367, 10.351431146415447 ] ] ], [ [ [ 123.973660954708961, 10.351565625698179 ], [ 123.973386960979568, 10.351566454063288 ], [ 123.97338779748803, 10.351837746075343 ], [ 123.973661791452784, 10.351836917688029 ], [ 123.973660954708961, 10.351565625698179 ] ] ], [ [ [ 123.973662628219714, 10.35210820967335 ], [ 123.974484610681543, 10.352105723046712 ], [ 123.974483773208433, 10.351834431127916 ], [ 123.973661791452784, 10.351836917688029 ], [ 123.973662628219714, 10.35210820967335 ] ] ], [ [ [ 123.957650823520083, 10.351704069857515 ], [ 123.957376828372091, 10.351704884611735 ], [ 123.957378473919164, 10.352247471197529 ], [ 123.957652469537976, 10.352246656399789 ], [ 123.957650823520083, 10.351704069857515 ] ] ], [ [ [ 123.982705268370424, 10.352352032658974 ], [ 123.982431274701511, 10.352352868781789 ], [ 123.98243211904726, 10.35262416004511 ], [ 123.982706112951547, 10.352623323899824 ], [ 123.982705268370424, 10.352352032658974 ] ] ], [ [ [ 123.98215728100925, 10.352353704671636 ], [ 123.981883287293627, 10.352354540328424 ], [ 123.981884131168542, 10.35262583163642 ], [ 123.98215812511954, 10.352624995957338 ], [ 123.98215728100925, 10.352353704671636 ] ] ], [ [ [ 123.957926465134051, 10.352245841368902 ], [ 123.957652469537976, 10.352246656399789 ], [ 123.957654115646832, 10.3527892429235 ], [ 123.957928111713727, 10.352788427849003 ], [ 123.957926465134051, 10.352245841368902 ] ] ], [ [ [ 123.982706957556019, 10.352894615136144 ], [ 123.982980951672388, 10.352893778735417 ], [ 123.982980106832542, 10.352622487521479 ], [ 123.982706112951547, 10.352623323899824 ], [ 123.982706957556019, 10.352894615136144 ] ] ], [ [ [ 123.970374696292808, 10.352118135204325 ], [ 123.970100701815568, 10.352118960817059 ], [ 123.970103203074771, 10.352932837608353 ], [ 123.970377198258205, 10.35293201192945 ], [ 123.970374696292808, 10.352118135204325 ] ] ], [ [ [ 123.976126897232476, 10.351558159924934 ], [ 123.976127736094611, 10.351829451715034 ], [ 123.97557974855863, 10.35183111245156 ], [ 123.975580586973223, 10.352102404281538 ], [ 123.975854580988155, 10.352101574007555 ], [ 123.975857097077281, 10.3529154494029 ], [ 123.975583102356055, 10.352916279743585 ], [ 123.975583940863359, 10.353187571555001 ], [ 123.976405925663585, 10.353185079767158 ], [ 123.976400890730318, 10.351557329229333 ], [ 123.976126897232476, 10.351558159924934 ] ] ], [ [ [ 123.981063835583228, 10.353170920011568 ], [ 123.980789841068145, 10.353171754803093 ], [ 123.980790684071408, 10.353443046186584 ], [ 123.981064678821852, 10.353442211372766 ], [ 123.981063835583228, 10.353170920011568 ] ] ], [ [ [ 123.957930581753899, 10.353602307534427 ], [ 123.958204578504251, 10.353601492161413 ], [ 123.958202107757799, 10.352787612541359 ], [ 123.957928111713727, 10.352788427849003 ], [ 123.957930581753899, 10.353602307534427 ] ] ], [ [ [ 123.983256635985995, 10.353435524470711 ], [ 123.982982641422154, 10.353436361149349 ], [ 123.982983486332074, 10.353707652349254 ], [ 123.983257481131275, 10.353706815648323 ], [ 123.983256635985995, 10.353435524470711 ] ] ], [ [ [ 123.980516689297701, 10.353443880767344 ], [ 123.97996869968037, 10.353445549229601 ], [ 123.979969542000717, 10.353716840675443 ], [ 123.980517532088868, 10.353715172168599 ], [ 123.980516689297701, 10.353443880767344 ] ] ], [ [ [ 123.978872720166379, 10.353448883356887 ], [ 123.97969470483676, 10.35344638311101 ], [ 123.979693020736704, 10.352903800160796 ], [ 123.979419026340722, 10.352904633764471 ], [ 123.979418184561013, 10.352633342260098 ], [ 123.978048213408854, 10.352637506671226 ], [ 123.978047372829423, 10.352366215050768 ], [ 123.977773378764653, 10.352367047211509 ], [ 123.977776740280333, 10.353452213754711 ], [ 123.978598725229688, 10.353449716305974 ], [ 123.978599566372935, 10.353721007863371 ], [ 123.978873561545001, 10.35372017489199 ], [ 123.978872720166379, 10.353448883356887 ] ] ], [ [ [ 123.972297671012896, 10.353740101869302 ], [ 123.972023675284746, 10.353740929246225 ], [ 123.97202451080102, 10.354012221332088 ], [ 123.972298506764631, 10.354011393932961 ], [ 123.972297671012896, 10.353740101869302 ] ] ], [ [ [ 123.970927692141217, 10.353744236423069 ], [ 123.970653696297688, 10.353745062634523 ], [ 123.970654530636864, 10.354016354830964 ], [ 123.970928526715753, 10.354015528597394 ], [ 123.970927692141217, 10.353744236423069 ] ] ], [ [ [ 123.972846498622474, 10.354009738435533 ], [ 123.972572502705049, 10.354010566300776 ], [ 123.97257417474863, 10.354553150370005 ], [ 123.97284817113696, 10.354552322460442 ], [ 123.972846498622474, 10.354009738435533 ] ] ], [ [ [ 123.986822804451052, 10.354781080821407 ], [ 123.986548809014224, 10.354781920642598 ], [ 123.986549657101776, 10.35505321152791 ], [ 123.986823652773978, 10.355052371684248 ], [ 123.986822804451052, 10.354781080821407 ] ] ], [ [ [ 123.987371644048295, 10.355050691297663 ], [ 123.987097648422818, 10.355051531607529 ], [ 123.987098497004723, 10.355322822443281 ], [ 123.987372492865489, 10.355321982110944 ], [ 123.987371644048295, 10.355050691297663 ] ] ], [ [ [ 123.972028688728798, 10.355368681691857 ], [ 123.971754691564826, 10.355369508968504 ], [ 123.971755526984197, 10.355640801048683 ], [ 123.972029524383544, 10.35563997374992 ], [ 123.972028688728798, 10.355368681691857 ] ] ], [ [ [ 123.956839529569038, 10.355233326465008 ], [ 123.956565531292256, 10.355234140803294 ], [ 123.956567176017856, 10.355776727399569 ], [ 123.956841174765543, 10.355775913017762 ], [ 123.956839529569038, 10.355233326465008 ] ] ], [ [ [ 123.987921333828467, 10.355591591510461 ], [ 123.987373341706302, 10.355593272919517 ], [ 123.987374190570478, 10.355864563723561 ], [ 123.987922183163647, 10.355862882269474 ], [ 123.987921333828467, 10.355591591510461 ] ] ], [ [ [ 123.95656882083432, 10.356319313977369 ], [ 123.95656799841467, 10.356048020690778 ], [ 123.956293999408885, 10.356048834861287 ], [ 123.956294821592977, 10.356320128169639 ], [ 123.95656882083432, 10.356319313977369 ] ] ], [ [ [ 123.951910012230087, 10.35606182987906 ], [ 123.951636012838918, 10.356062640085806 ], [ 123.951636831019727, 10.356333933763551 ], [ 123.951910830646355, 10.356333123535133 ], [ 123.951910012230087, 10.35606182987906 ] ] ], [ [ [ 123.956020822328895, 10.356320942128761 ], [ 123.956021644300279, 10.356592235454254 ], [ 123.95629564379982, 10.356591421473372 ], [ 123.956294821592977, 10.356320128169639 ], [ 123.956020822328895, 10.356320942128761 ] ] ], [ [ [ 123.955747644777915, 10.35659304920199 ], [ 123.955748466536491, 10.356864342544625 ], [ 123.956022466294314, 10.356863528775218 ], [ 123.956021644300279, 10.356592235454254 ], [ 123.955747644777915, 10.35659304920199 ] ] ], [ [ [ 123.99176068672088, 10.356664957281215 ], [ 123.991486690058721, 10.356665801456611 ], [ 123.991487542549066, 10.356937091904051 ], [ 123.991761539446685, 10.356936247706006 ], [ 123.99176068672088, 10.356664957281215 ] ] ], [ [ [ 123.95547446675603, 10.356865156080886 ], [ 123.955200466952917, 10.356865969384 ], [ 123.95520128826314, 10.357137262765626 ], [ 123.955475288301798, 10.357136449440752 ], [ 123.95547446675603, 10.356865156080886 ] ] ], [ [ [ 123.954652467278478, 10.356867595290698 ], [ 123.954378467407238, 10.356868407894282 ], [ 123.954379288010998, 10.357139701341101 ], [ 123.954653288117697, 10.357138888715756 ], [ 123.954652467278478, 10.356867595290698 ] ] ], [ [ [ 123.95163928569788, 10.357147814768986 ], [ 123.9516384674492, 10.356876521105097 ], [ 123.951364467328929, 10.356877331143711 ], [ 123.95136528534205, 10.357148624829183 ], [ 123.95163928569788, 10.357147814768986 ] ] ], [ [ [ 123.992309533171309, 10.356934558610565 ], [ 123.992035536320756, 10.356935403274903 ], [ 123.992036389305738, 10.357206693672516 ], [ 123.992310386391736, 10.357205848985618 ], [ 123.992309533171309, 10.356934558610565 ] ] ], [ [ [ 123.972581700088355, 10.3569947784523 ], [ 123.972307701557739, 10.356995606328113 ], [ 123.97230853758667, 10.35726689833626 ], [ 123.972582536352746, 10.357266070438332 ], [ 123.972581700088355, 10.3569947784523 ] ] ], [ [ [ 123.951091284963752, 10.357149434656321 ], [ 123.95109210276398, 10.357420728358846 ], [ 123.951366103377822, 10.357419918510125 ], [ 123.95136528534205, 10.357148624829183 ], [ 123.951091284963752, 10.357149434656321 ] ] ], [ [ [ 123.992858380493033, 10.357204158912293 ], [ 123.992584383454187, 10.357205004065573 ], [ 123.992585236933706, 10.35747629441336 ], [ 123.992859234208083, 10.357475449237519 ], [ 123.992858380493033, 10.357204158912293 ] ] ], [ [ [ 123.97258337264023, 10.357537362419745 ], [ 123.972857371618758, 10.357536534266377 ], [ 123.97285653509573, 10.357265242307168 ], [ 123.972582536352746, 10.357266070438332 ], [ 123.97258337264023, 10.357537362419745 ] ] ], [ [ [ 123.950818102127485, 10.357421537974332 ], [ 123.95081891971482, 10.357692831693999 ], [ 123.95109292058676, 10.357692022056753 ], [ 123.95109210276398, 10.357420728358846 ], [ 123.950818102127485, 10.357421537974332 ] ] ], [ [ [ 123.993407228686053, 10.35747375818622 ], [ 123.993133231458842, 10.357474603828443 ], [ 123.99313408543297, 10.357745894126403 ], [ 123.993408082895641, 10.357745048461531 ], [ 123.993407228686053, 10.35747375818622 ] ] ], [ [ [ 123.993956077750212, 10.357743356432259 ], [ 123.993682080334779, 10.357744202563513 ], [ 123.993682934803459, 10.358015492811557 ], [ 123.993956932454509, 10.358014646657654 ], [ 123.993956077750212, 10.357743356432259 ] ] ], [ [ [ 123.977516191262339, 10.357793711559527 ], [ 123.977242192442077, 10.357794543699306 ], [ 123.977243032779654, 10.358065835293917 ], [ 123.977517031835461, 10.358065003131934 ], [ 123.977516191262339, 10.357793711559527 ] ] ], [ [ [ 123.976694194731849, 10.357796207279247 ], [ 123.976420195841953, 10.357797038719408 ], [ 123.976421035472995, 10.35806833038081 ], [ 123.976695034598421, 10.358067498918356 ], [ 123.976694194731849, 10.357796207279247 ] ] ], [ [ [ 123.976147036324377, 10.358069161610029 ], [ 123.975873037152581, 10.358069992606012 ], [ 123.975873876335697, 10.358341284307294 ], [ 123.976147875743038, 10.358340453289017 ], [ 123.976147036324377, 10.358069161610029 ] ] ], [ [ [ 123.975325877451482, 10.358342945644139 ], [ 123.975325038739442, 10.358071653898449 ], [ 123.975051039498098, 10.358072484194903 ], [ 123.975051877974593, 10.358343775962798 ], [ 123.975325877451482, 10.358342945644139 ] ] ], [ [ [ 123.994778925265848, 10.358012106796888 ], [ 123.994230930081855, 10.358013800270605 ], [ 123.994231785045244, 10.358285090468822 ], [ 123.994505782884602, 10.358284243825889 ], [ 123.994506638107154, 10.358555533996839 ], [ 123.994780636158339, 10.358554687098021 ], [ 123.994778925265848, 10.358012106796888 ] ] ], [ [ [ 123.974777878474612, 10.358344606048131 ], [ 123.974778716738825, 10.358615897833612 ], [ 123.975052716474352, 10.358615067725985 ], [ 123.975051877974593, 10.358343775962798 ], [ 123.974777878474612, 10.358344606048131 ] ] ], [ [ [ 123.95081891971482, 10.357692831693999 ], [ 123.950544918820228, 10.357693641097921 ], [ 123.950548188453141, 10.358778816016557 ], [ 123.950822190289912, 10.358778006525949 ], [ 123.95081891971482, 10.357692831693999 ] ] ], [ [ [ 123.995876628126808, 10.358551297170926 ], [ 123.995328632189825, 10.358552992600945 ], [ 123.995329488142644, 10.358824282699153 ], [ 123.995877484550633, 10.358822587223926 ], [ 123.995876628126808, 10.358551297170926 ] ] ], [ [ [ 123.996425480864019, 10.358820890815757 ], [ 123.995877484550633, 10.358822587223926 ], [ 123.995878340998161, 10.359093877272219 ], [ 123.996426337782552, 10.359092180818664 ], [ 123.996425480864019, 10.358820890815757 ] ] ], [ [ [ 123.977793553433258, 10.358878045359344 ], [ 123.977519553694094, 10.358878877821354 ], [ 123.977520394360113, 10.359150169375198 ], [ 123.977794394334822, 10.359149336890894 ], [ 123.977793553433258, 10.358878045359344 ] ] ], [ [ [ 123.951096192104046, 10.358777196802105 ], [ 123.950822190289912, 10.358778006525949 ], [ 123.950823825712916, 10.359320593914212 ], [ 123.951097827998126, 10.359319784147115 ], [ 123.951096192104046, 10.358777196802105 ] ] ], [ [ [ 123.99670033613927, 10.359091332242077 ], [ 123.996426337782552, 10.359092180818664 ], [ 123.996427194724802, 10.359363470816952 ], [ 123.996701193317151, 10.359362622217716 ], [ 123.99670033613927, 10.359091332242077 ] ] ], [ [ [ 123.952741841234882, 10.359314920646224 ], [ 123.952467839085372, 10.359315731812735 ], [ 123.952468658244157, 10.359587025369866 ], [ 123.952742660629298, 10.359586214181594 ], [ 123.952741841234882, 10.359314920646224 ] ] ], [ [ [ 123.951098645979187, 10.359591077812603 ], [ 123.951372648477388, 10.359590267790509 ], [ 123.951371830260783, 10.359318974146692 ], [ 123.951097827998126, 10.359319784147115 ], [ 123.951098645979187, 10.359591077812603 ] ] ], [ [ [ 123.996702050518579, 10.359633912188649 ], [ 123.996976049322669, 10.35963306333344 ], [ 123.996975191885696, 10.359361773385157 ], [ 123.996701193317151, 10.359362622217716 ], [ 123.996702050518579, 10.359633912188649 ] ] ], [ [ [ 123.953564667648905, 10.359583779217363 ], [ 123.953290665331707, 10.359584591105342 ], [ 123.953291485219864, 10.359855884592751 ], [ 123.953565487772607, 10.3598550726831 ], [ 123.953564667648905, 10.359583779217363 ] ] ], [ [ [ 123.997524046859965, 10.359631364923317 ], [ 123.997250048103226, 10.359632214244996 ], [ 123.997250905799447, 10.359903504165924 ], [ 123.997524904791831, 10.359902654821507 ], [ 123.997524046859965, 10.359631364923317 ] ] ], [ [ [ 123.977522075761712, 10.35969275246903 ], [ 123.977248075292636, 10.359693584764685 ], [ 123.977248915792757, 10.359964876326877 ], [ 123.977522916497364, 10.359964044009018 ], [ 123.977522075761712, 10.35969275246903 ] ] ], [ [ [ 123.953840310684768, 10.360125553979483 ], [ 123.953566307919047, 10.360126366144129 ], [ 123.953567128088039, 10.360397659600629 ], [ 123.953841131089305, 10.360396847414222 ], [ 123.953840310684768, 10.360125553979483 ] ] ], [ [ [ 123.977797758173182, 10.360234502971 ], [ 123.977523757256208, 10.360235335544388 ], [ 123.977524598038315, 10.360506627075139 ], [ 123.977798599190933, 10.360505794479458 ], [ 123.977797758173182, 10.360234502971 ] ] ], [ [ [ 123.964919690077281, 10.360273381773222 ], [ 123.964645688075919, 10.360274203383646 ], [ 123.964646517785553, 10.360545495953833 ], [ 123.964920520022545, 10.360544674321382 ], [ 123.964919690077281, 10.360273381773222 ] ] ], [ [ [ 123.960691198740733, 10.360376466945088 ], [ 123.960417196307816, 10.360377284962919 ], [ 123.960418022389234, 10.360648577869902 ], [ 123.960692025057696, 10.360647759830133 ], [ 123.960691198740733, 10.360376466945088 ] ] ], [ [ [ 123.96535006692433, 10.360633817465093 ], [ 123.965076064644705, 10.360634639470312 ], [ 123.965076894754105, 10.360905931999909 ], [ 123.965350897269275, 10.360905109972663 ], [ 123.96535006692433, 10.360633817465093 ] ] ], [ [ [ 124.000541473853744, 10.360707165555628 ], [ 124.000267474415679, 10.360708017533938 ], [ 124.000268334798108, 10.360979307186103 ], [ 124.000542334471817, 10.360978455184966 ], [ 124.000541473853744, 10.360707165555628 ] ] ], [ [ [ 123.997525762747316, 10.360173944715079 ], [ 123.997799761951526, 10.360173095114689 ], [ 123.997800620166359, 10.360444384980994 ], [ 123.998074619582411, 10.360443535124631 ], [ 123.998075478056492, 10.360714824963491 ], [ 123.998349477684457, 10.360713974851155 ], [ 123.998350336417815, 10.360985264662659 ], [ 123.999720335379649, 10.36098101048858 ], [ 123.999719475468297, 10.360709720790851 ], [ 123.998623477288717, 10.360713124505672 ], [ 123.998622618343447, 10.360441834712287 ], [ 123.998348618974831, 10.360442685035032 ], [ 123.998347760288809, 10.360171395214291 ], [ 123.998073761132034, 10.360172245281152 ], [ 123.99807290270536, 10.359900955432966 ], [ 123.997524904791831, 10.359902654821507 ], [ 123.997525762747316, 10.360173944715079 ] ] ], [ [ [ 123.959596839644504, 10.360922323557443 ], [ 123.959322836649278, 10.360923140685941 ], [ 123.959323661833906, 10.361194433671084 ], [ 123.959597665064763, 10.361193616520648 ], [ 123.959596839644504, 10.360922323557443 ] ] ], [ [ [ 123.953842771966521, 10.360939434269756 ], [ 123.95356876849408, 10.360940246499595 ], [ 123.953569588731028, 10.36121153994215 ], [ 123.9538435924391, 10.361210727690551 ], [ 123.953842771966521, 10.360939434269756 ] ] ], [ [ [ 124.000817194999044, 10.361248892552577 ], [ 124.000543195113593, 10.361249744809687 ], [ 124.000544055779173, 10.361521034429877 ], [ 124.000818055900254, 10.361520182149853 ], [ 124.000817194999044, 10.361248892552577 ] ] ], [ [ [ 123.977801122383255, 10.361319668977032 ], [ 123.977527120523916, 10.361320501639415 ], [ 123.977527961398934, 10.361591793151604 ], [ 123.977801963493903, 10.361590960466927 ], [ 123.977801122383255, 10.361319668977032 ] ] ], [ [ [ 123.958776480039987, 10.361467360296206 ], [ 123.958502476505188, 10.361468176768607 ], [ 123.958503301028571, 10.361739469809972 ], [ 123.958777304799, 10.361738653315722 ], [ 123.958776480039987, 10.361467360296206 ] ] ], [ [ [ 124.001640056120678, 10.361517623910366 ], [ 124.001092055997532, 10.361519329636682 ], [ 124.001092917158104, 10.361790619206513 ], [ 124.001640917752511, 10.361788913434633 ], [ 124.001640056120678, 10.361517623910366 ] ] ], [ [ [ 123.959052133564086, 10.362009129581285 ], [ 123.95877812958075, 10.36200994633062 ], [ 123.958778954385338, 10.362281239340899 ], [ 123.959052958604289, 10.362280422569714 ], [ 123.959052133564086, 10.362009129581285 ] ] ], [ [ [ 123.95384605399282, 10.362024607925225 ], [ 123.953572049577929, 10.362025420242016 ], [ 123.953572869905472, 10.362296713666009 ], [ 123.953846874556078, 10.362295901327546 ], [ 123.95384605399282, 10.362024607925225 ] ] ], [ [ [ 123.976981638016483, 10.362136040920589 ], [ 123.976982478489873, 10.36240733246342 ], [ 123.977256481338188, 10.362406500178512 ], [ 123.977253959280787, 10.361592625603045 ], [ 123.976979957139363, 10.361593457821161 ], [ 123.976980797566284, 10.36186474937314 ], [ 123.976432792742727, 10.361866413154075 ], [ 123.976434472723767, 10.362408996333262 ], [ 123.976708475618452, 10.362408164515003 ], [ 123.976707635380706, 10.362136872949968 ], [ 123.976981638016483, 10.362136040920589 ] ] ], [ [ [ 123.964925500175639, 10.362172429513262 ], [ 123.964651496525022, 10.362173251277518 ], [ 123.964652326395154, 10.362444543815286 ], [ 123.964926330281401, 10.362443722029003 ], [ 123.964925500175639, 10.362172429513262 ] ] ], [ [ [ 124.003241341408867, 10.362440629189862 ], [ 124.003148842417744, 10.362317755966977 ], [ 124.002966948980799, 10.36231832313409 ], [ 124.002967811821975, 10.362589612534279 ], [ 124.003241812667369, 10.362588758103175 ], [ 124.003241341408867, 10.362440629189862 ] ] ], [ [ [ 124.003242675768078, 10.362860047475831 ], [ 124.003516676825299, 10.362859192788576 ], [ 124.003516255969856, 10.362726946775414 ], [ 124.003371929999574, 10.362663868000233 ], [ 124.003324449458916, 10.362588500366677 ], [ 124.003241812667369, 10.362588758103175 ], [ 124.003242675768078, 10.362860047475831 ] ] ], [ [ [ 123.95658938870946, 10.363101644638018 ], [ 123.956315383578868, 10.363102459374829 ], [ 123.956316206353605, 10.363373752562921 ], [ 123.956590211719913, 10.363372937804261 ], [ 123.95658938870946, 10.363101644638018 ] ] ], [ [ [ 123.956041378425553, 10.363103273878405 ], [ 123.955767373249486, 10.363104088148567 ], [ 123.955768195552963, 10.363375381380092 ], [ 123.956042200964646, 10.363374567088169 ], [ 123.956041378425553, 10.363103273878405 ] ] ], [ [ [ 124.003932740167031, 10.363129186528564 ], [ 124.003837208330282, 10.363129484677092 ], [ 124.003836867324651, 10.36302236719936 ], [ 124.003801570999499, 10.362957353000269 ], [ 124.003804418628917, 10.362867338056059 ], [ 124.003562372445387, 10.362868093296107 ], [ 124.003563235845661, 10.36313938263741 ], [ 124.003791570241418, 10.363138670167682 ], [ 124.003792405074066, 10.363400916508059 ], [ 124.004066406554855, 10.363400061308415 ], [ 124.004066211123003, 10.363338687583468 ], [ 124.003932740167031, 10.363129186528564 ] ] ], [ [ [ 123.957412227682326, 10.36337049212851 ], [ 123.957138222384231, 10.363371307587144 ], [ 123.957139045888695, 10.363642600705159 ], [ 123.957413051422421, 10.363641785224765 ], [ 123.957412227682326, 10.36337049212851 ] ] ], [ [ [ 123.959331089521342, 10.363636070328742 ], [ 123.959057084146963, 10.363636887442407 ], [ 123.95905790932386, 10.363908180403037 ], [ 123.959331914933884, 10.363907363267522 ], [ 123.959331089521342, 10.363636070328742 ] ] ], [ [ [ 123.957961062421674, 10.363640153564003 ], [ 123.957687056933409, 10.363640969511046 ], [ 123.957687880931971, 10.363912262580833 ], [ 123.957961886655866, 10.36391144661194 ], [ 123.957961062421674, 10.363640153564003 ] ] ], [ [ [ 123.983014764414591, 10.363745423493576 ], [ 123.98274076087705, 10.363746260789586 ], [ 123.982742452023643, 10.364288842877734 ], [ 123.983016456032558, 10.364288005536871 ], [ 123.983014764414591, 10.363745423493576 ] ] ], [ [ [ 123.959607571885996, 10.364449131718601 ], [ 123.95933356582735, 10.364449949131227 ], [ 123.959334391308275, 10.364721242056152 ], [ 123.959608397602551, 10.364720424621677 ], [ 123.959607571885996, 10.364449131718601 ] ] ], [ [ [ 123.957963535192633, 10.36445403269396 ], [ 123.957689528997307, 10.364454848706462 ], [ 123.957690353064166, 10.364726141762393 ], [ 123.957964359495122, 10.364725325728042 ], [ 123.957963535192633, 10.36445403269396 ] ] ], [ [ [ 123.985209334991865, 10.364552589245235 ], [ 123.984935330934277, 10.364553428475254 ], [ 123.984936178451363, 10.364824719328414 ], [ 123.985210182744666, 10.364823880076013 ], [ 123.985209334991865, 10.364552589245235 ] ] ], [ [ [ 123.966577006100181, 10.364609125315727 ], [ 123.966303000466269, 10.364609948677906 ], [ 123.966303831956793, 10.364881241041946 ], [ 123.966577837826335, 10.36488041765783 ], [ 123.966577006100181, 10.364609125315727 ] ] ], [ [ [ 123.960157236333558, 10.364990081907422 ], [ 123.959609223342028, 10.364991717520134 ], [ 123.959610049104242, 10.365263010413884 ], [ 123.960158062567217, 10.365261374757473 ], [ 123.960157236333558, 10.364990081907422 ] ] ], [ [ [ 124.004893598728628, 10.365025229569714 ], [ 124.004619595905453, 10.365026085606555 ], [ 124.004620460399082, 10.365297374823246 ], [ 124.004894463457987, 10.36529651876349 ], [ 124.004893598728628, 10.365025229569714 ] ] ], [ [ [ 123.957966832539114, 10.365539204802488 ], [ 123.957692825401068, 10.365540020902209 ], [ 123.957693649558877, 10.365811313939577 ], [ 123.957967656932652, 10.365810497818007 ], [ 123.957966832539114, 10.365539204802488 ] ] ], [ [ [ 124.005443334728639, 10.365566095087242 ], [ 124.005169331481881, 10.365566951636652 ], [ 124.00517019649466, 10.365838240798276 ], [ 124.005444199977134, 10.365837384225951 ], [ 124.005443334728639, 10.365566095087242 ] ] ], [ [ [ 123.977535530318818, 10.364033416552754 ], [ 123.977809534534501, 10.364032583667704 ], [ 123.977808693214854, 10.363761292219554 ], [ 123.978082697171715, 10.363760459123384 ], [ 123.978081014130723, 10.363217876257547 ], [ 123.977533007136543, 10.363219542127389 ], [ 123.977532166122174, 10.362948250643001 ], [ 123.977258162825933, 10.362949083205731 ], [ 123.977257322070471, 10.362677791694431 ], [ 123.976983318986512, 10.362678624001543 ], [ 123.976984159506344, 10.362949915535136 ], [ 123.976436152797717, 10.362951579493885 ], [ 123.976440353388341, 10.36430803731453 ], [ 123.976166348820868, 10.364308869055161 ], [ 123.976168028748177, 10.364851452195357 ], [ 123.975894023686152, 10.364852283747073 ], [ 123.975896543043945, 10.365666158489429 ], [ 123.976444554558952, 10.365664495019267 ], [ 123.976443714278403, 10.365393203487539 ], [ 123.977265730669799, 10.36539070659871 ], [ 123.977267412668255, 10.365933289523966 ], [ 123.977541418556982, 10.365932456716365 ], [ 123.977535530318818, 10.364033416552754 ] ] ], [ [ [ 123.983021531446681, 10.365915751555555 ], [ 123.98274752602363, 10.365916589030711 ], [ 123.982748371772075, 10.366187880040012 ], [ 123.983022377430856, 10.366187042542474 ], [ 123.983021531446681, 10.365915751555555 ] ] ], [ [ [ 123.977542259826791, 10.366203748149861 ], [ 123.97781626592807, 10.366202915086642 ], [ 123.977815424422545, 10.36593162367544 ], [ 123.977541418556982, 10.365932456716365 ], [ 123.977542259826791, 10.366203748149861 ] ] ], [ [ [ 123.983844394266967, 10.366184528649558 ], [ 123.983570388678345, 10.366185366847247 ], [ 123.983571235157243, 10.366456657784695 ], [ 123.983845240981665, 10.366455819564624 ], [ 123.983844394266967, 10.366184528649558 ] ] ], [ [ [ 123.965486799392693, 10.366511464277817 ], [ 123.965212792017056, 10.366512286860441 ], [ 123.965213622725273, 10.366783579280082 ], [ 123.965487630336625, 10.366782756675519 ], [ 123.965486799392693, 10.366511464277817 ] ] ], [ [ [ 123.978092797369101, 10.367015955928849 ], [ 123.977818790583939, 10.367016789292272 ], [ 123.977819632182374, 10.367288080684823 ], [ 123.978093639203351, 10.367287247299195 ], [ 123.978092797369101, 10.367015955928849 ] ] ], [ [ [ 123.96439242977759, 10.367057338174568 ], [ 123.964118421838762, 10.367058159867504 ], [ 123.964119251649919, 10.367329452365837 ], [ 123.964393259824462, 10.367328630650874 ], [ 123.96439242977759, 10.367057338174568 ] ] ], [ [ [ 123.966859332363612, 10.367321224712612 ], [ 123.966311316404429, 10.367322872110652 ], [ 123.966312148124459, 10.367594164428418 ], [ 123.966860164555172, 10.367592516986413 ], [ 123.966859332363612, 10.367321224712612 ] ] ], [ [ [ 123.964120081483983, 10.367600744859462 ], [ 123.963846073050789, 10.36760156636295 ], [ 123.96384690267196, 10.367872858873984 ], [ 123.96412091134097, 10.367872037348469 ], [ 123.964120081483983, 10.367600744859462 ] ] ], [ [ [ 123.982205432536276, 10.367817300561811 ], [ 123.981657418226433, 10.36781897419149 ], [ 123.981658263195243, 10.368090265257813 ], [ 123.98220627797653, 10.368088591583369 ], [ 123.982205432536276, 10.367817300561811 ] ] ], [ [ [ 123.964669758961563, 10.368141686037802 ], [ 123.964395750102582, 10.368142508052081 ], [ 123.964396580241115, 10.368413800509824 ], [ 123.964670589335825, 10.368412978473607 ], [ 123.964669758961563, 10.368141686037802 ] ] ], [ [ [ 123.981934806351177, 10.368903301641364 ], [ 123.981660798241549, 10.368904138428892 ], [ 123.98166164330361, 10.369175429476741 ], [ 123.981935651649053, 10.369174592666742 ], [ 123.981934806351177, 10.368903301641364 ] ] ], [ [ [ 123.972619354859475, 10.369202913236631 ], [ 123.972345345724719, 10.369203742109068 ], [ 123.972346182793089, 10.369475033908671 ], [ 123.972620192163575, 10.369474205014118 ], [ 123.972619354859475, 10.369202913236631 ] ] ], [ [ [ 123.97207133656687, 10.369204570748003 ], [ 123.971797327385914, 10.369205399153525 ], [ 123.971799000602502, 10.369747982836842 ], [ 123.972073010255073, 10.369747154386999 ], [ 123.97207133656687, 10.369204570748003 ] ] ], [ [ [ 124.006826349520395, 10.369631143715086 ], [ 124.006827216306249, 10.369902432669587 ], [ 124.00710122318165, 10.369901574353147 ], [ 124.007051617999565, 10.369635186000259 ], [ 124.006826349520395, 10.369631143715086 ] ] ], [ [ [ 123.981938187682573, 10.369988465715164 ], [ 123.981664178629785, 10.36998930259222 ], [ 123.981665023785112, 10.370260593621417 ], [ 123.981939033073786, 10.370259756721978 ], [ 123.981938187682573, 10.369988465715164 ] ] ], [ [ [ 123.967415675896021, 10.370032498469584 ], [ 123.967141665616126, 10.370033322972361 ], [ 123.967142498273176, 10.370304615177773 ], [ 123.967416508788972, 10.370303790652969 ], [ 123.967415675896021, 10.370032498469584 ] ] ], [ [ [ 123.972075520960502, 10.370561029810766 ], [ 123.9718015106005, 10.370561858326955 ], [ 123.971803184048014, 10.371104441963819 ], [ 123.972077194879716, 10.37110361340331 ], [ 123.972075520960502, 10.370561029810766 ] ] ], [ [ [ 123.972078031873934, 10.371374905192699 ], [ 123.972352042918359, 10.371374076376572 ], [ 123.972351205688256, 10.371102784609388 ], [ 123.972077194879716, 10.37110361340331 ], [ 123.972078031873934, 10.371374905192699 ] ] ], [ [ [ 123.967969530421996, 10.371929893641141 ], [ 123.967968696919485, 10.371658601529699 ], [ 123.967694685270459, 10.37165942663173 ], [ 123.96769551853717, 10.371930718765199 ], [ 123.967969530421996, 10.371929893641141 ] ] ], [ [ [ 123.982766137881725, 10.371884990164027 ], [ 123.982492127248079, 10.371885827898087 ], [ 123.982492973274262, 10.372157118827719 ], [ 123.982766984143808, 10.372156281071277 ], [ 123.982766137881725, 10.371884990164027 ] ] ], [ [ [ 123.974819820052375, 10.371909189645024 ], [ 123.974271797413294, 10.37191085133572 ], [ 123.974272636363708, 10.372182142933795 ], [ 123.974820659474517, 10.372180481198779 ], [ 123.974819820052375, 10.371909189645024 ] ] ], [ [ [ 123.96742150662925, 10.371931543655755 ], [ 123.967422339683054, 10.372202835806721 ], [ 123.967696351826874, 10.372202010894139 ], [ 123.96769551853717, 10.371930718765199 ], [ 123.96742150662925, 10.371931543655755 ] ] ], [ [ [ 123.966599470767818, 10.371934016926321 ], [ 123.966325458768068, 10.37193484088278 ], [ 123.966326290878442, 10.372206133121765 ], [ 123.966600303114006, 10.372205309143279 ], [ 123.966599470767818, 10.371934016926321 ] ] ], [ [ [ 124.008919854999505, 10.372448148000302 ], [ 124.008753510183809, 10.372472073847916 ], [ 124.008753949612839, 10.372609307235148 ], [ 124.009027958678942, 10.372608447054599 ], [ 124.009018870574451, 10.372478396424246 ], [ 124.008919854999505, 10.372448148000302 ] ] ], [ [ [ 123.973726290187059, 10.372726387005827 ], [ 123.973452278078938, 10.372727217100397 ], [ 123.973453116391198, 10.372998508751142 ], [ 123.973727128735135, 10.372997678634455 ], [ 123.973726290187059, 10.372726387005827 ] ] ], [ [ [ 123.966601135483202, 10.372476601355618 ], [ 123.966053110517265, 10.372478249123052 ], [ 123.966053942437668, 10.372749541374827 ], [ 123.96632795516804, 10.372748717585878 ], [ 123.966328787347337, 10.373020009810919 ], [ 123.966602800290516, 10.373019185766442 ], [ 123.966601135483202, 10.372476601355618 ] ] ], [ [ [ 123.973728805900734, 10.373540261877768 ], [ 123.974002818693364, 10.373539431483081 ], [ 123.97400114105605, 10.372996848284178 ], [ 123.973727128735135, 10.372997678634455 ], [ 123.973728805900734, 10.373540261877768 ] ] ], [ [ [ 123.973180780246011, 10.373541921966279 ], [ 123.973181618391649, 10.373813213625283 ], [ 123.973729644518173, 10.373811553492452 ], [ 123.973728805900734, 10.373540261877768 ], [ 123.973180780246011, 10.373541921966279 ] ] ], [ [ [ 124.009579454513442, 10.373691880660719 ], [ 124.009580324017023, 10.373963169316081 ], [ 124.009824360472166, 10.373962402514881 ], [ 124.009753074999523, 10.373843358000279 ], [ 124.00969430599946, 10.373698186000258 ], [ 124.009579454513442, 10.373691880660719 ] ] ], [ [ [ 123.976743786558586, 10.373802406061817 ], [ 123.976469773761778, 10.373803238814173 ], [ 123.976470614761482, 10.374074530202194 ], [ 123.97674462779419, 10.374073697427455 ], [ 123.976743786558586, 10.373802406061817 ] ] ], [ [ [ 123.97153753945733, 10.373818188418394 ], [ 123.97098951296114, 10.373819844814303 ], [ 123.970990349242683, 10.374091136645792 ], [ 123.97153837621066, 10.374089480205651 ], [ 123.97153753945733, 10.373818188418394 ] ] ], [ [ [ 123.96660613018075, 10.374104354532399 ], [ 123.966604465189675, 10.373561770158702 ], [ 123.966330451774695, 10.373562594247232 ], [ 123.966332116293884, 10.374105178664983 ], [ 123.96660613018075, 10.374104354532399 ] ] ], [ [ [ 123.966058102384096, 10.374106002563888 ], [ 123.96605893444216, 10.374377294787863 ], [ 123.966332948587933, 10.374376470866842 ], [ 123.966332116293884, 10.374105178664983 ], [ 123.966058102384096, 10.374106002563888 ] ] ], [ [ [ 123.965510906081875, 10.37437894192913 ], [ 123.965510074495512, 10.374107649661191 ], [ 123.965236060516901, 10.374108472859412 ], [ 123.965236891867349, 10.374379765149378 ], [ 123.965510906081875, 10.37437894192913 ] ] ], [ [ [ 123.977841521895613, 10.374341655265241 ], [ 123.977567508719815, 10.374342488996458 ], [ 123.977568350709589, 10.374613780286069 ], [ 123.977842364121273, 10.374612946532647 ], [ 123.977841521895613, 10.374341655265241 ] ] ], [ [ [ 123.977293495520755, 10.374343322494084 ], [ 123.977019482298502, 10.37434415575812 ], [ 123.977020323816475, 10.374615447092317 ], [ 123.977294337274614, 10.374614613805988 ], [ 123.977293495520755, 10.374343322494084 ] ] ], [ [ [ 123.976471455784377, 10.374345821585507 ], [ 123.976197442492506, 10.37434665414877 ], [ 123.976198283302679, 10.374617945549758 ], [ 123.976472296830465, 10.374617112964202 ], [ 123.976471455784377, 10.374345821585507 ] ] ], [ [ [ 123.972909281182609, 10.374356626689874 ], [ 123.972635267589723, 10.374357456216721 ], [ 123.972636105332924, 10.374628747906101 ], [ 123.972910119161796, 10.374627918357138 ], [ 123.972909281182609, 10.374356626689874 ] ] ], [ [ [ 123.972363766564953, 10.375172160630786 ], [ 123.972089752217997, 10.375172989756887 ], [ 123.97209058955869, 10.375444281476643 ], [ 123.972364604141532, 10.375443452328426 ], [ 123.972363766564953, 10.375172160630786 ] ] ], [ [ [ 123.964414849085955, 10.374382233408664 ], [ 123.964415679751539, 10.374653525759825 ], [ 123.964689694270788, 10.374652703218324 ], [ 123.964692187112718, 10.375466580178106 ], [ 123.96496620231693, 10.375465757337111 ], [ 123.964963708767129, 10.374651880443231 ], [ 123.965237723240634, 10.374651057434637 ], [ 123.965236891867349, 10.374379765149378 ], [ 123.964414849085955, 10.374382233408664 ] ] ], [ [ [ 123.973184971205683, 10.374898380215026 ], [ 123.972910957164004, 10.374899210019784 ], [ 123.972913471309511, 10.375713084979832 ], [ 123.97318748605889, 10.375712255108549 ], [ 123.973184971205683, 10.374898380215026 ] ] ], [ [ [ 123.972365441741218, 10.375714744021447 ], [ 123.972639456536953, 10.375713914617435 ], [ 123.972638618701282, 10.37544262294653 ], [ 123.972364604141532, 10.375443452328426 ], [ 123.972365441741218, 10.375714744021447 ] ] ], [ [ [ 123.964418171885683, 10.37546740278551 ], [ 123.964419002642828, 10.375738695118198 ], [ 123.964693018105947, 10.375737872488767 ], [ 123.964692187112718, 10.375466580178106 ], [ 123.964418171885683, 10.37546740278551 ] ] ], [ [ [ 123.964145817701052, 10.376010809863867 ], [ 123.964144987156885, 10.375739517513949 ], [ 123.963870971648021, 10.375740339676021 ], [ 123.963871801956202, 10.376011632047966 ], [ 123.964145817701052, 10.376010809863867 ] ] ], [ [ [ 123.977846575598221, 10.375969402800134 ], [ 123.977298546392205, 10.375971070296142 ], [ 123.977299388285346, 10.376242361580246 ], [ 123.977847417963332, 10.376240694039652 ], [ 123.977846575598221, 10.375969402800134 ] ] ], [ [ [ 123.963597786188529, 10.376012453998385 ], [ 123.963598616283633, 10.376283746387649 ], [ 123.963872632287377, 10.376282924415204 ], [ 123.963871801956202, 10.376011632047966 ], [ 123.963597786188529, 10.376012453998385 ] ] ], [ [ [ 124.011955697922062, 10.376397318242592 ], [ 124.011780248331206, 10.376397870839583 ], [ 124.011781119962251, 10.376669159264285 ], [ 124.012055132302976, 10.376668296169356 ], [ 124.012054809503411, 10.376567855361063 ], [ 124.011955697922062, 10.376397318242592 ] ] ], [ [ [ 123.97702705679562, 10.37678577759883 ], [ 123.977026215091939, 10.376514486301758 ], [ 123.976752199958952, 10.376515319510283 ], [ 123.976753041426647, 10.376786610829559 ], [ 123.97702705679562, 10.37678577759883 ] ] ], [ [ [ 123.970175829819297, 10.376535246425778 ], [ 123.969901814108027, 10.376536073793641 ], [ 123.969902649676442, 10.37680736566714 ], [ 123.970176665623612, 10.376806538277251 ], [ 123.970175829819297, 10.376535246425778 ] ] ], [ [ [ 123.963598616283633, 10.376283746387649 ], [ 123.963324600257053, 10.376284568126415 ], [ 123.963326260044113, 10.376827152934876 ], [ 123.963600276542664, 10.376826331152234 ], [ 123.963598616283633, 10.376283746387649 ] ] ], [ [ [ 123.976479026034497, 10.376787443826696 ], [ 123.976479867289385, 10.377058735163558 ], [ 123.976753882917535, 10.377057902144305 ], [ 123.976753041426647, 10.376786610829559 ], [ 123.976479026034497, 10.376787443826696 ] ] ], [ [ [ 123.966888472737281, 10.376816451536442 ], [ 123.966614456513881, 10.376817276122708 ], [ 123.966613623777249, 10.376545983984531 ], [ 123.966339607766926, 10.37654680831518 ], [ 123.966337942834471, 10.376004223980917 ], [ 123.966063927273026, 10.376005048033921 ], [ 123.966063095077203, 10.375733755837835 ], [ 123.965789079728836, 10.37573457963531 ], [ 123.965788247791821, 10.375463287412579 ], [ 123.966062262904288, 10.375462463637131 ], [ 123.966061430754294, 10.375191171431808 ], [ 123.966883475245979, 10.37518869877 ], [ 123.966882642411193, 10.37491740662605 ], [ 123.965238554636827, 10.374922349715188 ], [ 123.965240217498149, 10.375464934262524 ], [ 123.965514232656446, 10.375464110954347 ], [ 123.965515064357461, 10.375735403199105 ], [ 123.965241048963264, 10.375736226529309 ], [ 123.965241880451217, 10.376007518791297 ], [ 123.965789911688674, 10.376005871853334 ], [ 123.965791575677343, 10.376548456275614 ], [ 123.966065591733596, 10.376547632412237 ], [ 123.966066423998342, 10.376818924594378 ], [ 123.965792407706104, 10.376819748479871 ], [ 123.965793239757772, 10.377091040679332 ], [ 123.96688930573292, 10.377087743647884 ], [ 123.966888472737281, 10.376816451536442 ] ] ], [ [ [ 123.973190839520313, 10.37679742156844 ], [ 123.972916823827063, 10.376798251528275 ], [ 123.97291850022458, 10.377340834774696 ], [ 123.973192516389801, 10.377340004770542 ], [ 123.973190839520313, 10.37679742156844 ] ] ], [ [ [ 123.969629469061601, 10.377079484714436 ], [ 123.969355452832332, 10.377080311659171 ], [ 123.969356287974776, 10.377351603567575 ], [ 123.969630304440031, 10.377350776600725 ], [ 123.969629469061601, 10.377079484714436 ] ] ], [ [ [ 124.012590789999578, 10.377417973000281 ], [ 124.012481081999468, 10.37729464100029 ], [ 124.012443069287201, 10.3772096560525 ], [ 124.012330888897779, 10.377210009584104 ], [ 124.012331761073, 10.377481297948854 ], [ 124.012605774073549, 10.377480434317377 ], [ 124.012590789999578, 10.377417973000281 ] ] ], [ [ [ 123.984976038151785, 10.377575384198668 ], [ 123.984975189534794, 10.377304093563467 ], [ 123.984701174369746, 10.377304933614251 ], [ 123.984702022750753, 10.377576224271923 ], [ 123.984976038151785, 10.377575384198668 ] ] ], [ [ [ 123.963601936893198, 10.377368915898167 ], [ 123.964423987667317, 10.377366449016534 ], [ 123.964424818584959, 10.377637741316715 ], [ 123.964972852791774, 10.377636095516863 ], [ 123.964972021402147, 10.377364803260559 ], [ 123.965246038235193, 10.37736398003214 ], [ 123.965245206632503, 10.377092687793244 ], [ 123.964971190035527, 10.377093510999725 ], [ 123.964967864798112, 10.376008341909849 ], [ 123.964693849122, 10.376009164794809 ], [ 123.964695511222857, 10.376551749392949 ], [ 123.964147478858123, 10.376553394549848 ], [ 123.964148309471042, 10.376824686885911 ], [ 123.963600276542664, 10.376826331152234 ], [ 123.963601936893198, 10.377368915898167 ] ] ], [ [ [ 124.012606646508743, 10.377751722654416 ], [ 124.012880659721134, 10.377750858766344 ], [ 124.01288043231628, 10.377680165880133 ], [ 124.012682211999504, 10.37754772900027 ], [ 124.012630699853389, 10.377480355745028 ], [ 124.012605774073549, 10.377480434317377 ], [ 124.012606646508743, 10.377751722654416 ] ] ], [ [ [ 123.984428007326272, 10.377577064111588 ], [ 123.984428855494656, 10.377848354787023 ], [ 123.984702871155122, 10.377847514924976 ], [ 123.984702022750753, 10.377576224271923 ], [ 123.984428007326272, 10.377577064111588 ] ] ], [ [ [ 123.976754724431586, 10.377329193454344 ], [ 123.976480708567451, 10.377330026495891 ], [ 123.976482391193315, 10.37787260914661 ], [ 123.976756407529422, 10.377871776060566 ], [ 123.976754724431586, 10.377329193454344 ] ] ], [ [ [ 123.96908477634409, 10.378166306064418 ], [ 123.969083941368538, 10.377895014147843 ], [ 123.968809924385212, 10.377895840691476 ], [ 123.968810759124693, 10.378167132630079 ], [ 123.96908477634409, 10.378166306064418 ] ] ], [ [ [ 123.97977142987348, 10.37813388774368 ], [ 123.979497413556999, 10.378134723422228 ], [ 123.979498257524028, 10.378406014490949 ], [ 123.979772274076495, 10.378405178790107 ], [ 123.97977142987348, 10.37813388774368 ] ] ], [ [ [ 123.97675724911312, 10.37814306735666 ], [ 123.976483232541014, 10.378143900464909 ], [ 123.976484073911905, 10.378415191778679 ], [ 123.976758090720082, 10.378414358648136 ], [ 123.97675724911312, 10.37814306735666 ] ] ], [ [ [ 123.968810759124693, 10.378167132630079 ], [ 123.968536741882374, 10.378167958962148 ], [ 123.968537576408949, 10.378439250918248 ], [ 123.968811593887352, 10.378438424564152 ], [ 123.968810759124693, 10.378167132630079 ] ] ], [ [ [ 123.968812428672919, 10.378709716493518 ], [ 123.969086446364301, 10.378708889883626 ], [ 123.969085611342734, 10.378437597976376 ], [ 123.968811593887352, 10.378438424564152 ], [ 123.968812428672919, 10.378709716493518 ] ] ], [ [ [ 123.977032949371207, 10.378684816548567 ], [ 123.976758932350222, 10.378685649934994 ], [ 123.976759774003554, 10.378956941217233 ], [ 123.977033791260524, 10.378956107808513 ], [ 123.977032949371207, 10.378684816548567 ] ] ], [ [ [ 124.014529109287224, 10.379102111338668 ], [ 124.01471231439325, 10.379101532600721 ], [ 124.014595478999524, 10.37906225000026 ], [ 124.01453148199947, 10.379045549000299 ], [ 124.014529109287224, 10.379102111338668 ] ] ], [ [ [ 123.977034633173105, 10.37922739906384 ], [ 123.977308650642883, 10.379226565399236 ], [ 123.977307808494317, 10.378955274166113 ], [ 123.977033791260524, 10.378956107808513 ], [ 123.977034633173105, 10.37922739906384 ] ] ], [ [ [ 123.984981130345219, 10.379203127912529 ], [ 123.98470711352806, 10.379203968120432 ], [ 123.984707962072861, 10.379475258745597 ], [ 123.98498197912599, 10.379474418515311 ], [ 123.984981130345219, 10.379203127912529 ] ] ], [ [ [ 123.980596858467308, 10.379216543195902 ], [ 123.980048824062521, 10.379218215900011 ], [ 123.980049668594788, 10.379489506905493 ], [ 123.98059770347156, 10.379487834156798 ], [ 123.980596858467308, 10.379216543195902 ] ] ], [ [ [ 123.980047979553703, 10.378946924889821 ], [ 123.979225928480091, 10.378949432126372 ], [ 123.979225084702506, 10.378678141044595 ], [ 123.978403034127609, 10.37868064611115 ], [ 123.978404720289845, 10.379223228403756 ], [ 123.977582668089482, 10.379225731500863 ], [ 123.977583510497411, 10.379497022707074 ], [ 123.978679580995419, 10.379493684687702 ], [ 123.978678737643449, 10.379222393570664 ], [ 123.980048824062521, 10.379218215900011 ], [ 123.980047979553703, 10.378946924889821 ] ] ], [ [ [ 123.986352064040489, 10.3794702138586 ], [ 123.986078047104414, 10.379471055257284 ], [ 123.98607889685286, 10.379742345765653 ], [ 123.986352914024934, 10.379741504344409 ], [ 123.986352064040489, 10.3794702138586 ] ] ], [ [ [ 123.980598548499074, 10.379759125112987 ], [ 123.980872566138586, 10.379758288365782 ], [ 123.980871720874987, 10.379486997431886 ], [ 123.98059770347156, 10.379487834156798 ], [ 123.980598548499074, 10.379759125112987 ] ] ], [ [ [ 123.985804879657266, 10.379743186953128 ], [ 123.985256845195991, 10.379744868627039 ], [ 123.985257694259644, 10.380016159198025 ], [ 123.985805729193089, 10.380014477479261 ], [ 123.985804879657266, 10.379743186953128 ] ] ], [ [ [ 124.018095679056785, 10.38044727898998 ], [ 124.018096556477772, 10.380718566813385 ], [ 124.018367004388594, 10.380717709309895 ], [ 124.018273036999517, 10.380668531000293 ], [ 124.018212089999452, 10.380529151000307 ], [ 124.018148095999493, 10.380448222000272 ], [ 124.018095679056785, 10.38044727898998 ] ] ], [ [ [ 123.982520058438595, 10.380838426127237 ], [ 123.982519211665362, 10.38056713534602 ], [ 123.982245193457686, 10.380567973562627 ], [ 123.982246039994834, 10.380839264366138 ], [ 123.982520058438595, 10.380838426127237 ] ] ], [ [ [ 123.981149120393553, 10.380571324091637 ], [ 123.980875102069248, 10.380572161139579 ], [ 123.9808759474261, 10.380843452055 ], [ 123.981149965986475, 10.380842614984676 ], [ 123.981149120393553, 10.380571324091637 ] ] ], [ [ [ 123.98197202152771, 10.380840102371359 ], [ 123.98197286785215, 10.381111393192633 ], [ 123.982246886555345, 10.38111055516503 ], [ 123.982246039994834, 10.380839264366138 ], [ 123.98197202152771, 10.380840102371359 ] ] ], [ [ [ 123.981150811602674, 10.381113905873008 ], [ 123.981424830375857, 10.381113068546622 ], [ 123.981423984523587, 10.380841777680583 ], [ 123.981149965986475, 10.380842614984676 ], [ 123.981150811602674, 10.381113905873008 ] ] ], [ [ [ 123.98498707230236, 10.381102162034306 ], [ 123.984713053832934, 10.381103002399151 ], [ 123.984710507847552, 10.38028913059329 ], [ 123.982792382863821, 10.380295006132368 ], [ 123.982793229849676, 10.380566296895822 ], [ 123.984163320421075, 10.380562101138658 ], [ 123.984165016823738, 10.381104682427623 ], [ 123.98443903534006, 10.381103842530226 ], [ 123.984441580827621, 10.381917714361666 ], [ 123.984989619206473, 10.381916033731098 ], [ 123.98498707230236, 10.381102162034306 ] ] ], [ [ [ 124.004677569752943, 10.38320245286285 ], [ 124.003033457479873, 10.383207593374333 ], [ 124.003034322156111, 10.383478882417208 ], [ 124.004678435845918, 10.38347374176859 ], [ 124.004677569752943, 10.38320245286285 ] ] ], [ [ [ 124.007692642044162, 10.383464295387935 ], [ 124.006048529931036, 10.38346945146581 ], [ 124.00604939722848, 10.383740740252357 ], [ 124.007693510758415, 10.383735584036813 ], [ 124.007692642044162, 10.383464295387935 ] ] ], [ [ [ 124.004679301962696, 10.383745030669534 ], [ 124.005501359193872, 10.383742457120604 ], [ 124.005500492368682, 10.383471168288228 ], [ 124.004678435845918, 10.38347374176859 ], [ 124.004679301962696, 10.383745030669534 ] ] ], [ [ [ 124.00276030312429, 10.383479738373758 ], [ 124.002761167588162, 10.383751027434752 ], [ 124.003035186856067, 10.383750171455375 ], [ 124.003034322156111, 10.383478882417208 ], [ 124.00276030312429, 10.383479738373758 ] ] ], [ [ [ 124.008241548410211, 10.383733863428091 ], [ 124.007693510758415, 10.383735584036813 ], [ 124.00769437949657, 10.384006872681073 ], [ 124.008242417620693, 10.384005152026432 ], [ 124.008241548410211, 10.383733863428091 ] ] ], [ [ [ 124.008516436646744, 10.384004291348415 ], [ 124.008242417620693, 10.384005152026432 ], [ 124.008243286855063, 10.384276440620155 ], [ 124.008517306117284, 10.384275579919134 ], [ 124.008516436646744, 10.384004291348415 ] ] ], [ [ [ 123.993719375113869, 10.384050433408188 ], [ 123.993445354803342, 10.38405128146146 ], [ 123.993446211285956, 10.384322571286109 ], [ 123.993720231832654, 10.384321723210189 ], [ 123.993719375113869, 10.384050433408188 ] ] ], [ [ [ 124.008791325355602, 10.384274718984344 ], [ 124.008517306117284, 10.384275579919134 ], [ 124.008518175611883, 10.384546868485323 ], [ 124.008792195086286, 10.384546007527529 ], [ 124.008791325355602, 10.384274718984344 ] ] ], [ [ [ 124.003310936043988, 10.384291893258968 ], [ 124.003036916327659, 10.384292749517854 ], [ 124.003037781099195, 10.384564038542077 ], [ 124.003311801051609, 10.384563182260365 ], [ 124.003310936043988, 10.384291893258968 ] ] ], [ [ [ 124.009340233963229, 10.384544284910636 ], [ 124.008792195086286, 10.384546007527529 ], [ 124.008793064840873, 10.384817296066007 ], [ 124.009341104190142, 10.384815573403106 ], [ 124.009340233963229, 10.384544284910636 ] ] ], [ [ [ 123.993447924321984, 10.384865150921463 ], [ 123.993447067792118, 10.38459386110614 ], [ 123.993173046985717, 10.384594708970941 ], [ 123.993173903279327, 10.384865998808824 ], [ 123.993447924321984, 10.384865150921463 ] ] ], [ [ [ 124.009889143443502, 10.384813849805042 ], [ 124.009341104190142, 10.384815573403106 ], [ 124.009341974441128, 10.385086861891047 ], [ 124.009890014166729, 10.385085138246886 ], [ 124.009889143443502, 10.384813849805042 ] ] ], [ [ [ 123.992899882213138, 10.384866846462415 ], [ 123.99290073829421, 10.385138136318417 ], [ 123.99317475959657, 10.385137288642177 ], [ 123.993173903279327, 10.384865998808824 ], [ 123.992899882213138, 10.384866846462415 ] ] ], [ [ [ 123.992625861123315, 10.384867693882239 ], [ 123.992351840009874, 10.384868541068204 ], [ 123.992352695618607, 10.385139830969326 ], [ 123.992626716968218, 10.3851389837608 ], [ 123.992625861123315, 10.384867693882239 ] ] ], [ [ [ 124.010438053796406, 10.385083413667562 ], [ 124.009890014166729, 10.385085138246886 ], [ 124.009890884914029, 10.385356426684201 ], [ 124.010438925015947, 10.38535470205878 ], [ 124.010438053796406, 10.385083413667562 ] ] ], [ [ [ 123.991530631428461, 10.385142371192114 ], [ 123.991256609984617, 10.385143217465387 ], [ 123.991257464672231, 10.385414507452307 ], [ 123.991531486352329, 10.385413661156473 ], [ 123.991530631428461, 10.385142371192114 ] ] ], [ [ [ 124.010712945030889, 10.385353839395417 ], [ 124.010438925015947, 10.38535470205878 ], [ 124.010439796259561, 10.38562599044538 ], [ 124.010713816510673, 10.385625127759013 ], [ 124.010712945030889, 10.385353839395417 ] ] ], [ [ [ 123.996189851302475, 10.385399238351479 ], [ 123.995915830023918, 10.385400088622355 ], [ 123.995916688750157, 10.385671378219897 ], [ 123.996190710264884, 10.385670527926372 ], [ 123.996189851302475, 10.385399238351479 ] ] ], [ [ [ 123.990435399490877, 10.385417044936929 ], [ 123.990161377716632, 10.385417890297511 ], [ 123.990162231483112, 10.385689180370051 ], [ 123.990436253493527, 10.385688334986909 ], [ 123.990435399490877, 10.385417044936929 ] ] ], [ [ [ 124.011261856940948, 10.385623401684708 ], [ 124.010713816510673, 10.385625127759013 ], [ 124.010714688014517, 10.385896416117902 ], [ 124.011262728917131, 10.3858946899975 ], [ 124.011261856940948, 10.385623401684708 ] ] ], [ [ [ 124.011810769723553, 10.385892962941845 ], [ 124.011262728917131, 10.3858946899975 ], [ 124.011263600917289, 10.386165978305762 ], [ 124.011811642196136, 10.386164251204011 ], [ 124.011810769723553, 10.385892962941845 ] ] ], [ [ [ 124.011812514692707, 10.38643553946147 ], [ 124.013456639369195, 10.386430352405707 ], [ 124.013455765455461, 10.386159064286627 ], [ 124.011811642196136, 10.386164251204011 ], [ 124.011812514692707, 10.38643553946147 ] ] ], [ [ [ 123.996192428260755, 10.386213107062126 ], [ 123.995918406273617, 10.386213957401036 ], [ 123.995919265070825, 10.386485246984634 ], [ 123.996193287294133, 10.386484396622986 ], [ 123.996192428260755, 10.386213107062126 ] ] ], [ [ [ 123.988793826319977, 10.38623598413454 ], [ 123.988519803696093, 10.386236828159657 ], [ 123.988520656115909, 10.386508118353433 ], [ 123.988794678976049, 10.386507274305757 ], [ 123.988793826319977, 10.38623598413454 ] ] ], [ [ [ 123.987971758377896, 10.386238515508495 ], [ 123.987697735683668, 10.386239358832128 ], [ 123.987698587394902, 10.386510649093406 ], [ 123.987972610325386, 10.386509805747302 ], [ 123.987971758377896, 10.386238515508495 ] ] ], [ [ [ 124.017566947264214, 10.386417347936117 ], [ 124.017292926906876, 10.386418216537663 ], [ 124.017293547279081, 10.386610067354763 ], [ 124.017567824744972, 10.386688635703656 ], [ 124.017566947264214, 10.386417347936117 ] ] ], [ [ [ 124.004960252746855, 10.385914483911385 ], [ 124.004686231756594, 10.385915341710373 ], [ 124.004684499164924, 10.38537276397803 ], [ 124.0044104786232, 10.385373621497418 ], [ 124.004407880623162, 10.384559754795475 ], [ 124.004133860766046, 10.384560612012351 ], [ 124.004132995049929, 10.384289323079521 ], [ 124.00385897540508, 10.384290180039802 ], [ 124.003859840885127, 10.384561468995546 ], [ 124.003311801051609, 10.384563182260365 ], [ 124.003312666083133, 10.384834471257143 ], [ 124.003586686247999, 10.384833614718747 ], [ 124.003587551539482, 10.385104903687992 ], [ 124.004135592269961, 10.385103189864065 ], [ 124.004137323869188, 10.385645767697216 ], [ 124.00441134467097, 10.38564491038877 ], [ 124.004413076838006, 10.386187488157617 ], [ 124.004687098088311, 10.386186630569572 ], [ 124.004688830823241, 10.386729208274026 ], [ 124.004962852522084, 10.386728350406383 ], [ 124.004960252746855, 10.385914483911385 ] ] ], [ [ [ 124.015923700821475, 10.386693843944162 ], [ 124.01564968008293, 10.386694711165834 ], [ 124.015650555934499, 10.386965999090759 ], [ 124.015924576909214, 10.386965131845994 ], [ 124.015923700821475, 10.386693843944162 ] ] ], [ [ [ 124.005236874196953, 10.386727492304971 ], [ 124.004962852522084, 10.386728350406383 ], [ 124.004963719161566, 10.386999639228723 ], [ 124.005237741072676, 10.386998781104396 ], [ 124.005236874196953, 10.386727492304971 ] ] ], [ [ [ 124.006059806662677, 10.386996205328181 ], [ 124.005237741072676, 10.386998781104396 ], [ 124.005238607972203, 10.387270069899202 ], [ 124.006060674270884, 10.387267494054242 ], [ 124.006059806662677, 10.386996205328181 ] ] ], [ [ [ 123.986878220538145, 10.387055758372188 ], [ 123.986604197041459, 10.387056600827805 ], [ 123.986605047878186, 10.387327891165111 ], [ 123.986879071611142, 10.387327048686934 ], [ 123.986878220538145, 10.387055758372188 ] ] ], [ [ [ 124.006883608695134, 10.387536204757264 ], [ 124.006609586455042, 10.387537064330655 ], [ 124.006608718350421, 10.387265775654953 ], [ 124.006060674270884, 10.387267494054242 ], [ 124.00606154190308, 10.387538782775774 ], [ 124.006335564190962, 10.387537923670099 ], [ 124.006336432083287, 10.387809212364008 ], [ 124.006884477059899, 10.387807493405255 ], [ 124.006883608695134, 10.387536204757264 ] ] ], [ [ [ 123.999210976951048, 10.387560184408418 ], [ 123.998936954043572, 10.387561037433446 ], [ 123.998937815557724, 10.387832326743929 ], [ 123.99921183870137, 10.387831473696163 ], [ 123.999210976951048, 10.387560184408418 ] ] ], [ [ [ 123.98715479800947, 10.387868786545685 ], [ 123.986880773827465, 10.38786962930266 ], [ 123.986881624970792, 10.388140919603462 ], [ 123.987155649389067, 10.388140076824016 ], [ 123.98715479800947, 10.387868786545685 ] ] ], [ [ [ 124.007432521940842, 10.387805773511072 ], [ 124.006884477059899, 10.387807493405255 ], [ 124.006885345448538, 10.388078782048716 ], [ 124.007159368137167, 10.388077922195549 ], [ 124.007160236786063, 10.388349210811388 ], [ 124.007434259687045, 10.388348350701449 ], [ 124.007432521940842, 10.387805773511072 ] ] ], [ [ [ 124.007708282564067, 10.388347490357653 ], [ 124.007434259687045, 10.388348350701449 ], [ 124.007435128596001, 10.388619639289665 ], [ 124.007709151709349, 10.388618778922954 ], [ 124.007708282564067, 10.388347490357653 ] ] ], [ [ [ 124.007710020878534, 10.388890067483548 ], [ 124.008258067505722, 10.388888346002368 ], [ 124.008257197863941, 10.388617057487693 ], [ 124.007709151709349, 10.388618778922954 ], [ 124.007710020878534, 10.388890067483548 ] ] ], [ [ [ 124.008260676574594, 10.389702211518681 ], [ 124.007986652564185, 10.389703072445034 ], [ 124.007987522065449, 10.38997436096415 ], [ 124.008261546312127, 10.389973500014793 ], [ 124.008260676574594, 10.389702211518681 ] ] ], [ [ [ 124.007166317998042, 10.390248230991961 ], [ 124.007714367083793, 10.390246510216972 ], [ 124.007713497794796, 10.38997522167956 ], [ 124.007165449181727, 10.38997694240863 ], [ 124.007166317998042, 10.390248230991961 ] ] ], [ [ [ 124.00716458038923, 10.389705653820769 ], [ 124.006890556283068, 10.389706513811515 ], [ 124.0068896877508, 10.389435225195943 ], [ 124.006615663856991, 10.389436084929827 ], [ 124.006618268816624, 10.390249950831254 ], [ 124.00689229341927, 10.390249091028537 ], [ 124.006891424839225, 10.38997780242229 ], [ 124.007165449181727, 10.38997694240863 ], [ 124.00716458038923, 10.389705653820769 ] ] ], [ [ [ 123.988531739711561, 10.390034890449574 ], [ 123.988257713756823, 10.390035734556047 ], [ 123.988258566269295, 10.39030702470728 ], [ 123.988532592460274, 10.390306180578335 ], [ 123.988531739711561, 10.390034890449574 ] ] ], [ [ [ 124.006620005575982, 10.390792528075544 ], [ 124.006619137184316, 10.390521239455708 ], [ 124.006345112321426, 10.390522099047395 ], [ 124.006345980476752, 10.390793387690145 ], [ 124.006620005575982, 10.390792528075544 ] ] ], [ [ [ 124.006071955353704, 10.390794247070801 ], [ 124.006072823296677, 10.391065535731759 ], [ 124.006346848656051, 10.391064676328277 ], [ 124.006345980476752, 10.390793387690145 ], [ 124.006071955353704, 10.390794247070801 ] ] ], [ [ [ 124.005251614332821, 10.391339401263878 ], [ 124.005250747074911, 10.391068112538793 ], [ 124.005798797913315, 10.391066394901383 ], [ 124.005797930206597, 10.39079510621751 ], [ 124.004975854622202, 10.390797682253872 ], [ 124.004976721619954, 10.39106897100649 ], [ 124.004702696141024, 10.39106982924033 ], [ 124.004703562926338, 10.391341118011155 ], [ 124.005251614332821, 10.391339401263878 ] ] ], [ [ [ 123.99511093089319, 10.390828430460342 ], [ 123.994836904795108, 10.390829280249203 ], [ 123.994838621327446, 10.391371859435051 ], [ 123.995112647898125, 10.391371009600892 ], [ 123.99511093089319, 10.390828430460342 ] ] ], [ [ [ 123.994289710309829, 10.391102268765529 ], [ 123.994015683904621, 10.391103117875112 ], [ 123.994016541473655, 10.391374407533672 ], [ 123.994290568115218, 10.39137355840144 ], [ 123.994289710309829, 10.391102268765529 ] ] ], [ [ [ 124.004155511424287, 10.391342833822648 ], [ 124.004157244121217, 10.391885411442015 ], [ 124.004431270356775, 10.3918845536075 ], [ 124.004430403760026, 10.391613264822997 ], [ 124.004704429735455, 10.391612406777451 ], [ 124.004703562926338, 10.391341118011155 ], [ 124.004155511424287, 10.391342833822648 ] ] ], [ [ [ 124.003883217861755, 10.391886269042494 ], [ 124.003884084009698, 10.392157557868121 ], [ 124.004158110505514, 10.392156700244637 ], [ 124.004157244121217, 10.391885411442015 ], [ 124.003883217861755, 10.391886269042494 ] ] ], [ [ [ 124.003610057490008, 10.392158415257569 ], [ 124.003610923425413, 10.392429704101314 ], [ 124.003884950181458, 10.39242884668904 ], [ 124.003884084009698, 10.392157557868121 ], [ 124.003610057490008, 10.392158415257569 ] ] ], [ [ [ 124.003336896645578, 10.392430561279642 ], [ 124.003337762368616, 10.392701850141595 ], [ 124.003611789384806, 10.392700992940441 ], [ 124.003610923425413, 10.392429704101314 ], [ 124.003336896645578, 10.392430561279642 ] ] ], [ [ [ 124.003063735328539, 10.392702707108803 ], [ 124.003064600839053, 10.392973995988964 ], [ 124.003338628115387, 10.392973138998929 ], [ 124.003337762368616, 10.392701850141595 ], [ 124.003063735328539, 10.392702707108803 ] ] ], [ [ [ 123.998679299450444, 10.39271638676097 ], [ 123.998405272005982, 10.392717239750294 ], [ 123.998406133498463, 10.392988529017966 ], [ 123.998680161179266, 10.392987676005905 ], [ 123.998679299450444, 10.39271638676097 ] ] ], [ [ [ 124.002790573538732, 10.392974852744963 ], [ 124.002792304158461, 10.393517430537081 ], [ 124.003066331931478, 10.39351657373534 ], [ 124.003064600839053, 10.392973995988964 ], [ 124.002790573538732, 10.392974852744963 ] ] ], [ [ [ 123.988816003013966, 10.393289527076888 ], [ 123.988541974246729, 10.393290371687492 ], [ 123.988542827277357, 10.393561661760476 ], [ 123.988816856280934, 10.393560817127312 ], [ 123.988816003013966, 10.393289527076888 ] ] ], [ [ [ 124.002518276361656, 10.393518287104786 ], [ 124.002519141470884, 10.393789576016655 ], [ 124.002793169504045, 10.393788719426123 ], [ 124.002792304158461, 10.393517430537081 ], [ 124.002518276361656, 10.393518287104786 ] ] ], [ [ [ 124.002245113413935, 10.39379043237324 ], [ 124.002245978310611, 10.394061721303228 ], [ 124.002520006603916, 10.394060864923905 ], [ 124.002519141470884, 10.393789576016655 ], [ 124.002245113413935, 10.39379043237324 ] ] ], [ [ [ 124.001971949993418, 10.394062577448604 ], [ 124.001972814677572, 10.394333866396888 ], [ 124.002246843231106, 10.394333010228685 ], [ 124.002245978310611, 10.394061721303228 ], [ 124.001971949993418, 10.394062577448604 ] ] ], [ [ [ 123.996491378657907, 10.394079651210831 ], [ 123.996217349841999, 10.394080502441739 ], [ 123.996218209562031, 10.394351791867862 ], [ 123.99649223861428, 10.394350940614306 ], [ 123.996491378657907, 10.394079651210831 ] ] ], [ [ [ 123.988818562885385, 10.394103397214216 ], [ 123.988544533409126, 10.394104241892411 ], [ 123.988545386510268, 10.39437553195145 ], [ 123.988819416222967, 10.394374687250696 ], [ 123.988818562885385, 10.394103397214216 ] ] ], [ [ [ 124.001699650571652, 10.394606011297459 ], [ 124.001425621734086, 10.394606867020329 ], [ 124.001426485993051, 10.394878156004939 ], [ 124.001700515066972, 10.394877300259243 ], [ 124.001699650571652, 10.394606011297459 ] ] ], [ [ [ 123.995397840355864, 10.394896923198782 ], [ 123.99512381073616, 10.394897773561585 ], [ 123.995124669581514, 10.395169063064447 ], [ 123.995398699437644, 10.395168212678996 ], [ 123.995397840355864, 10.394896923198782 ] ] ], [ [ [ 123.997044599148921, 10.395705684125456 ], [ 123.996770568962035, 10.395706535960592 ], [ 123.996771429296942, 10.395977825313441 ], [ 123.997045459720269, 10.395976973455568 ], [ 123.997044599148921, 10.395705684125456 ] ] ], [ [ [ 123.990467868137756, 10.395726063568301 ], [ 123.990193837384112, 10.395726909785974 ], [ 123.99019469204481, 10.395998199681856 ], [ 123.990468723034894, 10.395997353441622 ], [ 123.990467868137756, 10.395726063568301 ] ] ], [ [ [ 123.996773150037825, 10.396520404005194 ], [ 123.996772289655567, 10.396249114661583 ], [ 123.996498258972096, 10.396249966308158 ], [ 123.996499119117914, 10.39652125567433 ], [ 123.996773150037825, 10.396520404005194 ] ] ], [ [ [ 123.995677026216072, 10.396523809277436 ], [ 123.995677885676315, 10.396795098707113 ], [ 123.996499979287449, 10.396792545035972 ], [ 123.996499119117914, 10.39652125567433 ], [ 123.995677026216072, 10.396523809277436 ] ] ], [ [ [ 123.990471287867322, 10.396811223033787 ], [ 123.990197256167946, 10.396812069341699 ], [ 123.990198110922705, 10.397083359219017 ], [ 123.990472142858607, 10.397082512888545 ], [ 123.990471287867322, 10.396811223033787 ] ] ], [ [ [ 123.997323794514244, 10.397332567830986 ], [ 123.997049762932377, 10.397333420036492 ], [ 123.997050623645833, 10.397604709338715 ], [ 123.997324655464226, 10.397603857110472 ], [ 123.997323794514244, 10.397332567830986 ] ] ], [ [ [ 123.989650901285813, 10.39735634109541 ], [ 123.989376869042871, 10.397357186746159 ], [ 123.98937772313532, 10.397628476681831 ], [ 123.989651755614688, 10.397627631008522 ], [ 123.989650901285813, 10.39735634109541 ] ] ], [ [ [ 123.9910219176586, 10.397623399130651 ], [ 123.990473852911677, 10.397625092584118 ], [ 123.990474707973476, 10.397896382424932 ], [ 123.99102277319345, 10.397894688926346 ], [ 123.9910219176586, 10.397623399130651 ] ] ], [ [ [ 123.998694814200292, 10.397599592457929 ], [ 123.998420782500475, 10.397600445856614 ], [ 123.998422506363383, 10.39814302421992 ], [ 123.99869653853608, 10.398142170775671 ], [ 123.998694814200292, 10.397599592457929 ] ] ], [ [ [ 123.990200675328197, 10.397897228823084 ], [ 123.989926642659455, 10.397898074987111 ], [ 123.989927497271836, 10.398169364868338 ], [ 123.990201530177188, 10.39816851868175 ], [ 123.990200675328197, 10.397897228823084 ] ] ], [ [ [ 123.992941857934611, 10.398160043939598 ], [ 123.992667825264988, 10.398160892467335 ], [ 123.992668682265773, 10.398432182118167 ], [ 123.992942715172006, 10.398431333567782 ], [ 123.992941857934611, 10.398160043939598 ] ] ], [ [ [ 124.000341594695996, 10.398408334209275 ], [ 124.000067562429336, 10.398409189081004 ], [ 124.000068425839032, 10.398680478114464 ], [ 124.000342458342217, 10.398679623219998 ], [ 124.000341594695996, 10.398408334209275 ] ] ], [ [ [ 123.999519497824707, 10.398410898122002 ], [ 123.999245465486723, 10.39841175229127 ], [ 123.999246328186942, 10.398683041393031 ], [ 123.999520360761451, 10.398682187200937 ], [ 123.999519497824707, 10.398410898122002 ] ] ], [ [ [ 123.997875303440765, 10.398416019626112 ], [ 123.997601270960416, 10.398416872390637 ], [ 123.997602132241681, 10.398688161628822 ], [ 123.997876164958555, 10.398687308841559 ], [ 123.997875303440765, 10.398416019626112 ] ] ], [ [ [ 123.995957075580577, 10.398421984061635 ], [ 123.995683042934402, 10.398422835187294 ], [ 123.995683902560188, 10.398694124584463 ], [ 123.995957935442888, 10.398693273436066 ], [ 123.995957075580577, 10.398421984061635 ] ] ], [ [ [ 123.998972295588729, 10.398683895351002 ], [ 123.998698262966812, 10.39868474907485 ], [ 123.998699125217783, 10.398956038217467 ], [ 123.99897315807624, 10.398955184470882 ], [ 123.998972295588729, 10.398683895351002 ] ] ], [ [ [ 123.995135836723833, 10.398695826178884 ], [ 123.994861803770164, 10.398696676624908 ], [ 123.994862662710204, 10.398967966085316 ], [ 123.9951366959003, 10.398967115616642 ], [ 123.995135836723833, 10.398695826178884 ] ] ], [ [ [ 123.994313737791884, 10.398698376814497 ], [ 123.994039704767346, 10.398699226558151 ], [ 123.994040562997895, 10.398970516086504 ], [ 123.99431459625896, 10.398969666320291 ], [ 123.994313737791884, 10.398698376814497 ] ] ], [ [ [ 123.993766529713113, 10.398971365618682 ], [ 123.993492496404812, 10.398972214916647 ], [ 123.993493354185944, 10.399243504485678 ], [ 123.99376738773077, 10.399242655165065 ], [ 123.993766529713113, 10.398971365618682 ] ] ], [ [ [ 124.000346776929746, 10.400036068203445 ], [ 124.000345913164679, 10.399764779216081 ], [ 124.000071879715506, 10.399765634201675 ], [ 124.000072743244047, 10.400036923211864 ], [ 124.000346776929746, 10.400036068203445 ] ] ], [ [ [ 123.999798709534545, 10.400037777986071 ], [ 123.999799572850279, 10.40030906701438 ], [ 124.000073606796292, 10.400308212217347 ], [ 124.000072743244047, 10.400036923211864 ], [ 123.999798709534545, 10.400037777986071 ] ] ], [ [ [ 123.999525538880533, 10.4003099215772 ], [ 123.999251504886999, 10.400310775905808 ], [ 123.999253230643689, 10.400853354039519 ], [ 123.999527265110274, 10.400852499665348 ], [ 123.999525538880533, 10.4003099215772 ] ] ], [ [ [ 123.999802162940199, 10.401122934071328 ], [ 123.999528128260806, 10.401123788702449 ], [ 123.999529854633096, 10.401666366762797 ], [ 123.999803889785611, 10.401665512086112 ], [ 123.999802162940199, 10.401122934071328 ] ] ], [ [ [ 123.999530717854853, 10.401937655785954 ], [ 123.999256682441995, 10.401938510251163 ], [ 123.999257545450959, 10.402209799292439 ], [ 123.999531581100413, 10.402208944804404 ], [ 123.999530717854853, 10.401937655785954 ] ] ], [ [ [ 123.998986098237452, 10.403024520710325 ], [ 123.99871206183073, 10.403025374798148 ], [ 123.998712924461486, 10.403296663866335 ], [ 123.998986961104734, 10.403295809755775 ], [ 123.998986098237452, 10.403024520710325 ] ] ], [ [ [ 123.998439750212313, 10.403568806828989 ], [ 123.998165713285033, 10.403569660493773 ], [ 123.998166575490004, 10.403840949598109 ], [ 123.998440612653994, 10.403840095910589 ], [ 123.998439750212313, 10.403568806828989 ] ] ], [ [ [ 123.994329193813769, 10.403581587206368 ], [ 123.994055156531203, 10.403582437357606 ], [ 123.994056015187027, 10.403853726802293 ], [ 123.994330052706189, 10.403852876628406 ], [ 123.994329193813769, 10.403581587206368 ] ] ], [ [ [ 123.994878127673644, 10.403851175577906 ], [ 123.994604090201733, 10.403852026220306 ], [ 123.994604949354382, 10.404123315614989 ], [ 123.994878987062918, 10.404122464949939 ], [ 123.994878127673644, 10.403851175577906 ] ] ], [ [ [ 123.996524073649866, 10.404388645271812 ], [ 123.996250035846657, 10.404389497365052 ], [ 123.996252617776975, 10.405203365099236 ], [ 123.996526656290015, 10.405202512937873 ], [ 123.996524073649866, 10.404388645271812 ] ] ], [ [ [ 123.994882424856428, 10.40520762239171 ], [ 123.995156463487859, 10.405206771401765 ], [ 123.995155603767387, 10.404935482070943 ], [ 123.99542964213849, 10.404934630869434 ], [ 123.995427922295121, 10.404392052239231 ], [ 123.99570196016937, 10.404391200848806 ], [ 123.99570110004656, 10.404119911549337 ], [ 123.995427062408993, 10.404120762917202 ], [ 123.995425342707634, 10.403578184259111 ], [ 123.995151305519585, 10.403579035347288 ], [ 123.995153024747722, 10.404121614050677 ], [ 123.994878987062918, 10.404122464949939 ], [ 123.994882424856428, 10.40520762239171 ] ] ], [ [ [ 123.994334347522695, 10.405209323668696 ], [ 123.994335206556869, 10.405480613062846 ], [ 123.994883284364008, 10.405478911740474 ], [ 123.994882424856428, 10.40520762239171 ], [ 123.994334347522695, 10.405209323668696 ] ] ], [ [ [ 123.994061167617858, 10.405481463372535 ], [ 123.994062026439053, 10.405752752784625 ], [ 123.99433606561476, 10.405751902452288 ], [ 123.994335206556869, 10.405480613062846 ], [ 123.994061167617858, 10.405481463372535 ] ] ], [ [ [ 123.993789704479667, 10.406296181738195 ], [ 123.993515664783402, 10.406297031647316 ], [ 123.993516523202075, 10.406568321090671 ], [ 123.993790563135036, 10.40656747115899 ], [ 123.993789704479667, 10.406296181738195 ] ] ], [ [ [ 123.993791421814038, 10.406838760575077 ], [ 123.994065461959991, 10.406837910386447 ], [ 123.994064603044379, 10.406566620993008 ], [ 123.993790563135036, 10.40656747115899 ], [ 123.993791421814038, 10.406838760575077 ] ] ], [ [ [ 123.994340361258423, 10.407108349329686 ], [ 123.994066320899307, 10.407109199775267 ], [ 123.994067179862256, 10.407380489159468 ], [ 123.994341220458068, 10.40737963869115 ], [ 123.994340361258423, 10.407108349329686 ] ] ], [ [ [ 123.994068038848823, 10.407651778538963 ], [ 123.993793997992768, 10.407652628795539 ], [ 123.993794856766272, 10.407923918192974 ], [ 123.992972733346079, 10.407926467624574 ], [ 123.992973591433099, 10.408197757085247 ], [ 123.994069756892841, 10.408194357284007 ], [ 123.994068038848823, 10.407651778538963 ] ] ], [ [ [ 123.992699550009064, 10.408198606449737 ], [ 123.992425508561482, 10.408199455579837 ], [ 123.992426366198558, 10.4084707450811 ], [ 123.992700407882921, 10.408469895928441 ], [ 123.992699550009064, 10.408198606449737 ] ] ], [ [ [ 123.992701265780326, 10.408741185402437 ], [ 123.992975307677767, 10.408740335992739 ], [ 123.992974449543581, 10.408469046541303 ], [ 123.992700407882921, 10.408469895928441 ], [ 123.992701265780326, 10.408741185402437 ] ] ], [ [ [ 123.99325020794609, 10.409010775772821 ], [ 123.992976165835486, 10.409011625439557 ], [ 123.992977882221808, 10.409554204319072 ], [ 123.993251924805904, 10.409553354607127 ], [ 123.99325020794609, 10.409010775772821 ] ] ], [ [ [ 123.996541295277808, 10.409814428920939 ], [ 123.996539572688718, 10.40927185063979 ], [ 123.996265530625095, 10.409272703141593 ], [ 123.996267252740793, 10.409815281468127 ], [ 123.996541295277808, 10.409814428920939 ] ] ], [ [ [ 123.995991488537854, 10.409273555409005 ], [ 123.995717446426895, 10.409274407441938 ], [ 123.995718306999393, 10.409545696652945 ], [ 123.99544426462802, 10.409546548474225 ], [ 123.995445124987455, 10.409817837703262 ], [ 123.995993210179975, 10.409816133780836 ], [ 123.995991488537854, 10.409273555409005 ] ] ], [ [ [ 123.994621277746532, 10.4092778132303 ], [ 123.994347235517367, 10.40927866409146 ], [ 123.994348954318369, 10.40982124273534 ], [ 123.994622997021125, 10.409820391828884 ], [ 123.994621277746532, 10.4092778132303 ] ] ], [ [ [ 123.993526826068447, 10.409823794048368 ], [ 123.993252783271203, 10.409824644017352 ], [ 123.99325364176012, 10.410095933422781 ], [ 123.993527684794159, 10.410095083431237 ], [ 123.993526826068447, 10.409823794048368 ] ] ], [ [ [ 123.995993210179975, 10.409816133780836 ], [ 123.995995792820736, 10.410630001303812 ], [ 123.996269836091841, 10.410629148922979 ], [ 123.996267252740793, 10.409815281468127 ], [ 123.995993210179975, 10.409816133780836 ] ] ], [ [ [ 123.995445124987455, 10.409817837703262 ], [ 123.995171082355668, 10.409818689312889 ], [ 123.995173662865511, 10.410632557039879 ], [ 123.995447706207585, 10.410631705362217 ], [ 123.995445124987455, 10.409817837703262 ] ] ], [ [ [ 123.993802586790622, 10.410365522560994 ], [ 123.99352854354342, 10.410366372809488 ], [ 123.993529402316383, 10.41063766218312 ], [ 123.993803445800367, 10.410636811911889 ], [ 123.993802586790622, 10.410365522560994 ] ] ], [ [ [ 123.995447706207585, 10.410631705362217 ], [ 123.995448566661594, 10.410902994572602 ], [ 123.995996653748421, 10.410901290468811 ], [ 123.995995792820736, 10.410630001303812 ], [ 123.995447706207585, 10.410631705362217 ] ] ], [ [ [ 123.994627295621356, 10.411176838243897 ], [ 123.994353251734751, 10.411177689263596 ], [ 123.994354111288871, 10.411448978555338 ], [ 123.994628155412357, 10.41144812751299 ], [ 123.994627295621356, 10.411176838243897 ] ] ], [ [ [ 123.99380516389057, 10.411179390599823 ], [ 123.993531119933095, 10.411180240916263 ], [ 123.993531978776844, 10.411451530275862 ], [ 123.993806022971199, 10.411450679936774 ], [ 123.99380516389057, 10.411179390599823 ] ] ], [ [ [ 123.993806882075376, 10.411721969269106 ], [ 123.994080926482894, 10.41172111867289 ], [ 123.994080067141851, 10.411449829363296 ], [ 123.993806022971199, 10.411450679936774 ], [ 123.993806882075376, 10.411721969269106 ] ] ], [ [ [ 123.996272419656137, 10.411443016335909 ], [ 123.995998375674674, 10.411443868784776 ], [ 123.995997514699653, 10.411172579629103 ], [ 123.995449427139334, 10.41117428377828 ], [ 123.995450287640693, 10.411445572979339 ], [ 123.995724331669493, 10.411444720999253 ], [ 123.995725192431351, 10.411716010172956 ], [ 123.995999236673327, 10.411715157935831 ], [ 123.996005264326726, 10.413614181862563 ], [ 123.996279310202752, 10.413613329232152 ], [ 123.996272419656137, 10.411443016335909 ] ] ], [ [ [ 123.996280171627646, 10.413884618323255 ], [ 123.996554217716849, 10.413883765435628 ], [ 123.996553356055173, 10.413612476367263 ], [ 123.996279310202752, 10.413613329232152 ], [ 123.996280171627646, 10.413884618323255 ] ] ], [ [ [ 123.996281894548474, 10.414427196491427 ], [ 123.996007847961891, 10.414428049189873 ], [ 123.996008709220959, 10.41469933828968 ], [ 123.995734662373692, 10.414700190776383 ], [ 123.995735523419597, 10.41497147989422 ], [ 123.996283617564075, 10.414969774640948 ], [ 123.996281894548474, 10.414427196491427 ] ] ], [ [ [ 123.995462337144488, 10.415243621304871 ], [ 123.995461476311831, 10.414972332169093 ], [ 123.995187429180362, 10.414973184209398 ], [ 123.995188289776138, 10.415244473367913 ], [ 123.995462337144488, 10.415243621304871 ] ] ], [ [ [ 123.994914242384155, 10.415245325196388 ], [ 123.994915963172915, 10.415787903544771 ], [ 123.995190011038645, 10.415787051671 ], [ 123.995188289776138, 10.415244473367913 ], [ 123.994914242384155, 10.415245325196388 ] ] ], [ [ [ 123.995464919784368, 10.416057488684494 ], [ 123.995190871705375, 10.416058340815482 ], [ 123.995191732395739, 10.416329629955346 ], [ 123.995465780711697, 10.41632877780162 ], [ 123.995464919784368, 10.416057488684494 ] ] ], [ [ [ 123.996013877272631, 10.416327072790644 ], [ 123.995739829004023, 10.416327925413416 ], [ 123.995740690191852, 10.416599214503275 ], [ 123.996014738697426, 10.416598361857766 ], [ 123.996013877272631, 10.416327072790644 ] ] ], [ [ [ 123.996017323113932, 10.41741222903142 ], [ 123.996291372306516, 10.417411376083308 ], [ 123.996288787179211, 10.416597508977777 ], [ 123.996014738697426, 10.416598361857766 ], [ 123.996017323113932, 10.41741222903142 ] ] ], [ [ [ 123.996568869591314, 10.418495678885343 ], [ 123.996294819474485, 10.418496532158795 ], [ 123.996299128967436, 10.419852977148281 ], [ 123.996573180269166, 10.419852123761409 ], [ 123.996568869591314, 10.418495678885343 ] ] ], [ [ [ 123.995753610850798, 10.420668550292145 ], [ 123.995479558767016, 10.420669403043259 ], [ 123.995481281449898, 10.421211981114531 ], [ 123.995755334007796, 10.42121112831812 ], [ 123.995753610850798, 10.420668550292145 ] ] ], [ [ [ 123.996303439052426, 10.421209422021239 ], [ 123.996029386541963, 10.421210275287052 ], [ 123.996030248392998, 10.42148156427033 ], [ 123.996304301140526, 10.421480710981868 ], [ 123.996303439052426, 10.421209422021239 ] ] ], [ [ [ 123.99685413175996, 10.422021581517516 ], [ 123.996853269150421, 10.421750292611598 ], [ 123.996579216213178, 10.421751146392022 ], [ 123.996580078585666, 10.422022435320677 ], [ 123.99685413175996, 10.422021581517516 ] ] ], [ [ [ 123.996306025387753, 10.422023288889182 ], [ 123.996306887546808, 10.422294577835778 ], [ 123.996580940981872, 10.422293724244625 ], [ 123.996580078585666, 10.422022435320677 ], [ 123.996306025387753, 10.422023288889182 ] ] ], [ [ [ 123.99520981235905, 10.422026700816456 ], [ 123.994935759042832, 10.422027553211588 ], [ 123.994936620016617, 10.422298842271605 ], [ 123.995210673569972, 10.422297989853824 ], [ 123.99520981235905, 10.422026700816456 ] ] ], [ [ [ 123.993839545541078, 10.42203096044555 ], [ 123.993565492106555, 10.422031811667399 ], [ 123.993566351895069, 10.422303100840658 ], [ 123.993840405566644, 10.422302249596161 ], [ 123.993839545541078, 10.42203096044555 ] ] ], [ [ [ 124.000144498980333, 10.422553894827747 ], [ 123.999870445616779, 10.422554751492441 ], [ 123.999872176217323, 10.423097328771281 ], [ 124.00014623005508, 10.423096472061022 ], [ 124.000144498980333, 10.422553894827747 ] ] ], [ [ [ 123.99220209406613, 10.424206378416734 ], [ 123.991928038593329, 10.424207228411298 ], [ 123.991928897148156, 10.424478517682967 ], [ 123.992202952858108, 10.424477667665755 ], [ 123.99220209406613, 10.424206378416734 ] ] ], [ [ [ 123.992477867597074, 10.42474810663564 ], [ 123.992203811673619, 10.424748956910157 ], [ 123.992205529375411, 10.425291535384929 ], [ 123.992479585773168, 10.425290685065203 ], [ 123.992477867597074, 10.42474810663564 ] ] ], [ [ [ 123.991932331603365, 10.425563674722927 ], [ 123.991658274921306, 10.42556452459581 ], [ 123.991659133356947, 10.425835813866769 ], [ 123.991933190276058, 10.425834963971326 ], [ 123.991932331603365, 10.425563674722927 ] ] ], [ [ [ 123.991662567335112, 10.426920970903886 ], [ 123.991388509443709, 10.426921820654822 ], [ 123.991389367760064, 10.427193109925071 ], [ 123.991663425888603, 10.427192260151486 ], [ 123.991662567335112, 10.426920970903886 ] ] ], [ [ [ 123.992211542074998, 10.427190559899902 ], [ 123.99193748399361, 10.427191410143067 ], [ 123.991939201645678, 10.427733988579114 ], [ 123.992213260201439, 10.427733138290741 ], [ 123.992211542074998, 10.427190559899902 ] ] ], [ [ [ 123.99276223681521, 10.428002726152819 ], [ 123.99248817806938, 10.428003576933421 ], [ 123.992489037428811, 10.428274866094601 ], [ 123.992763096411778, 10.428274015291439 ], [ 123.99276223681521, 10.428002726152819 ] ] ], [ [ [ 123.994135973462136, 10.429083624801539 ], [ 123.994136834339287, 10.429354913808353 ], [ 123.99441089412943, 10.429354061505681 ], [ 123.994409171924303, 10.428811483532819 ], [ 123.994683231216356, 10.428810631040609 ], [ 123.994682369911999, 10.428539342069854 ], [ 123.994408310857168, 10.428540194539327 ], [ 123.99440744981375, 10.428268905541216 ], [ 123.994133390972451, 10.428269757753295 ], [ 123.994134251778718, 10.428541046774054 ], [ 123.993586133550934, 10.428542750539005 ], [ 123.993588714688187, 10.429356617709107 ], [ 123.993314654827159, 10.429357469307277 ], [ 123.993315515016235, 10.429628758377241 ], [ 123.993863635189129, 10.429627054900859 ], [ 123.993861913885596, 10.429084476846729 ], [ 123.994135973462136, 10.429083624801539 ] ] ], [ [ [ 123.995508857251096, 10.429893227719667 ], [ 123.994686676670142, 10.429895786877086 ], [ 123.994685815271197, 10.429624497924983 ], [ 123.994411755267521, 10.429625350485139 ], [ 123.994413477614501, 10.430167928430023 ], [ 123.995509719385367, 10.430164516599117 ], [ 123.995508857251096, 10.429893227719667 ] ] ], [ [ [ 124.00016874268178, 10.430149974396475 ], [ 123.999346562598561, 10.430152545599459 ], [ 123.999347428078067, 10.430423834156144 ], [ 123.998525247069196, 10.430426403313742 ], [ 123.998524382301468, 10.430155114688755 ], [ 123.997702201790688, 10.430157681664365 ], [ 123.997701337758372, 10.429886392966459 ], [ 123.997153217773771, 10.429888103063856 ], [ 123.997154944913092, 10.430430680545822 ], [ 123.996880884410714, 10.43043153528761 ], [ 123.996881747778673, 10.430702824044314 ], [ 123.998252051239689, 10.430698547872897 ], [ 123.998252915817602, 10.430969836511295 ], [ 123.999623219871651, 10.430965554354533 ], [ 123.999621488366842, 10.43042297730058 ], [ 123.999895548631812, 10.430422120210181 ], [ 123.999896414609594, 10.430693408716685 ], [ 124.000170475088083, 10.430692551368626 ], [ 124.00016874268178, 10.430149974396475 ] ] ], [ [ [ 123.995785504583168, 10.430706240753807 ], [ 123.995783779768999, 10.430163663054238 ], [ 123.995509719385367, 10.430164516599117 ], [ 123.995510581543357, 10.430435805473948 ], [ 123.995236520898871, 10.430436658806553 ], [ 123.995239106803069, 10.431250525471015 ], [ 123.995513168159349, 10.431249672070376 ], [ 123.995514030412025, 10.431520960926466 ], [ 123.995788091981908, 10.431520107268256 ], [ 123.995787229491995, 10.431248818434725 ], [ 123.996061290800938, 10.431247964564328 ], [ 123.996060428097422, 10.430976675748827 ], [ 123.996882611170335, 10.43097411279631 ], [ 123.996881747778673, 10.430702824044314 ], [ 123.995785504583168, 10.430706240753807 ] ] ], [ [ [ 124.000999592652292, 10.432860285070145 ], [ 124.001273654933954, 10.432859426600228 ], [ 124.001271052941732, 10.432045561520543 ], [ 124.000996991372034, 10.43204641992207 ], [ 124.000996124326136, 10.431775131530053 ], [ 124.000722062969942, 10.43177598967392 ], [ 124.000720329424198, 10.431233412830199 ], [ 124.000446268518758, 10.431234270693579 ], [ 124.000444535542769, 10.430691693785732 ], [ 124.000170475088083, 10.430692551368626 ], [ 124.000171341326904, 10.430963839847685 ], [ 123.999897280611179, 10.43096469721857 ], [ 123.99989901268566, 10.431507274208219 ], [ 124.000173073875942, 10.431506416791859 ], [ 124.000173940186158, 10.431777705256884 ], [ 124.000448001589959, 10.431776847582864 ], [ 124.000449734756188, 10.432319424453407 ], [ 124.000723796610814, 10.432318566498811 ], [ 124.000726397250617, 10.433132431701331 ], [ 124.001000459793318, 10.433131573443511 ], [ 124.000999592652292, 10.432860285070145 ] ] ], [ [ [ 124.001001326958146, 10.433402861812169 ], [ 124.001275389714451, 10.4334020032966 ], [ 124.001276257140404, 10.433673291637813 ], [ 124.001550320110155, 10.433672432864583 ], [ 124.001552055508199, 10.434215009487414 ], [ 124.001826118928861, 10.434214150433519 ], [ 124.001828722916557, 10.435028015264336 ], [ 124.002376851110498, 10.435026296314732 ], [ 124.002373377275774, 10.433941143380377 ], [ 124.002099314140125, 10.433942002881292 ], [ 124.002097577840388, 10.433399426340351 ], [ 124.001823515155493, 10.43340028556069 ], [ 124.001822647278701, 10.433128997260511 ], [ 124.001000459793318, 10.433131573443511 ], [ 124.001001326958146, 10.433402861812169 ] ] ], [ [ [ 124.001280594627318, 10.435029733273982 ], [ 124.001006530446986, 10.43503059192642 ], [ 124.001007397778437, 10.435301880262394 ], [ 124.001281462196175, 10.435301021587218 ], [ 124.001280594627318, 10.435029733273982 ] ] ], [ [ [ 124.001829590960156, 10.43529930353192 ], [ 124.001281462196175, 10.435301021587218 ], [ 124.001282329788751, 10.435572309895747 ], [ 124.001830459027545, 10.435570591794797 ], [ 124.001829590960156, 10.43529930353192 ] ] ], [ [ [ 124.000733333336896, 10.435302738702646 ], [ 124.000459268871637, 10.435303596907886 ], [ 124.000460135752078, 10.435574885284804 ], [ 124.000734200454829, 10.435574027056738 ], [ 124.000733333336896, 10.435302738702646 ] ] ], [ [ [ 124.006819242063017, 10.43864762379777 ], [ 124.005997041350525, 10.438650214186918 ], [ 124.005997913314715, 10.43892150204514 ], [ 124.006820114739526, 10.438918911587159 ], [ 124.006819242063017, 10.43864762379777 ] ] ], [ [ [ 124.005448907422689, 10.438651939937749 ], [ 124.005174840422839, 10.438652802460602 ], [ 124.00517571167461, 10.43892409038757 ], [ 124.005449778911881, 10.438923227841801 ], [ 124.005448907422689, 10.438651939937749 ] ] ], [ [ [ 124.007916382970748, 10.438915454352571 ], [ 124.007094181833267, 10.438918047631141 ], [ 124.007095054771156, 10.439189335392907 ], [ 124.007917256621056, 10.439186742045504 ], [ 124.007916382970748, 10.438915454352571 ] ] ], [ [ [ 124.005176582950284, 10.439195378309741 ], [ 124.004902515451732, 10.439196240643412 ], [ 124.004903386513789, 10.439467528583879 ], [ 124.005177454249946, 10.439466666227382 ], [ 124.005176582950284, 10.439195378309741 ] ] ], [ [ [ 124.001831327118651, 10.435841880053054 ], [ 124.002105391939722, 10.435841020627279 ], [ 124.002106260292123, 10.436112308858092 ], [ 124.002151937799511, 10.436112165593848 ], [ 124.002152285162978, 10.436220680883313 ], [ 124.00238067276932, 10.436219964456395 ], [ 124.002382410039459, 10.436762540854517 ], [ 124.002154022037445, 10.436763257319448 ], [ 124.002155759007294, 10.437305833736932 ], [ 124.002384147404911, 10.437305117233986 ], [ 124.002385537365953, 10.43773917832408 ], [ 124.002431215106824, 10.43773903499784 ], [ 124.00243243142819, 10.438118838436495 ], [ 124.00270649819187, 10.438117978309769 ], [ 124.002707367258822, 10.438389266451853 ], [ 124.002981434236105, 10.43838840606729 ], [ 124.002983172916601, 10.438930982291772 ], [ 124.003257240344908, 10.438930121626367 ], [ 124.003259849256835, 10.439743985859529 ], [ 124.003533917373659, 10.439743124890544 ], [ 124.003534787296189, 10.440014412936083 ], [ 124.00380885562663, 10.440013551709171 ], [ 124.003804505065375, 10.438657111549244 ], [ 124.003256370755267, 10.43865883353935 ], [ 124.003253762129589, 10.437844969250232 ], [ 124.002979695651007, 10.437845829824155 ], [ 124.002974480468239, 10.436218100982664 ], [ 124.002928802956859, 10.436218244366014 ], [ 124.002928455324366, 10.436109729102395 ], [ 124.002700067836955, 10.436110445913361 ], [ 124.002699546514052, 10.435947673005142 ], [ 124.002653869038298, 10.435947816345415 ], [ 124.002652652706914, 10.435568012881092 ], [ 124.001830459027545, 10.435570591794797 ], [ 124.001831327118651, 10.435841880053054 ] ] ], [ [ [ 124.008192197768054, 10.439457164791655 ], [ 124.007918130295252, 10.439458029733817 ], [ 124.00792075146191, 10.440271892770692 ], [ 124.00819481964713, 10.440271027759607 ], [ 124.008192197768054, 10.439457164791655 ] ] ], [ [ [ 124.004631931371165, 10.440282254567357 ], [ 124.003809725810555, 10.440284839727088 ], [ 124.003810596018283, 10.440556127740475 ], [ 124.004632802291383, 10.440553542511999 ], [ 124.004631931371165, 10.440282254567357 ] ] ], [ [ [ 124.007649303922449, 10.441086620610374 ], [ 124.007375234976777, 10.44108748522018 ], [ 124.007376108343848, 10.441358772921639 ], [ 124.007650177527012, 10.441357908288918 ], [ 124.007649303922449, 10.441086620610374 ] ] ], [ [ [ 124.007102039136697, 10.441359637319259 ], [ 124.00655390065053, 10.441361365409197 ], [ 124.006554773328915, 10.441632653174871 ], [ 124.007102912290151, 10.441630925039103 ], [ 124.007102039136697, 10.441359637319259 ] ] ], [ [ [ 124.009021397899545, 10.441624869157707 ], [ 124.008747328598702, 10.441625734989024 ], [ 124.008748203201222, 10.441897022566316 ], [ 124.009022272739657, 10.441896156712083 ], [ 124.009021397899545, 10.441624869157707 ] ] ], [ [ [ 124.007925120552244, 10.441628331072017 ], [ 124.007651051155563, 10.441629195962843 ], [ 124.007651924808002, 10.441900483632061 ], [ 124.007925994442274, 10.44189961871832 ], [ 124.007925120552244, 10.441628331072017 ] ] ], [ [ [ 124.006280703812408, 10.441633516890104 ], [ 124.006006634272012, 10.441634380370235 ], [ 124.006007506499273, 10.441905668177032 ], [ 124.00628157627726, 10.441904804673985 ], [ 124.006280703812408, 10.441633516890104 ] ] ], [ [ [ 124.009570411744335, 10.441894424298315 ], [ 124.009296342254032, 10.44189529062275 ], [ 124.009297217355623, 10.442166578149415 ], [ 124.009571287083517, 10.442165711801977 ], [ 124.009570411744335, 10.441894424298315 ] ] ], [ [ [ 124.007378728588577, 10.442172635998126 ], [ 124.007377855149741, 10.441901348310701 ], [ 124.007103785467507, 10.44190221275424 ], [ 124.007104658668837, 10.44217350046458 ], [ 124.007378728588577, 10.442172635998126 ] ] ], [ [ [ 124.006830588725208, 10.442174364695934 ], [ 124.006831461712935, 10.442445652424659 ], [ 124.007105531894155, 10.442444788170391 ], [ 124.007104658668837, 10.44217350046458 ], [ 124.006830588725208, 10.442174364695934 ] ] ], [ [ [ 124.005734308711155, 10.442177819269983 ], [ 124.0054602386478, 10.442178682325654 ], [ 124.005461110447854, 10.442449970168955 ], [ 124.005735180748701, 10.442449107090368 ], [ 124.005734308711155, 10.442177819269983 ] ] ], [ [ [ 124.006557391507826, 10.442446516443827 ], [ 124.006558264281949, 10.44271780419076 ], [ 124.006832334724649, 10.442716940148678 ], [ 124.006831461712935, 10.442445652424659 ], [ 124.006557391507826, 10.442446516443827 ] ] ], [ [ [ 124.009846232388085, 10.442436132695477 ], [ 124.009572162446673, 10.44243699930102 ], [ 124.009574788680126, 10.443250861770082 ], [ 124.009848859334213, 10.443249995095528 ], [ 124.009846232388085, 10.442436132695477 ] ] ], [ [ [ 124.005463725991547, 10.44326383367088 ], [ 124.005462854119727, 10.442992545841612 ], [ 124.005736924895672, 10.442991682717196 ], [ 124.005736052810235, 10.442720394906136 ], [ 124.00518791170947, 10.442722120874038 ], [ 124.005189654954123, 10.443264696583022 ], [ 124.005463725991547, 10.44326383367088 ] ] ], [ [ [ 124.004915583892725, 10.443265559260063 ], [ 124.004916455313349, 10.443536847130453 ], [ 124.005190526612253, 10.443535984430586 ], [ 124.005189654954123, 10.443264696583022 ], [ 124.004915583892725, 10.443265559260063 ] ] ], [ [ [ 124.009030147380074, 10.44433774449115 ], [ 124.009029272324042, 10.444066456978874 ], [ 124.008755200885247, 10.444067323016959 ], [ 124.008756075703687, 10.44433861055224 ], [ 124.009030147380074, 10.44433774449115 ] ] ], [ [ [ 124.008482004003341, 10.44433947637814 ], [ 124.008482878608163, 10.444610763931717 ], [ 124.008756950546115, 10.444609898082902 ], [ 124.008756075703687, 10.44433861055224 ], [ 124.008482004003341, 10.44433947637814 ] ] ], [ [ [ 124.004919069718483, 10.444350710713646 ], [ 124.004644997682931, 10.444351573247069 ], [ 124.004645868961447, 10.444622861121722 ], [ 124.00491994123459, 10.444621998565385 ], [ 124.004919069718483, 10.444350710713646 ] ] ], [ [ [ 124.008208806646238, 10.444611629545431 ], [ 124.007934734660253, 10.444612494923955 ], [ 124.007935608813881, 10.444883782518744 ], [ 124.008209681037386, 10.444882917117305 ], [ 124.008208806646238, 10.444611629545431 ] ] ], [ [ [ 124.006017102578497, 10.444889833743776 ], [ 124.00574303016343, 10.444890697263698 ], [ 124.005743902440159, 10.445161985037366 ], [ 124.006017975092831, 10.445161121494529 ], [ 124.006017102578497, 10.444889833743776 ] ] ], [ [ [ 124.004920812774671, 10.444893286412416 ], [ 124.004646740263937, 10.444894148991668 ], [ 124.004647611590244, 10.445165436856907 ], [ 124.004921684338555, 10.445164574254829 ], [ 124.004920812774671, 10.444893286412416 ] ] ], [ [ [ 124.007114265464281, 10.445157664971106 ], [ 124.006840192907376, 10.445158529454702 ], [ 124.006841066158529, 10.445429817132091 ], [ 124.00711513895304, 10.445428952625491 ], [ 124.007114265464281, 10.445157664971106 ] ] ], [ [ [ 124.006566120326468, 10.445159393703197 ], [ 124.006292047721601, 10.445160257716413 ], [ 124.006292920497586, 10.445431545439632 ], [ 124.006566993339959, 10.445430681403412 ], [ 124.006566120326468, 10.445159393703197 ] ] ], [ [ [ 124.005197500737879, 10.445706287042523 ], [ 124.004923427538188, 10.445707149925532 ], [ 124.004924299173837, 10.445978437753912 ], [ 124.005198372611119, 10.445977574847987 ], [ 124.005197500737879, 10.445706287042523 ] ] ], [ [ [ 124.005201860343263, 10.447062726023127 ], [ 124.004927785955459, 10.447063589020622 ], [ 124.004928657710579, 10.447334876825643 ], [ 124.005202732336059, 10.447334013805232 ], [ 124.005201860343263, 10.447062726023127 ] ] ], [ [ [ 124.002461115390233, 10.447071345412773 ], [ 124.002187040763687, 10.447072206057928 ], [ 124.002187910142297, 10.447343494091566 ], [ 124.002461985006434, 10.447342633423585 ], [ 124.002461115390233, 10.447071345412773 ] ] ], [ [ [ 124.001912966113338, 10.447073066467894 ], [ 124.001090742019272, 10.44707564628612 ], [ 124.001091610447276, 10.447346934410973 ], [ 124.001913835254271, 10.447344354524269 ], [ 124.001912966113338, 10.447073066467894 ] ] ], [ [ [ 124.00438050838784, 10.447336602160807 ], [ 124.00410643369068, 10.447337464475471 ], [ 124.004107304756744, 10.44760875234444 ], [ 124.00438137969158, 10.447607890006861 ], [ 124.00438050838784, 10.447336602160807 ] ] ], [ [ [ 124.003558284224681, 10.447339188399141 ], [ 124.003284209455941, 10.447340050008147 ], [ 124.003285079808975, 10.447611337945684 ], [ 124.003559154815491, 10.447610476313852 ], [ 124.003558284224681, 10.447339188399141 ] ] ], [ [ [ 124.000270253164729, 10.447620800369062 ], [ 124.00054432843335, 10.447619941325026 ], [ 124.000543460456896, 10.447348653159228 ], [ 124.000817535463938, 10.44734779390274 ], [ 124.00081666727371, 10.44707650575506 ], [ 124.000268517711078, 10.447078223987283 ], [ 124.000269385426051, 10.447349512180526 ], [ 123.999995310371304, 10.447350370966458 ], [ 123.999997045397294, 10.447892947384563 ], [ 124.000271120927309, 10.44789208855298 ], [ 124.000270253164729, 10.447620800369062 ] ] ], [ [ [ 124.000545196433507, 10.447891229486206 ], [ 124.000271120927309, 10.44789208855298 ], [ 124.000271988713592, 10.44816337673219 ], [ 124.000546064457552, 10.44816251764259 ], [ 124.000545196433507, 10.447891229486206 ] ] ], [ [ [ 124.000820140177638, 10.448161658317712 ], [ 124.000546064457552, 10.44816251764259 ], [ 124.00054693250533, 10.448433805794355 ], [ 124.000821008463078, 10.44843294644674 ], [ 124.000820140177638, 10.448161658317712 ] ] ], [ [ [ 124.000821876772406, 10.448704234571061 ], [ 124.001095952944041, 10.448703374965252 ], [ 124.001095084397107, 10.448432086863757 ], [ 124.000821008463078, 10.44843294644674 ], [ 124.000821876772406, 10.448704234571061 ] ] ], [ [ [ 124.001644105215959, 10.448701655047977 ], [ 124.001370029091945, 10.448702515124253 ], [ 124.001370897900344, 10.448973803198303 ], [ 124.001644974262135, 10.4489729430992 ], [ 124.001644105215959, 10.448701655047977 ] ] ], [ [ [ 124.002741279470882, 10.448969500349826 ], [ 124.002467203204404, 10.448970361390042 ], [ 124.002468072987583, 10.44924164936808 ], [ 124.002742149491652, 10.449240788305037 ], [ 124.002741279470882, 10.448969500349826 ] ] ] ] } },
{ "type": "Feature", "properties": { "HAZ": 2.0 }, "geometry": { "type": "MultiPolygon", "coordinates": [ [ [ [ 124.00603354189407, 10.45 ], [ 124.006032811497548, 10.449773012542519 ], [ 124.005484658087781, 10.449774740172025 ], [ 124.005485382530253, 10.45 ], [ 124.00603354189407, 10.45 ] ] ], [ [ [ 124.007403939924814, 10.45 ], [ 124.007403194603384, 10.449768689350936 ], [ 124.007129118030136, 10.449769554459898 ], [ 124.007129860361999, 10.45 ], [ 124.007403939924814, 10.45 ] ] ], [ [ [ 123.962851577291474, 10.35 ], [ 123.96285176266494, 10.350060788001681 ], [ 123.963947735646556, 10.350057509468414 ], [ 123.963948563920454, 10.350328802266329 ], [ 123.96504453747707, 10.350325519916826 ], [ 123.965043542528221, 10.35 ], [ 123.962851577291474, 10.35 ] ] ], [ [ [ 123.955727681151259, 10.35 ], [ 123.955727929383897, 10.350082007589812 ], [ 123.95600192325611, 10.350081194364591 ], [ 123.956001677414633, 10.35 ], [ 123.955727681151259, 10.35 ] ] ], [ [ [ 123.956002744705145, 10.350352487796489 ], [ 123.956550732852179, 10.350350860603442 ], [ 123.956549910932495, 10.350079567215065 ], [ 123.95600192325611, 10.350081194364591 ], [ 123.956002744705145, 10.350352487796489 ] ] ], [ [ [ 123.957098720908363, 10.350349232478251 ], [ 123.957099543321434, 10.3506205258184 ], [ 123.957647531757388, 10.350618896717457 ], [ 123.957646708873497, 10.350347603420918 ], [ 123.957098720908363, 10.350349232478251 ] ] ], [ [ [ 123.97064452008874, 10.350760848168139 ], [ 123.970643686026236, 10.350489555916187 ], [ 123.969821706831127, 10.350492032356396 ], [ 123.969822540187621, 10.350763324674695 ], [ 123.97064452008874, 10.350760848168139 ] ] ], [ [ [ 123.969548546841125, 10.350764149710823 ], [ 123.969549379985253, 10.35103544204653 ], [ 123.969823373567024, 10.351034616988287 ], [ 123.969822540187621, 10.350763324674695 ], [ 123.969548546841125, 10.350764149710823 ] ] ], [ [ [ 123.963951048879622, 10.351142680632364 ], [ 123.963129066353574, 10.351145140145135 ], [ 123.963129894013036, 10.351416432990391 ], [ 123.963951877245179, 10.351413973411717 ], [ 123.963951048879622, 10.351142680632364 ] ] ], [ [ [ 123.981055404477985, 10.350458006145125 ], [ 123.980507420132085, 10.350459675048274 ], [ 123.980508262667016, 10.350730966500421 ], [ 123.980234270223789, 10.350731800624835 ], [ 123.980235954892905, 10.351274383559861 ], [ 123.980509947806866, 10.351273549390861 ], [ 123.980510790411699, 10.351544840829153 ], [ 123.981058776640452, 10.351543171747213 ], [ 123.981055404477985, 10.350458006145125 ] ] ], [ [ [ 123.977496024474092, 10.351282712432919 ], [ 123.977222031304336, 10.351283544038459 ], [ 123.977221191547102, 10.351012252328029 ], [ 123.976399212604861, 10.351014745679688 ], [ 123.976400051656, 10.35128603745682 ], [ 123.976948038111402, 10.351284375410941 ], [ 123.976948877656554, 10.351555667138957 ], [ 123.977496864489879, 10.351554004116437 ], [ 123.977496024474092, 10.351282712432919 ] ] ], [ [ [ 123.960937111944659, 10.351151688591987 ], [ 123.96066311754079, 10.351152506099115 ], [ 123.960664768645813, 10.351695092179359 ], [ 123.960938763520431, 10.351694274628443 ], [ 123.960937111944659, 10.351151688591987 ] ] ], [ [ [ 123.957920702822008, 10.350346788542709 ], [ 123.957921525941174, 10.350618081817487 ], [ 123.958469514240534, 10.350616451318285 ], [ 123.958471985146772, 10.351430330983902 ], [ 123.958197990302367, 10.351431146415447 ], [ 123.958198813747941, 10.351702439649902 ], [ 123.958746803884765, 10.351700808510056 ], [ 123.958745979968455, 10.3514295153193 ], [ 123.95929396954341, 10.351427883290921 ], [ 123.959292320837619, 10.35088529698286 ], [ 123.959018326532245, 10.35088611306988 ], [ 123.959017502448944, 10.350614819887028 ], [ 123.958743508356108, 10.35061563571923 ], [ 123.958742684530932, 10.35034434250991 ], [ 123.958194696747782, 10.350345973431441 ], [ 123.958193873415979, 10.350074680173893 ], [ 123.957645886012429, 10.350076310119761 ], [ 123.957646708873497, 10.350347603420918 ], [ 123.957920702822008, 10.350346788542709 ] ] ], [ [ [ 123.977497704528943, 10.351825295795248 ], [ 123.977771698146071, 10.351824463912152 ], [ 123.977770857871732, 10.351553172255546 ], [ 123.977496864489879, 10.351554004116437 ], [ 123.977497704528943, 10.351825295795248 ] ] ], [ [ [ 123.975852065107773, 10.351287698570555 ], [ 123.975852903711441, 10.351558990387478 ], [ 123.973934948415348, 10.351564797100011 ], [ 123.973934111459243, 10.351293505127657 ], [ 123.973660117988317, 10.351294333703621 ], [ 123.97365928129075, 10.351023041704355 ], [ 123.972563308117202, 10.351026353589166 ], [ 123.972561636674229, 10.350483769399588 ], [ 123.97201365089019, 10.350485423855183 ], [ 123.972012815674105, 10.35021413170919 ], [ 123.971885589684987, 10.350214515681245 ], [ 123.971862862999657, 10.350286204000259 ], [ 123.971813326999637, 10.350316191000253 ], [ 123.971724415999574, 10.350307444000329 ], [ 123.971674879999554, 10.350284954000333 ], [ 123.971648206999575, 10.350256215000265 ], [ 123.971656349405436, 10.35021520740872 ], [ 123.970916844770386, 10.350217437735576 ], [ 123.970917679045172, 10.350488729970031 ], [ 123.97173965796361, 10.350486250733482 ], [ 123.971740492967413, 10.350757542896972 ], [ 123.972014486129439, 10.350756715996557 ], [ 123.972015321391794, 10.351028008133312 ], [ 123.972289314766002, 10.351027180977724 ], [ 123.97229015028681, 10.351298473087745 ], [ 123.972564143873299, 10.351297645676983 ], [ 123.972564979652475, 10.351568937760181 ], [ 123.973660954708961, 10.351565625698179 ], [ 123.973661791452784, 10.351836917688029 ], [ 123.976127736094611, 10.351829451715034 ], [ 123.976126897232476, 10.351558159924934 ], [ 123.976400890730318, 10.351557329229333 ], [ 123.976400051656, 10.35128603745682 ], [ 123.975852065107773, 10.351287698570555 ] ] ], [ [ [ 123.982979262015974, 10.352351196303012 ], [ 123.982705268370424, 10.352352032658974 ], [ 123.982706112951547, 10.352623323899824 ], [ 123.982980106832542, 10.352622487521479 ], [ 123.982979262015974, 10.352351196303012 ] ] ], [ [ [ 123.970099034424635, 10.351576376266348 ], [ 123.969825040395122, 10.351577201601703 ], [ 123.969824206969534, 10.351305909297349 ], [ 123.969550213152388, 10.351306734377619 ], [ 123.969552712791909, 10.352120611343175 ], [ 123.969826707315235, 10.352119786196646 ], [ 123.969828374327633, 10.352662370773025 ], [ 123.970102369298701, 10.352661545349207 ], [ 123.970099034424635, 10.351576376266348 ] ] ], [ [ [ 123.963134032653215, 10.3527728971473 ], [ 123.962860037019837, 10.352773716650344 ], [ 123.962860864581145, 10.353045009489826 ], [ 123.963134860449898, 10.353044189964756 ], [ 123.963134032653215, 10.3527728971473 ] ] ], [ [ [ 123.982982641422154, 10.353436361149349 ], [ 123.983256635985995, 10.353435524470711 ], [ 123.983254100690104, 10.352621650910077 ], [ 123.982980106832542, 10.352622487521479 ], [ 123.982982641422154, 10.353436361149349 ] ] ], [ [ [ 123.982704423812663, 10.352080741413417 ], [ 123.981608449938435, 10.352084084417069 ], [ 123.981609293554726, 10.352355375752065 ], [ 123.981335299792462, 10.352356210942737 ], [ 123.981336143196657, 10.352627502295409 ], [ 123.980514161063994, 10.352630006535868 ], [ 123.980515003785257, 10.352901297950979 ], [ 123.980241009459007, 10.352902132254005 ], [ 123.980237639655101, 10.351816966476413 ], [ 123.978593678858374, 10.351821966864428 ], [ 123.97859451986217, 10.352093258449624 ], [ 123.977772538443773, 10.35209575556414 ], [ 123.977773378764653, 10.352367047211509 ], [ 123.978047372829423, 10.352366215050768 ], [ 123.978048213408854, 10.352637506671226 ], [ 123.979418184561013, 10.352633342260098 ], [ 123.979419026340722, 10.352904633764471 ], [ 123.979693020736704, 10.352903800160796 ], [ 123.97969470483676, 10.35344638311101 ], [ 123.980790684071408, 10.353443046186584 ], [ 123.980789841068145, 10.353171754803093 ], [ 123.981337830074935, 10.353170084986985 ], [ 123.981336986624115, 10.352898793643551 ], [ 123.981610980857198, 10.352897958408203 ], [ 123.981610137194281, 10.352626667082443 ], [ 123.981884131168542, 10.35262583163642 ], [ 123.981883287293627, 10.352354540328424 ], [ 123.982705268370424, 10.352352032658974 ], [ 123.982704423812663, 10.352080741413417 ] ] ], [ [ [ 123.957650823520083, 10.351704069857515 ], [ 123.957652469537976, 10.352246656399789 ], [ 123.957926465134051, 10.352245841368902 ], [ 123.957928111713727, 10.352788427849003 ], [ 123.958202107757799, 10.352787612541359 ], [ 123.958204578504251, 10.353601492161413 ], [ 123.95847857523178, 10.353600676555253 ], [ 123.958474456257917, 10.352244210607864 ], [ 123.958200460707403, 10.352245026104868 ], [ 123.958198813747941, 10.351702439649902 ], [ 123.957650823520083, 10.351704069857515 ] ] ], [ [ [ 123.971202522771733, 10.354014702130765 ], [ 123.970928526715753, 10.354015528597394 ], [ 123.970929361313395, 10.354286820767101 ], [ 123.971203357604821, 10.354285994278356 ], [ 123.971202522771733, 10.354014702130765 ] ] ], [ [ [ 123.986273117920177, 10.354240178401131 ], [ 123.985451132811491, 10.354242695631733 ], [ 123.985451979910323, 10.354513986616077 ], [ 123.986273965725388, 10.354511469318151 ], [ 123.986273117920177, 10.354240178401131 ] ] ], [ [ [ 123.971204192460917, 10.354557286421329 ], [ 123.97175218544524, 10.354555632700169 ], [ 123.97175135011824, 10.354284340601428 ], [ 123.971203357604821, 10.354285994278356 ], [ 123.971204192460917, 10.354557286421329 ] ] ], [ [ [ 123.986274813553948, 10.354782760230552 ], [ 123.986548809014224, 10.354781920642598 ], [ 123.98654813631579, 10.354566728831738 ], [ 123.986496655999602, 10.354537497000205 ], [ 123.986495626436778, 10.354510790132021 ], [ 123.986273965725388, 10.354511469318151 ], [ 123.986274813553948, 10.354782760230552 ] ] ], [ [ [ 123.9851779845918, 10.354514825249151 ], [ 123.98517883147872, 10.354786116251347 ], [ 123.985452827032617, 10.354785277595802 ], [ 123.985451979910323, 10.354513986616077 ], [ 123.9851779845918, 10.354514825249151 ] ] ], [ [ [ 123.983808007648449, 10.354519014917763 ], [ 123.983534012189679, 10.354519852152134 ], [ 123.983534857663869, 10.3547911432888 ], [ 123.983808853358084, 10.354790306032047 ], [ 123.983808007648449, 10.354519014917763 ] ] ], [ [ [ 123.987096799864517, 10.354780240767159 ], [ 123.986822804451052, 10.354781080821407 ], [ 123.986823652773978, 10.355052371684248 ], [ 123.987097648422818, 10.355051531607529 ], [ 123.987096799864517, 10.354780240767159 ] ] ], [ [ [ 123.98490483590129, 10.354786954673745 ], [ 123.984082849028951, 10.354789468542148 ], [ 123.984083694997395, 10.355060759629431 ], [ 123.984905682576112, 10.355058245693705 ], [ 123.98490483590129, 10.354786954673745 ] ] ], [ [ [ 123.972301014158305, 10.354825270096313 ], [ 123.972101816575076, 10.354825871692952 ], [ 123.972067832999656, 10.354897081000292 ], [ 123.972041583999612, 10.354887950000247 ], [ 123.972052415999613, 10.354853015000288 ], [ 123.972027030160049, 10.354830211665778 ], [ 123.97202785309706, 10.355097389629176 ], [ 123.97230185000241, 10.355096562141497 ], [ 123.972301014158305, 10.354825270096313 ] ] ], [ [ [ 123.957930581753899, 10.353602307534427 ], [ 123.957935522448508, 10.355230066780486 ], [ 123.958209520611518, 10.355229251276555 ], [ 123.958204578504251, 10.353601492161413 ], [ 123.957930581753899, 10.353602307534427 ] ] ], [ [ [ 123.957387526054205, 10.355231697088996 ], [ 123.956839529569038, 10.355233326465008 ], [ 123.956840352155922, 10.355504619743694 ], [ 123.957388349112094, 10.355502990324073 ], [ 123.957387526054205, 10.355231697088996 ] ] ], [ [ [ 123.989016467537795, 10.355316935221104 ], [ 123.987646488702964, 10.35532114154546 ], [ 123.987645639650225, 10.355049850754739 ], [ 123.987371644048295, 10.355050691297663 ], [ 123.987373341706302, 10.355593272919517 ], [ 123.989017317791351, 10.355588225894675 ], [ 123.989016467537795, 10.355316935221104 ] ] ], [ [ [ 123.989018168068256, 10.355859516563626 ], [ 123.989292164235792, 10.35585867455432 ], [ 123.989291313723328, 10.355587383907928 ], [ 123.989017317791351, 10.355588225894675 ], [ 123.989018168068256, 10.355859516563626 ] ] ], [ [ [ 123.971755526984197, 10.355640801048683 ], [ 123.971481529561757, 10.355641628114387 ], [ 123.97148236476869, 10.355912920212063 ], [ 123.971756362426675, 10.355912093124243 ], [ 123.971755526984197, 10.355640801048683 ] ] ], [ [ [ 123.956841174765543, 10.355775913017762 ], [ 123.956567176017856, 10.355776727399569 ], [ 123.95656799841467, 10.356048020690778 ], [ 123.956841997397817, 10.356047206287212 ], [ 123.956841174765543, 10.355775913017762 ] ] ], [ [ [ 123.990097132209584, 10.355856199482439 ], [ 123.989871747999615, 10.355867191000268 ], [ 123.989840156500165, 10.355856989836177 ], [ 123.989841007507067, 10.35612828043292 ], [ 123.990115003839449, 10.356127437701613 ], [ 123.990114461297082, 10.355954530551859 ], [ 123.990074718999622, 10.355933237000226 ], [ 123.990097132209584, 10.355856199482439 ] ] ], [ [ [ 123.990662996433684, 10.356125751539558 ], [ 123.990389000148383, 10.356126594737159 ], [ 123.990389851649738, 10.356397885284164 ], [ 123.990663848170584, 10.356397042063914 ], [ 123.990662996433684, 10.356125751539558 ] ] ], [ [ [ 123.953280828440327, 10.356329068895487 ], [ 123.95300682892676, 10.356329880289728 ], [ 123.953007648307675, 10.356601173854408 ], [ 123.953281648056702, 10.356600362438407 ], [ 123.953280828440327, 10.356329068895487 ] ] ], [ [ [ 123.991485837591824, 10.356394511004464 ], [ 123.990937844667812, 10.356396198610607 ], [ 123.990938696663704, 10.356667489107874 ], [ 123.991486690058721, 10.356665801456611 ], [ 123.991485837591824, 10.356394511004464 ] ] ], [ [ [ 123.972031195762497, 10.35618255785219 ], [ 123.971757197892146, 10.356183385195184 ], [ 123.971758868892465, 10.356725969323211 ], [ 123.972032867233807, 10.356725141935897 ], [ 123.972031195762497, 10.35618255785219 ] ] ], [ [ [ 123.953829647486799, 10.356598738906964 ], [ 123.953555647783077, 10.356599550789259 ], [ 123.953556467657634, 10.356870844305888 ], [ 123.953830467596816, 10.356870032401833 ], [ 123.953829647486799, 10.356598738906964 ] ] ], [ [ [ 123.992034683359421, 10.356664112872583 ], [ 123.99176068672088, 10.356664957281215 ], [ 123.991761539446685, 10.356936247706006 ], [ 123.992035536320756, 10.356935403274903 ], [ 123.992034683359421, 10.356664112872583 ] ] ], [ [ [ 123.955748466536491, 10.356864342544625 ], [ 123.95547446675603, 10.356865156080886 ], [ 123.955475288301798, 10.357136449440752 ], [ 123.955749288317804, 10.357135635882731 ], [ 123.955748466536491, 10.356864342544625 ] ] ], [ [ [ 123.954378467407238, 10.356868407894282 ], [ 123.954104467513361, 10.356869220264631 ], [ 123.954105287881575, 10.35714051373321 ], [ 123.954379288010998, 10.357139701341101 ], [ 123.954378467407238, 10.356868407894282 ] ] ], [ [ [ 123.992583529998214, 10.356933713713079 ], [ 123.992309533171309, 10.356934558610565 ], [ 123.992310386391736, 10.357205848985618 ], [ 123.992584383454187, 10.357205004065573 ], [ 123.992583529998214, 10.356933713713079 ] ] ], [ [ [ 123.972306865551985, 10.356724314315347 ], [ 123.972032867233807, 10.356725141935897 ], [ 123.972034538797416, 10.357267726001041 ], [ 123.97230853758667, 10.35726689833626 ], [ 123.972306865551985, 10.356724314315347 ] ] ], [ [ [ 123.993132377508331, 10.357203313525865 ], [ 123.992858380493033, 10.357204158912293 ], [ 123.992859234208083, 10.357475449237519 ], [ 123.993133231458842, 10.357474603828443 ], [ 123.993132377508331, 10.357203313525865 ] ] ], [ [ [ 123.972582536352746, 10.357266070438332 ], [ 123.97230853758667, 10.35726689833626 ], [ 123.972309373638609, 10.357538190339788 ], [ 123.97258337264023, 10.357537362419745 ], [ 123.972582536352746, 10.357266070438332 ] ] ], [ [ [ 123.993955223069619, 10.357472066202156 ], [ 123.993407228686053, 10.35747375818622 ], [ 123.993408082895641, 10.357745048461531 ], [ 123.993956077750212, 10.357743356432259 ], [ 123.993955223069619, 10.357472066202156 ] ] ], [ [ [ 123.994778069855073, 10.357740816639438 ], [ 123.993956077750212, 10.357743356432259 ], [ 123.993956932454509, 10.358014646657654 ], [ 123.994778925265848, 10.358012106796888 ], [ 123.994778069855073, 10.357740816639438 ] ] ], [ [ [ 123.973132207355775, 10.357806997812336 ], [ 123.97285820816488, 10.357807826220967 ], [ 123.972857371618758, 10.357536534266377 ], [ 123.97258337264023, 10.357537362419745 ], [ 123.972585045284561, 10.358079946368537 ], [ 123.973133044160534, 10.358078289740103 ], [ 123.973132207355775, 10.357806997812336 ] ] ], [ [ [ 123.975873037152581, 10.358069992606012 ], [ 123.975325038739442, 10.358071653898449 ], [ 123.975325877451482, 10.358342945644139 ], [ 123.975873876335697, 10.358341284307294 ], [ 123.975873037152581, 10.358069992606012 ] ] ], [ [ [ 123.973133880988385, 10.35834958166334 ], [ 123.973407880627263, 10.358348752977154 ], [ 123.973407043563867, 10.358077461076121 ], [ 123.973133044160534, 10.358078289740103 ], [ 123.973133880988385, 10.35834958166334 ] ] ], [ [ [ 123.994780636158339, 10.358554687098021 ], [ 123.995328632189825, 10.358552992600945 ], [ 123.995327776260723, 10.358281702498029 ], [ 123.995053778492334, 10.358282549840492 ], [ 123.995052922822396, 10.35801125971031 ], [ 123.994778925265848, 10.358012106796888 ], [ 123.994780636158339, 10.358554687098021 ] ] ], [ [ [ 123.976147036324377, 10.358069161610029 ], [ 123.976147875743038, 10.358340453289017 ], [ 123.975873876335697, 10.358341284307294 ], [ 123.975874715542005, 10.358612576003868 ], [ 123.976422714804599, 10.358610913689759 ], [ 123.976421875127201, 10.358339622037594 ], [ 123.976695874488087, 10.358338790552935 ], [ 123.976695034598421, 10.358067498918356 ], [ 123.976147036324377, 10.358069161610029 ] ] ], [ [ [ 123.975051877974593, 10.358343775962798 ], [ 123.975052716474352, 10.358615067725985 ], [ 123.975326716186785, 10.358614237385211 ], [ 123.975325877451482, 10.358342945644139 ], [ 123.975051877974593, 10.358343775962798 ] ] ], [ [ [ 123.973955879835586, 10.358347094905163 ], [ 123.973681880242978, 10.358347924057732 ], [ 123.973682717565012, 10.358619215931942 ], [ 123.973956717393165, 10.358618386757168 ], [ 123.973955879835586, 10.358347094905163 ] ] ], [ [ [ 123.996424623969105, 10.358549600808143 ], [ 123.995876628126808, 10.358551297170926 ], [ 123.995877484550633, 10.358822587223926 ], [ 123.996425480864019, 10.358820890815757 ], [ 123.996424623969105, 10.358549600808143 ] ] ], [ [ [ 123.996699478985192, 10.358820042261819 ], [ 123.996425480864019, 10.358820890815757 ], [ 123.996426337782552, 10.359092180818664 ], [ 123.99670033613927, 10.359091332242077 ], [ 123.996699478985192, 10.358820042261819 ] ] ], [ [ [ 123.952193018012537, 10.35904524916268 ], [ 123.951919016053282, 10.359046059841049 ], [ 123.951919834718339, 10.35931735344623 ], [ 123.952193836913139, 10.3593165427461 ], [ 123.952193018012537, 10.35904524916268 ] ] ], [ [ [ 123.951367739517138, 10.357962505857977 ], [ 123.951641740579419, 10.357961695732676 ], [ 123.951640103969098, 10.357419108428168 ], [ 123.951914104537821, 10.357418298113064 ], [ 123.951912467546833, 10.356875710833336 ], [ 123.952186467621914, 10.356874900328339 ], [ 123.952184830250431, 10.356332313073569 ], [ 123.952732829390627, 10.356330691450822 ], [ 123.952732010267809, 10.356059397859852 ], [ 123.951910012230087, 10.35606182987906 ], [ 123.951910830646355, 10.356333123535133 ], [ 123.951636831019727, 10.356333933763551 ], [ 123.95163928569788, 10.357147814768986 ], [ 123.95136528534205, 10.357148624829183 ], [ 123.951366103377822, 10.357419918510125 ], [ 123.95109210276398, 10.357420728358846 ], [ 123.95109292058676, 10.357692022056753 ], [ 123.95081891971482, 10.357692831693999 ], [ 123.950822190289912, 10.358778006525949 ], [ 123.951096192104046, 10.358777196802105 ], [ 123.951097827998126, 10.359319784147115 ], [ 123.951371830260783, 10.359318974146692 ], [ 123.951367739517138, 10.357962505857977 ] ] ], [ [ [ 123.996974334472355, 10.359090483432254 ], [ 123.99670033613927, 10.359091332242077 ], [ 123.996701193317151, 10.359362622217716 ], [ 123.996975191885696, 10.359361773385157 ], [ 123.996974334472355, 10.359090483432254 ] ] ], [ [ [ 123.973956717393165, 10.358618386757168 ], [ 123.973957554973936, 10.358889678604555 ], [ 123.974231555014455, 10.358888849174431 ], [ 123.97423239285385, 10.359160140994994 ], [ 123.974780393336616, 10.359158481390629 ], [ 123.974781231670292, 10.359429773162166 ], [ 123.975055232112538, 10.359428942987925 ], [ 123.975052716474352, 10.358615067725985 ], [ 123.973956717393165, 10.358618386757168 ] ] ], [ [ [ 123.963427907350322, 10.359283103227124 ], [ 123.962605903495472, 10.359285563315524 ], [ 123.96260673137013, 10.359556856065744 ], [ 123.963428735931714, 10.35955439591153 ], [ 123.963427907350322, 10.359283103227124 ] ] ], [ [ [ 123.953563847547855, 10.359312485747097 ], [ 123.952741841234882, 10.359314920646224 ], [ 123.952742660629298, 10.359586214181594 ], [ 123.953564667648905, 10.359583779217363 ], [ 123.953563847547855, 10.359312485747097 ] ] ], [ [ [ 123.951372648477388, 10.359590267790509 ], [ 123.951646650953037, 10.359589457535268 ], [ 123.951645832500887, 10.359318163913034 ], [ 123.951371830260783, 10.359318974146692 ], [ 123.951372648477388, 10.359590267790509 ] ] ], [ [ [ 123.976969033700669, 10.358066667222754 ], [ 123.976969873825894, 10.35833795883504 ], [ 123.977243873140409, 10.358337126883999 ], [ 123.977248075292636, 10.359693584764685 ], [ 123.977522075761712, 10.35969275246903 ], [ 123.977519553694094, 10.358878877821354 ], [ 123.977793553433258, 10.358878045359344 ], [ 123.977791030867991, 10.358064170736714 ], [ 123.977243032779654, 10.358065835293917 ], [ 123.977242192442077, 10.357794543699306 ], [ 123.976694194731849, 10.357796207279247 ], [ 123.976695034598421, 10.358067498918356 ], [ 123.976969033700669, 10.358066667222754 ] ] ], [ [ [ 123.963976738858207, 10.359552754642632 ], [ 123.963977567933682, 10.359824047278543 ], [ 123.964251569598161, 10.359823226272258 ], [ 123.964230312999547, 10.359637093000263 ], [ 123.964135335999671, 10.359596295000262 ], [ 123.964094695563688, 10.359556413305782 ], [ 123.963976738858207, 10.359552754642632 ] ] ], [ [ [ 123.953566307919047, 10.360126366144129 ], [ 123.953840310684768, 10.360125553979483 ], [ 123.953838669943451, 10.359582967096149 ], [ 123.953564667648905, 10.359583779217363 ], [ 123.953566307919047, 10.360126366144129 ] ] ], [ [ [ 123.962060383090446, 10.360101080576623 ], [ 123.961786381007386, 10.360101899738872 ], [ 123.961787208243891, 10.360373192541051 ], [ 123.962061210562581, 10.360372373356864 ], [ 123.962060383090446, 10.360101080576623 ] ] ], [ [ [ 123.961238376772599, 10.360103537363663 ], [ 123.960855450231278, 10.360104681125549 ], [ 123.960690536007306, 10.360158875726267 ], [ 123.960691198740733, 10.360376466945088 ], [ 123.961239203538, 10.36037483020954 ], [ 123.961238376772599, 10.360103537363663 ] ] ], [ [ [ 123.977522916497364, 10.359964044009018 ], [ 123.977248915792757, 10.359964876326877 ], [ 123.977250596862532, 10.360507459437496 ], [ 123.977524598038315, 10.360506627075139 ], [ 123.977522916497364, 10.359964044009018 ] ] ], [ [ [ 123.976973234558997, 10.359423125237821 ], [ 123.975877233300096, 10.359426451065879 ], [ 123.975878911921427, 10.359969034417372 ], [ 123.976152912742123, 10.35996820326578 ], [ 123.976154591927269, 10.3605107865543 ], [ 123.976702594441306, 10.360509123462414 ], [ 123.976701754365919, 10.360237831864872 ], [ 123.976975755352626, 10.36023699999128 ], [ 123.976973234558997, 10.359423125237821 ] ] ], [ [ [ 123.960418022389234, 10.360648577869902 ], [ 123.960417196307816, 10.360377284962919 ], [ 123.960143193852147, 10.360378102747603 ], [ 123.960144019698035, 10.360649395676347 ], [ 123.960418022389234, 10.360648577869902 ] ] ], [ [ [ 124.000540613259403, 10.360435875921581 ], [ 123.999170617009625, 10.360440133366911 ], [ 123.999169757616883, 10.360168843614382 ], [ 123.99862175942198, 10.360170544914194 ], [ 123.998620900524131, 10.359899255111571 ], [ 123.998346901626604, 10.359900105388931 ], [ 123.998346042988118, 10.359628815558864 ], [ 123.9977980455931, 10.359630515368401 ], [ 123.997797187449407, 10.359359225488241 ], [ 123.996975191885696, 10.359361773385157 ], [ 123.996976049322669, 10.35963306333344 ], [ 123.997524046859965, 10.359631364923317 ], [ 123.997524904791831, 10.359902654821507 ], [ 123.99807290270536, 10.359900955432966 ], [ 123.998073761132034, 10.360172245281152 ], [ 123.998347760288809, 10.360171395214291 ], [ 123.998348618974831, 10.360442685035032 ], [ 123.998622618343447, 10.360441834712287 ], [ 123.998623477288717, 10.360713124505672 ], [ 124.000541473853744, 10.360707165555628 ], [ 124.000540613259403, 10.360435875921581 ] ] ], [ [ [ 123.965194640843166, 10.36058261093541 ], [ 123.965165896999594, 10.360594868000284 ], [ 123.96512022476773, 10.360544075332879 ], [ 123.964920520022545, 10.360544674321382 ], [ 123.964921349990817, 10.360815966864923 ], [ 123.965195352440432, 10.360815144977209 ], [ 123.965194640843166, 10.36058261093541 ] ] ], [ [ [ 123.959322011487373, 10.360651847696179 ], [ 123.959322836649278, 10.360923140685941 ], [ 123.960144845566646, 10.360920688600562 ], [ 123.960144019698035, 10.360649395676347 ], [ 123.959322011487373, 10.360651847696179 ] ] ], [ [ [ 123.958774830590343, 10.36092477424323 ], [ 123.958775655303796, 10.361196067271983 ], [ 123.959323661833906, 10.361194433671084 ], [ 123.959322836649278, 10.360923140685941 ], [ 123.958774830590343, 10.36092477424323 ] ] ], [ [ [ 123.965625730364934, 10.361175580193194 ], [ 123.965470462155352, 10.361176046181864 ], [ 123.965470185329409, 10.361085615351218 ], [ 123.965196182667171, 10.361086437494194 ], [ 123.965197012916818, 10.361357730006471 ], [ 123.965352281228448, 10.361357264141702 ], [ 123.965352558027917, 10.361447694973947 ], [ 123.965626560991339, 10.3614468726695 ], [ 123.965625730364934, 10.361175580193194 ] ] ], [ [ [ 123.958501652004543, 10.361196883722624 ], [ 123.958502476505188, 10.361468176768607 ], [ 123.958776480039987, 10.361467360296206 ], [ 123.958775655303796, 10.361196067271983 ], [ 123.958501652004543, 10.361196883722624 ] ] ], [ [ [ 124.001639194512748, 10.361246334381391 ], [ 124.001091194860692, 10.361248040062144 ], [ 124.001090333747726, 10.360976750482898 ], [ 124.000816334121623, 10.360977602950594 ], [ 124.00081547326802, 10.360706313343993 ], [ 124.000541473853744, 10.360707165555628 ], [ 124.000543195113593, 10.361249744809687 ], [ 124.000817194999044, 10.361248892552577 ], [ 124.000818055900254, 10.361520182149853 ], [ 124.001640056120678, 10.361517623910366 ], [ 124.001639194512748, 10.361246334381391 ] ] ], [ [ [ 124.002462056126973, 10.361515063571403 ], [ 124.001640056120678, 10.361517623910366 ], [ 124.001640917752511, 10.361788913434633 ], [ 124.002462918465611, 10.361786353027192 ], [ 124.002462056126973, 10.361515063571403 ] ] ], [ [ [ 123.958777304799, 10.361738653315722 ], [ 123.958503301028571, 10.361739469809972 ], [ 123.958504125574692, 10.362010762846719 ], [ 123.95877812958075, 10.36200994633062 ], [ 123.958777304799, 10.361738653315722 ] ] ], [ [ [ 123.9538435924391, 10.361210727690551 ], [ 123.953569588731028, 10.36121153994215 ], [ 123.953572049577929, 10.362025420242016 ], [ 123.95384605399282, 10.362024607925225 ], [ 123.9538435924391, 10.361210727690551 ] ] ], [ [ [ 124.0027369186557, 10.361785499091425 ], [ 124.002462918465611, 10.361786353027192 ], [ 124.002463780827966, 10.362057642478362 ], [ 124.0027377812537, 10.362056788519858 ], [ 124.0027369186557, 10.361785499091425 ] ] ], [ [ [ 123.954668067101693, 10.362022169575347 ], [ 123.954394062754744, 10.362022982591935 ], [ 123.954394883789277, 10.362294275950823 ], [ 123.954668888371856, 10.362293462912476 ], [ 123.954668067101693, 10.362022169575347 ] ] ], [ [ [ 124.003011781655616, 10.36205593432803 ], [ 124.0027377812537, 10.362056788519858 ], [ 124.002738643875489, 10.362328077943584 ], [ 124.003012644513049, 10.36232722372884 ], [ 124.003011781655616, 10.36205593432803 ] ] ], [ [ [ 123.955490901983424, 10.362291022397574 ], [ 123.954942892931783, 10.362292649640803 ], [ 123.954943714460143, 10.362563942951553 ], [ 123.955491723983144, 10.362562315664803 ], [ 123.955490901983424, 10.362291022397574 ] ] ], [ [ [ 124.003287250516053, 10.36251665216027 ], [ 124.003154723201419, 10.362326780697362 ], [ 124.003012644513049, 10.36232722372884 ], [ 124.003013507394371, 10.362598513125121 ], [ 124.003287508243588, 10.362597658654316 ], [ 124.003287250516053, 10.36251665216027 ] ] ], [ [ [ 124.003288371384343, 10.362868948023063 ], [ 124.003562372445387, 10.362868093296107 ], [ 124.003562037584175, 10.362762874370535 ], [ 124.003506487999516, 10.362720427000294 ], [ 124.003371929999574, 10.362663868000233 ], [ 124.003329648931683, 10.362597527218032 ], [ 124.003287508243588, 10.362597658654316 ], [ 124.003288371384343, 10.362868948023063 ] ] ], [ [ [ 123.966023176668358, 10.362711724974083 ], [ 123.965749172638141, 10.362712547715603 ], [ 123.965750003496723, 10.362983840156115 ], [ 123.966024007762485, 10.362983017392658 ], [ 123.966023176668358, 10.362711724974083 ] ] ], [ [ [ 123.959053783667244, 10.362551715553526 ], [ 123.958779779212648, 10.362552532346559 ], [ 123.95878142893568, 10.363095118343935 ], [ 123.959055433861536, 10.363094301507203 ], [ 123.959053783667244, 10.362551715553526 ] ] ], [ [ [ 123.966024838879619, 10.363254309806614 ], [ 123.966298843358103, 10.363253486787805 ], [ 123.966298012005339, 10.362982194395876 ], [ 123.966024007762485, 10.362983017392658 ], [ 123.966024838879619, 10.363254309806614 ] ] ], [ [ [ 123.96547350740812, 10.362170785284775 ], [ 123.964925500175639, 10.362172429513262 ], [ 123.964926330281401, 10.362443722029003 ], [ 123.964378322485985, 10.362445365368245 ], [ 123.964379152143394, 10.362716657923333 ], [ 123.964105147975687, 10.362717479264905 ], [ 123.964106806887898, 10.3632600644051 ], [ 123.964380811526866, 10.363259243019563 ], [ 123.964379981823626, 10.362987950473713 ], [ 123.964653986204155, 10.362987128876878 ], [ 123.964653156288193, 10.362715836348436 ], [ 123.96520116450904, 10.362714192498579 ], [ 123.965200334144726, 10.362442900009484 ], [ 123.965474337985142, 10.362442077756551 ], [ 123.96547350740812, 10.362170785284775 ] ] ], [ [ [ 123.956590211719913, 10.363372937804261 ], [ 123.956864217063398, 10.363372122812365 ], [ 123.956863393817301, 10.363100829667882 ], [ 123.95658938870946, 10.363101644638018 ], [ 123.956590211719913, 10.363372937804261 ] ] ], [ [ [ 123.956588565721731, 10.362830351467156 ], [ 123.955766550968661, 10.362832794912336 ], [ 123.955765728710674, 10.362561501671486 ], [ 123.955491723983144, 10.362562315664803 ], [ 123.955493368050696, 10.363104902185405 ], [ 123.956041378425553, 10.363103273878405 ], [ 123.956042200964646, 10.363374567088169 ], [ 123.956316206353605, 10.363373752562921 ], [ 123.956315383578868, 10.363102459374829 ], [ 123.95658938870946, 10.363101644638018 ], [ 123.956588565721731, 10.362830351467156 ] ] ], [ [ [ 123.957686232957599, 10.363369676436641 ], [ 123.957412227682326, 10.36337049212851 ], [ 123.957413051422421, 10.363641785224765 ], [ 123.957687056933409, 10.363640969511046 ], [ 123.957686232957599, 10.363369676436641 ] ] ], [ [ [ 124.005635541784599, 10.363395159307121 ], [ 124.00543641360089, 10.363395781810503 ], [ 124.005437278658249, 10.363667070986338 ], [ 124.005711280231495, 10.363666214363832 ], [ 124.005710491348495, 10.363418881802556 ], [ 124.005635541784599, 10.363395159307121 ] ] ], [ [ [ 124.003936179480661, 10.363138218860957 ], [ 124.003837237118532, 10.363138527654304 ], [ 124.003838100778253, 10.363409816968073 ], [ 124.004066435350481, 10.363409104284827 ], [ 124.00406727043395, 10.363671350598647 ], [ 124.004321781489026, 10.363670556001903 ], [ 124.004280141999573, 10.363612428000291 ], [ 124.004180811999532, 10.363525402000285 ], [ 124.003936179480661, 10.363138218860957 ] ] ], [ [ [ 123.98383677488718, 10.363742910205332 ], [ 123.983562771419699, 10.363743748201404 ], [ 123.983563617688276, 10.364015039180597 ], [ 123.983837621391459, 10.364014201162142 ], [ 123.98383677488718, 10.363742910205332 ] ] ], [ [ [ 123.959331914933884, 10.363907363267522 ], [ 123.95905790932386, 10.363908180403037 ], [ 123.959058734523509, 10.364179473359137 ], [ 123.959332740369248, 10.364178656201684 ], [ 123.959331914933884, 10.363907363267522 ] ] ], [ [ [ 124.00438780325095, 10.363941641803088 ], [ 124.004387344866601, 10.363797743271331 ], [ 124.00432591678576, 10.363679586155151 ], [ 124.00411296618212, 10.363680251015051 ], [ 124.004113830125164, 10.363951540296668 ], [ 124.004342165070256, 10.363950827380897 ], [ 124.004343000427724, 10.364213073663631 ], [ 124.004617002567727, 10.36421221792877 ], [ 124.004616516819667, 10.364059768000267 ], [ 124.004503630999508, 10.364017017000283 ], [ 124.004450861999572, 10.363951367000269 ], [ 124.00438780325095, 10.363941641803088 ] ] ], [ [ [ 123.983838467919114, 10.364285492114245 ], [ 123.984112471834578, 10.364284653840084 ], [ 123.984111625071208, 10.364013362910363 ], [ 123.983837621391459, 10.364014201162142 ], [ 123.983838467919114, 10.364285492114245 ] ] ], [ [ [ 123.984660479595263, 10.36428297659161 ], [ 123.984386475726595, 10.364283815332509 ], [ 123.984387322748958, 10.36455510623523 ], [ 123.984661326853342, 10.364554267471949 ], [ 123.984660479595263, 10.36428297659161 ] ] ], [ [ [ 123.983288767928869, 10.363744585964152 ], [ 123.983562771419699, 10.363743748201404 ], [ 123.983561925174499, 10.363472457217593 ], [ 123.983013918640651, 10.363474132464912 ], [ 123.983017301876487, 10.36455929655159 ], [ 123.983291306097755, 10.36455845895502 ], [ 123.983288767928869, 10.363744585964152 ] ] ], [ [ [ 123.966850179772223, 10.364337009395442 ], [ 123.966576174396948, 10.364337832968918 ], [ 123.966577006100181, 10.364609125315727 ], [ 123.9668510117111, 10.364608301720224 ], [ 123.966850179772223, 10.364337009395442 ] ] ], [ [ [ 123.95823836590327, 10.364724509460366 ], [ 123.95823589235701, 10.363910630409723 ], [ 123.957961886655866, 10.36391144661194 ], [ 123.957964359495122, 10.364725325728042 ], [ 123.95823836590327, 10.364724509460366 ] ] ], [ [ [ 123.957690353064166, 10.364726141762393 ], [ 123.957691177153663, 10.364997434813617 ], [ 123.957965183820363, 10.364996618757505 ], [ 123.957964359495122, 10.364725325728042 ], [ 123.957690353064166, 10.364726141762393 ] ] ], [ [ [ 124.004891869341606, 10.364482651168217 ], [ 124.004617866989776, 10.364483507159317 ], [ 124.004619595905453, 10.365026085606555 ], [ 124.004893598728628, 10.365025229569714 ], [ 124.004891869341606, 10.364482651168217 ] ] ], [ [ [ 123.98329299832713, 10.365101040925751 ], [ 123.983567002996395, 10.365100203051004 ], [ 123.98356531029566, 10.364557621125037 ], [ 123.983291306097755, 10.36455845895502 ], [ 123.98329299832713, 10.365101040925751 ] ] ], [ [ [ 123.967125849496597, 10.364878770189357 ], [ 123.966577837826335, 10.36488041765783 ], [ 123.966578669575497, 10.365151709995313 ], [ 123.967126681717204, 10.365150062482787 ], [ 123.967125849496597, 10.364878770189357 ] ] ], [ [ [ 123.959610049104242, 10.365263010413884 ], [ 123.959608397602551, 10.364720424621677 ], [ 123.959334391308275, 10.364721242056152 ], [ 123.959335216812036, 10.364992534976459 ], [ 123.958787203683642, 10.364994169188957 ], [ 123.95878802873878, 10.365265462148255 ], [ 123.959610049104242, 10.365263010413884 ] ] ], [ [ [ 123.9854850350264, 10.365094331393887 ], [ 123.985211030520816, 10.365095170902173 ], [ 123.985211878320428, 10.365366461723625 ], [ 123.985485883061642, 10.365365622192957 ], [ 123.9854850350264, 10.365094331393887 ] ] ], [ [ [ 123.967127513960719, 10.365421354771598 ], [ 123.967401520232713, 10.365420530643277 ], [ 123.967400687753553, 10.365149238376492 ], [ 123.967126681717204, 10.365150062482787 ], [ 123.967127513960719, 10.365421354771598 ] ] ], [ [ [ 123.958240015047906, 10.365267095470976 ], [ 123.958240839654422, 10.365538388469353 ], [ 123.958788853816657, 10.365536755102934 ], [ 123.95878802873878, 10.365265462148255 ], [ 123.958240015047906, 10.365267095470976 ] ] ], [ [ [ 123.957966008168327, 10.36526791178235 ], [ 123.957692001265997, 10.365268727860222 ], [ 123.957692825401068, 10.365540020902209 ], [ 123.957966832539114, 10.365539204802488 ], [ 123.957966008168327, 10.36526791178235 ] ] ], [ [ [ 124.005168466493004, 10.365295662470409 ], [ 124.004894463457987, 10.36529651876349 ], [ 124.004895328211148, 10.365567807952647 ], [ 124.005169331481881, 10.365566951636652 ], [ 124.005168466493004, 10.365295662470409 ] ] ], [ [ [ 123.983293844476862, 10.365372331904144 ], [ 123.983019839548604, 10.36537316956786 ], [ 123.983020685485968, 10.365644460564106 ], [ 123.983294690649942, 10.365643622877919 ], [ 123.983293844476862, 10.365372331904144 ] ] ], [ [ [ 123.977266571657353, 10.365661998063647 ], [ 123.977265730669799, 10.36539070659871 ], [ 123.976443714278403, 10.365393203487539 ], [ 123.976444554558952, 10.365664495019267 ], [ 123.977266571657353, 10.365661998063647 ] ] ], [ [ [ 123.9857607360739, 10.365636073200857 ], [ 123.985486731120417, 10.365636912987409 ], [ 123.985487579202555, 10.365908203777153 ], [ 123.985761584391753, 10.365907363968219 ], [ 123.9857607360739, 10.365636073200857 ] ] ], [ [ [ 123.967129178516686, 10.365963939335366 ], [ 123.967128346227241, 10.365692647055791 ], [ 123.966854339696454, 10.365693470972815 ], [ 123.966855171750169, 10.365964763274327 ], [ 123.967129178516686, 10.365963939335366 ] ] ], [ [ [ 124.005718203435819, 10.365836527420303 ], [ 124.005444199977134, 10.365837384225951 ], [ 124.005445065249532, 10.366108673360042 ], [ 124.005719068943833, 10.366107816531478 ], [ 124.005718203435819, 10.365836527420303 ] ] ], [ [ [ 123.984117552905346, 10.365912399321154 ], [ 123.983843547575717, 10.365913237729874 ], [ 123.983844394266967, 10.366184528649558 ], [ 123.984118399832312, 10.366183690218456 ], [ 123.984117552905346, 10.365912399321154 ] ] ], [ [ [ 123.975896543043945, 10.365666158489429 ], [ 123.975894023686152, 10.364852283747073 ], [ 123.976168028748177, 10.364851452195357 ], [ 123.976166348820868, 10.364308869055161 ], [ 123.976440353388341, 10.36430803731453 ], [ 123.976432792742727, 10.361866413154075 ], [ 123.976980797566284, 10.36186474937314 ], [ 123.976979957139363, 10.361593457821161 ], [ 123.977527961398934, 10.361591793151604 ], [ 123.977527120523916, 10.361320501639415 ], [ 123.977801122383255, 10.361319668977032 ], [ 123.977798599190933, 10.360505794479458 ], [ 123.977524598038315, 10.360506627075139 ], [ 123.977526279672176, 10.361049210122609 ], [ 123.976978276355055, 10.361050874703082 ], [ 123.976979116735521, 10.361322166264387 ], [ 123.976705114806563, 10.361322998226974 ], [ 123.976705954974761, 10.361594289805954 ], [ 123.976157950575924, 10.361595953075742 ], [ 123.976164668986371, 10.363766285896315 ], [ 123.975616660724583, 10.36376794858861 ], [ 123.975617500158975, 10.364039240214751 ], [ 123.97534349575767, 10.364040071233116 ], [ 123.975350210181091, 10.36621040425344 ], [ 123.976446235189528, 10.36620707806869 ], [ 123.976444554558952, 10.365664495019267 ], [ 123.975896543043945, 10.365666158489429 ] ] ], [ [ [ 123.966581164960814, 10.365965586979964 ], [ 123.966581996801807, 10.366236879298885 ], [ 123.966856003826976, 10.366236055571221 ], [ 123.966855171750169, 10.365964763274327 ], [ 123.966581164960814, 10.365965586979964 ] ] ], [ [ [ 123.983022377430856, 10.366187042542474 ], [ 123.982748371772075, 10.366187880040012 ], [ 123.982749217543798, 10.366459171044696 ], [ 123.983023223438295, 10.366458333524776 ], [ 123.983022377430856, 10.366187042542474 ] ] ], [ [ [ 123.966033982682575, 10.366238526053973 ], [ 123.965759975588583, 10.366239349081397 ], [ 123.965760806745322, 10.36651064146178 ], [ 123.96603481407513, 10.366509818412329 ], [ 123.966033982682575, 10.366238526053973 ] ] ], [ [ [ 123.985763281097647, 10.366449945488998 ], [ 123.98548927543699, 10.366450785342874 ], [ 123.985490123589386, 10.366722076118762 ], [ 123.985764129485759, 10.366721236242416 ], [ 123.985763281097647, 10.366449945488998 ] ] ], [ [ [ 123.983845240981665, 10.366455819564624 ], [ 123.983571235157243, 10.366456657784695 ], [ 123.983572081659489, 10.366727948717614 ], [ 123.983846087719641, 10.366727110475072 ], [ 123.983845240981665, 10.366455819564624 ] ] ], [ [ [ 124.005821085496819, 10.366650081065732 ], [ 124.005720800031639, 10.366650394739974 ], [ 124.005721665611347, 10.366921683837205 ], [ 124.005902961421796, 10.366921116740347 ], [ 124.005821085496819, 10.366650081065732 ] ] ], [ [ [ 123.97781626592807, 10.366202915086642 ], [ 123.977542259826791, 10.366203748149861 ], [ 123.977544783775485, 10.367017622422281 ], [ 123.977818790583939, 10.367016789292272 ], [ 123.97781626592807, 10.366202915086642 ] ] ], [ [ [ 123.965213622725273, 10.366783579280082 ], [ 123.964939615090998, 10.366784401651319 ], [ 123.964940445586493, 10.367055694088368 ], [ 123.965214453456497, 10.367054871695103 ], [ 123.965213622725273, 10.366783579280082 ] ] ], [ [ [ 123.984120940753485, 10.366997562882563 ], [ 123.983846934480965, 10.366998401380901 ], [ 123.983847781265737, 10.367269692282022 ], [ 123.984121787773972, 10.367268853761303 ], [ 123.984120940753485, 10.366997562882563 ] ] ], [ [ [ 123.97864081086982, 10.367014288501853 ], [ 123.978366804131099, 10.367015122332013 ], [ 123.978367646201065, 10.367286413680066 ], [ 123.978641653175515, 10.367285579827612 ], [ 123.97864081086982, 10.367014288501853 ] ] ], [ [ [ 123.964666437693495, 10.36705651624813 ], [ 123.96439242977759, 10.367057338174568 ], [ 123.964393259824462, 10.367328630650874 ], [ 123.964667267976097, 10.367327808702498 ], [ 123.964666437693495, 10.36705651624813 ] ] ], [ [ [ 123.98329976817918, 10.367271368623221 ], [ 123.983025761600786, 10.367272206443701 ], [ 123.98302660770166, 10.367543497407439 ], [ 123.983300614515784, 10.367542659564577 ], [ 123.98329976817918, 10.367271368623221 ] ] ], [ [ [ 123.971243456724764, 10.367308011917043 ], [ 123.972065479385634, 10.367305527865589 ], [ 123.972063806113184, 10.366762944143193 ], [ 123.971789799054093, 10.366763772349497 ], [ 123.971788962688279, 10.366492480459211 ], [ 123.971240948972351, 10.366494136127347 ], [ 123.97124011310099, 10.366222844188123 ], [ 123.970966106444152, 10.366223671650044 ], [ 123.970966942079798, 10.366494963611295 ], [ 123.970692935164152, 10.366495790861919 ], [ 123.970695441502144, 10.367309666784308 ], [ 123.970969449124951, 10.367308839467427 ], [ 123.970970284852882, 10.367580131410204 ], [ 123.971244292688411, 10.367579303837704 ], [ 123.971243456724764, 10.367308011917043 ] ] ], [ [ [ 123.964119251649919, 10.367329452365837 ], [ 123.963845243452454, 10.367330273847386 ], [ 123.963846073050789, 10.36760156636295 ], [ 123.964120081483983, 10.367600744859462 ], [ 123.964119251649919, 10.367329452365837 ] ] ], [ [ [ 123.97946451699562, 10.367554368123855 ], [ 123.979190509855087, 10.367555202698931 ], [ 123.979191352678754, 10.367826493970867 ], [ 123.979465360055016, 10.367825659373498 ], [ 123.97946451699562, 10.367554368123855 ] ] ], [ [ [ 123.967134172736039, 10.36759169291529 ], [ 123.966860164555172, 10.367592516986413 ], [ 123.966860996769739, 10.367863809255507 ], [ 123.967135005186321, 10.367862985162358 ], [ 123.967134172736039, 10.36759169291529 ] ] ], [ [ [ 123.965490954342059, 10.367867926219876 ], [ 123.965490123306282, 10.367596633840737 ], [ 123.965216114987669, 10.367597456511291 ], [ 123.965216945787716, 10.367868748912457 ], [ 123.965490954342059, 10.367867926219876 ] ] ], [ [ [ 124.006222686269368, 10.367733991654838 ], [ 124.005998267578804, 10.367734693901809 ], [ 124.00599913348988, 10.368005982957651 ], [ 124.006253820849352, 10.368005185961849 ], [ 124.006222686269368, 10.367733991654838 ] ] ], [ [ [ 123.983849474905369, 10.367812274070499 ], [ 123.983575467902241, 10.367813112402569 ], [ 123.983576314521372, 10.368084403312217 ], [ 123.983850321760215, 10.368083564957676 ], [ 123.983849474905369, 10.367812274070499 ] ] ], [ [ [ 123.981384255769612, 10.36809110174487 ], [ 123.981383411036617, 10.367819810656254 ], [ 123.981109403823424, 10.367820646887605 ], [ 123.981110248320704, 10.368091937998603 ], [ 123.981384255769612, 10.36809110174487 ] ] ], [ [ [ 123.980013374737624, 10.36782398947852 ], [ 123.979739367408001, 10.367824824542716 ], [ 123.979740210726391, 10.368096115765358 ], [ 123.980014218291828, 10.368095280678869 ], [ 123.980013374737624, 10.36782398947852 ] ] ], [ [ [ 123.964942937210381, 10.367869571371624 ], [ 123.964943767797536, 10.36814086379011 ], [ 123.965217776610601, 10.368140041308916 ], [ 123.965216945787716, 10.367868748912457 ], [ 123.964942937210381, 10.367869571371624 ] ] ], [ [ [ 123.964668928610124, 10.367870393597379 ], [ 123.96412091134097, 10.367872037348469 ], [ 123.964121741220779, 10.368143329832858 ], [ 123.964669758961563, 10.368141686037802 ], [ 123.964668928610124, 10.367870393597379 ] ] ], [ [ [ 123.980836240848433, 10.368092774018745 ], [ 123.980837085133246, 10.368364065147507 ], [ 123.981111092841246, 10.368363229104983 ], [ 123.981110248320704, 10.368091937998603 ], [ 123.980836240848433, 10.368092774018745 ] ] ], [ [ [ 123.964669758961563, 10.368141686037802 ], [ 123.964670589335825, 10.368412978473607 ], [ 123.964944598407612, 10.368412156203977 ], [ 123.964943767797536, 10.36814086379011 ], [ 123.964669758961563, 10.368141686037802 ] ] ], [ [ [ 124.006586904002404, 10.3682754350518 ], [ 124.006548010465835, 10.36827555681813 ], [ 124.006548876896233, 10.368546845818816 ], [ 124.006744867916183, 10.368546232154319 ], [ 124.006699626999563, 10.368384212000226 ], [ 124.006662819999548, 10.368328027000285 ], [ 124.006586904002404, 10.3682754350518 ] ] ], [ [ [ 123.9674106790211, 10.36840474527202 ], [ 123.967136670155909, 10.368405569642725 ], [ 123.9671375026752, 10.368676861875937 ], [ 123.96741151177612, 10.368676037483205 ], [ 123.9674106790211, 10.36840474527202 ] ] ], [ [ [ 123.983852015540094, 10.368626146718352 ], [ 123.983578007829706, 10.368626985117658 ], [ 123.98357885451891, 10.368898276013361 ], [ 123.983852862465028, 10.368897437591674 ], [ 123.983852015540094, 10.368626146718352 ] ] ], [ [ [ 123.983029992338757, 10.36862866121594 ], [ 123.982207968927199, 10.368631173612631 ], [ 123.982208814437527, 10.368902464620334 ], [ 123.983030838556346, 10.368899952156497 ], [ 123.983029992338757, 10.36862866121594 ] ] ], [ [ [ 123.972344508679441, 10.368932450304758 ], [ 123.972070499757393, 10.368933278921578 ], [ 123.972069662971023, 10.368661987090533 ], [ 123.971521645529194, 10.368663643579612 ], [ 123.97152415454282, 10.369477519191673 ], [ 123.971798163982669, 10.369476690997537 ], [ 123.971797327385914, 10.369205399153525 ], [ 123.972345345724719, 10.369203742109068 ], [ 123.972344508679441, 10.368932450304758 ] ] ], [ [ [ 124.006824616020651, 10.369088565792051 ], [ 124.006826349520395, 10.369631143715086 ], [ 124.007050412495602, 10.369630441881561 ], [ 124.007002120999459, 10.369477871000299 ], [ 124.006934861999582, 10.369089577000324 ], [ 124.006824616020651, 10.369088565792051 ] ] ], [ [ [ 123.98166164330361, 10.369175429476741 ], [ 123.981387634934904, 10.369176266053238 ], [ 123.9813893246574, 10.369718848179577 ], [ 123.981663333497735, 10.369718011558316 ], [ 123.98166164330361, 10.369175429476741 ] ] ], [ [ [ 123.967688853047321, 10.369760381567328 ], [ 123.967686353867961, 10.368946505041599 ], [ 123.967412344554148, 10.368947329689771 ], [ 123.967414843026063, 10.369761206281581 ], [ 123.967688853047321, 10.369760381567328 ] ] ], [ [ [ 123.973169048634247, 10.369743838253143 ], [ 123.972895039074132, 10.369744667636816 ], [ 123.972895876660218, 10.370015959382862 ], [ 123.973169886456148, 10.370015129977073 ], [ 123.973169048634247, 10.369743838253143 ] ] ], [ [ [ 123.967140832981897, 10.369762030762331 ], [ 123.967141665616126, 10.370033322972361 ], [ 123.967415675896021, 10.370032498469584 ], [ 123.967414843026063, 10.369761206281581 ], [ 123.967140832981897, 10.369762030762331 ] ] ], [ [ [ 123.981939878488291, 10.370531047724263 ], [ 123.981939033073786, 10.370259756721978 ], [ 123.981665023785112, 10.370260593621417 ], [ 123.981665868963788, 10.370531884645995 ], [ 123.981939878488291, 10.370531047724263 ] ] ], [ [ [ 123.973992754257779, 10.370283932011393 ], [ 123.973170724301312, 10.370286421696296 ], [ 123.973171562169483, 10.370557713410989 ], [ 123.973993592833466, 10.370555223659562 ], [ 123.973992754257779, 10.370283932011393 ] ] ], [ [ [ 123.972073010255073, 10.369747154386999 ], [ 123.971799000602502, 10.369747982836842 ], [ 123.9718015106005, 10.370561858326955 ], [ 123.972075520960502, 10.370561029810766 ], [ 123.972073010255073, 10.369747154386999 ] ] ], [ [ [ 123.967964529751626, 10.370302140902766 ], [ 123.967416508788972, 10.370303790652969 ], [ 123.96741734170493, 10.370575082831646 ], [ 123.967691352433519, 10.370574258051313 ], [ 123.9676921856083, 10.370845550203345 ], [ 123.967966196549796, 10.370844725167483 ], [ 123.967964529751626, 10.370302140902766 ] ] ], [ [ [ 124.007924979193945, 10.370441575714551 ], [ 124.007926714819462, 10.370984153407637 ], [ 124.008200722542369, 10.370983294065439 ], [ 124.008199306389045, 10.370540709836085 ], [ 124.008106068999496, 10.370442747000286 ], [ 124.007924979193945, 10.370441575714551 ] ] ], [ [ [ 123.981665868963788, 10.370531884645995 ], [ 123.981391859416036, 10.370532721334225 ], [ 123.981394394384537, 10.371346594447218 ], [ 123.981668404639819, 10.37134575769193 ], [ 123.981665868963788, 10.370531884645995 ] ] ], [ [ [ 123.972077194879716, 10.37110361340331 ], [ 123.971803184048014, 10.371104441963819 ], [ 123.971804020806402, 10.371375733775324 ], [ 123.972078031873934, 10.371374905192699 ], [ 123.972077194879716, 10.37110361340331 ] ] ], [ [ [ 123.981669249911846, 10.371617048697946 ], [ 123.98194326037958, 10.371616211686774 ], [ 123.981942414871739, 10.371344920703052 ], [ 123.981668404639819, 10.37134575769193 ], [ 123.981669249911846, 10.371617048697946 ] ] ], [ [ [ 123.972900064937861, 10.371372418043812 ], [ 123.972626053939607, 10.371373247326943 ], [ 123.972626891428618, 10.371644539067393 ], [ 123.972900902662687, 10.371643709762058 ], [ 123.972900064937861, 10.371372418043812 ] ] ], [ [ [ 123.974270958486045, 10.371639559732937 ], [ 123.973996947367638, 10.371640390205783 ], [ 123.973997786059059, 10.37191168183077 ], [ 123.974271797413294, 10.37191085133572 ], [ 123.974270958486045, 10.371639559732937 ] ] ], [ [ [ 123.973448925061433, 10.371642050450969 ], [ 123.973174913873649, 10.371642880223309 ], [ 123.973175751857468, 10.371914171914732 ], [ 123.973449763281153, 10.371913342120276 ], [ 123.973448925061433, 10.371642050450969 ] ] ], [ [ [ 123.967969530421996, 10.371929893641141 ], [ 123.968243542283901, 10.371929068283581 ], [ 123.968241874830085, 10.371386484100043 ], [ 123.968515886197196, 10.371385658553034 ], [ 123.96851505226897, 10.371114366476409 ], [ 123.969337085524842, 10.37111188850054 ], [ 123.969334581755646, 10.370298012441459 ], [ 123.968786561023038, 10.370299664526417 ], [ 123.968787395118142, 10.370570956594872 ], [ 123.968513384481469, 10.370571782309213 ], [ 123.968514218363765, 10.370843074395165 ], [ 123.967966196549796, 10.370844725167483 ], [ 123.967969530421996, 10.371929893641141 ] ] ], [ [ [ 124.008203326867743, 10.371797160501373 ], [ 124.008204195024135, 10.372068449304084 ], [ 124.008478203666485, 10.372067589636547 ], [ 124.008477742409497, 10.371923492259672 ], [ 124.008450999999525, 10.37187858500025 ], [ 124.008447082999552, 10.371797649000214 ], [ 124.008203326867743, 10.371797160501373 ] ] ], [ [ [ 123.975641853837246, 10.371906695357669 ], [ 123.975367842598828, 10.371907527020319 ], [ 123.975368682492672, 10.372178818529665 ], [ 123.975642693966989, 10.372177986844811 ], [ 123.975641853837246, 10.371906695357669 ] ] ], [ [ [ 123.977286762325861, 10.372172991831608 ], [ 123.976464728250832, 10.372175490389058 ], [ 123.976465569111284, 10.37244678180479 ], [ 123.977287603893927, 10.372444283180638 ], [ 123.977286762325861, 10.372172991831608 ] ] ], [ [ [ 123.975643534119826, 10.372449278327245 ], [ 123.975917545806851, 10.372448446386596 ], [ 123.975916705418115, 10.372177154926366 ], [ 123.975642693966989, 10.372177986844811 ], [ 123.975643534119826, 10.372449278327245 ] ] ], [ [ [ 123.96769551853717, 10.371930718765199 ], [ 123.967696351826874, 10.372202010894139 ], [ 123.967422339683054, 10.372202835806721 ], [ 123.96742150662925, 10.371931543655755 ], [ 123.966599470767818, 10.371934016926321 ], [ 123.966600303114006, 10.372205309143279 ], [ 123.967148327516398, 10.372203660485713 ], [ 123.967149160357309, 10.372474952654088 ], [ 123.967971197496112, 10.37247247785017 ], [ 123.967969530421996, 10.371929893641141 ], [ 123.96769551853717, 10.371930718765199 ] ] ], [ [ [ 123.966600303114006, 10.372205309143279 ], [ 123.966052278619784, 10.372206956866748 ], [ 123.966053110517265, 10.372478249123052 ], [ 123.966601135483202, 10.372476601355618 ], [ 123.966600303114006, 10.372205309143279 ] ] ], [ [ [ 123.98304268805586, 10.372698024837124 ], [ 123.982768676737962, 10.372698862871921 ], [ 123.982769523070033, 10.372970153765227 ], [ 123.983043534623832, 10.372969315708048 ], [ 123.98304268805586, 10.372698024837124 ] ] ], [ [ [ 123.977289287099765, 10.372986865864753 ], [ 123.977563299119325, 10.372986032478416 ], [ 123.977561615441772, 10.372443449838798 ], [ 123.977287603893927, 10.372444283180638 ], [ 123.977289287099765, 10.372986865864753 ] ] ], [ [ [ 123.966602800290516, 10.373019185766442 ], [ 123.966876813210874, 10.373018361488374 ], [ 123.966875147931759, 10.372475777121604 ], [ 123.966601135483202, 10.372476601355618 ], [ 123.966602800290516, 10.373019185766442 ] ] ], [ [ [ 123.983591557661356, 10.372967638893094 ], [ 123.983043534623832, 10.372969315708048 ], [ 123.983044381215166, 10.373240606574441 ], [ 123.983592404724405, 10.373238929714724 ], [ 123.983591557661356, 10.372967638893094 ] ] ], [ [ [ 123.983593251810888, 10.373510220531557 ], [ 123.983867263766328, 10.373509381729018 ], [ 123.983866416443945, 10.373238090934478 ], [ 123.983592404724405, 10.373238929714724 ], [ 123.983593251810888, 10.373510220531557 ] ] ], [ [ [ 123.97729012873755, 10.373258157199928 ], [ 123.977016116458898, 10.373258990374968 ], [ 123.977016957883961, 10.373530281727728 ], [ 123.977290970398514, 10.373529448530395 ], [ 123.97729012873755, 10.373258157199928 ] ] ], [ [ [ 123.973727128735135, 10.372997678634455 ], [ 123.973453116391198, 10.372998508751142 ], [ 123.973454793084926, 10.373541092038774 ], [ 123.973728805900734, 10.373540261877768 ], [ 123.973727128735135, 10.372997678634455 ] ] ], [ [ [ 123.966328787347337, 10.373020009810919 ], [ 123.966330451774695, 10.373562594247232 ], [ 123.966604465189675, 10.373561770158702 ], [ 123.966602800290516, 10.373019185766442 ], [ 123.966328787347337, 10.373020009810919 ] ] ], [ [ [ 123.973181618391649, 10.373813213625283 ], [ 123.973180780246011, 10.373541921966279 ], [ 123.972906767383918, 10.373542751660192 ], [ 123.972907605293756, 10.373814043341401 ], [ 123.973181618391649, 10.373813213625283 ] ] ], [ [ [ 123.977017799332302, 10.373801573075781 ], [ 123.976743786558586, 10.373802406061817 ], [ 123.97674462779419, 10.374073697427455 ], [ 123.977018640803806, 10.374072864419304 ], [ 123.977017799332302, 10.373801573075781 ] ] ], [ [ [ 123.97263359217267, 10.373814872823928 ], [ 123.972634429869601, 10.374086164522634 ], [ 123.972908443226586, 10.374085335017902 ], [ 123.972907605293756, 10.373814043341401 ], [ 123.97263359217267, 10.373814872823928 ] ] ], [ [ [ 123.970990349242683, 10.374091136645792 ], [ 123.97098951296114, 10.373819844814303 ], [ 123.97071549967842, 10.373820672661871 ], [ 123.970716335724049, 10.374091964515475 ], [ 123.970990349242683, 10.374091136645792 ] ] ], [ [ [ 123.98414297088506, 10.374051124223083 ], [ 123.983868958481281, 10.374051963304066 ], [ 123.983869805873738, 10.374323254084661 ], [ 123.984143818513516, 10.374322414981297 ], [ 123.98414297088506, 10.374051124223083 ] ] ], [ [ [ 123.977840679693131, 10.374070363993216 ], [ 123.977292653790158, 10.374072031177473 ], [ 123.977293495520755, 10.374343322494084 ], [ 123.977841521895613, 10.374341655265241 ], [ 123.977840679693131, 10.374070363993216 ] ] ], [ [ [ 123.976470614761482, 10.374074530202194 ], [ 123.97619660170551, 10.374075362743252 ], [ 123.976197442492506, 10.37434665414877 ], [ 123.976471455784377, 10.374345821585507 ], [ 123.976470614761482, 10.374074530202194 ] ] ], [ [ [ 123.970442322182407, 10.374092792151568 ], [ 123.970443158015144, 10.37436408402267 ], [ 123.970717171792771, 10.374363256364461 ], [ 123.970716335724049, 10.374091964515475 ], [ 123.970442322182407, 10.374092792151568 ] ] ], [ [ [ 124.009855203953975, 10.374233596947658 ], [ 124.009856073741418, 10.374504885570691 ], [ 124.009977554102292, 10.374504503760107 ], [ 124.009877141999482, 10.374237763000316 ], [ 124.009855203953975, 10.374233596947658 ] ] ], [ [ [ 123.976472296830465, 10.374617112964202 ], [ 123.977020323816475, 10.374615447092317 ], [ 123.977019482298502, 10.37434415575812 ], [ 123.976471455784377, 10.374345821585507 ], [ 123.976472296830465, 10.374617112964202 ] ] ], [ [ [ 123.972634429869601, 10.374086164522634 ], [ 123.972360416489536, 10.374086993793775 ], [ 123.97236209148106, 10.374629577221562 ], [ 123.972636105332924, 10.374628747906101 ], [ 123.972634429869601, 10.374086164522634 ] ] ], [ [ [ 124.010130966633511, 10.374779124203116 ], [ 124.010131824481434, 10.37504660148122 ], [ 124.010289957128322, 10.375046104303454 ], [ 124.010130966633511, 10.374779124203116 ] ] ], [ [ [ 123.972637780888718, 10.375171331271005 ], [ 123.97291179518939, 10.375170501677722 ], [ 123.972910119161796, 10.374627918357138 ], [ 123.972636105332924, 10.374628747906101 ], [ 123.972637780888718, 10.375171331271005 ] ] ], [ [ [ 123.972088914900496, 10.374901698032424 ], [ 123.971814900766446, 10.374902526902819 ], [ 123.971815737848047, 10.375173818649397 ], [ 123.972089752217997, 10.375172989756887 ], [ 123.972088914900496, 10.374901698032424 ] ] ], [ [ [ 123.970443993870973, 10.374635375889152 ], [ 123.970169979834452, 10.374636203335886 ], [ 123.970171651143403, 10.375178787099049 ], [ 123.970445665651908, 10.375177959608084 ], [ 123.970443993870973, 10.374635375889152 ] ] ], [ [ [ 123.970173322544653, 10.37572137084365 ], [ 123.970172486832524, 10.375450078973703 ], [ 123.969898472065111, 10.375450906253104 ], [ 123.969899307541255, 10.375722198145255 ], [ 123.970173322544653, 10.37572137084365 ] ] ], [ [ [ 123.969625292514849, 10.37572302521318 ], [ 123.969626127778085, 10.37599431712265 ], [ 123.969900143040476, 10.375993490032609 ], [ 123.969899307541255, 10.375722198145255 ], [ 123.969625292514849, 10.37572302521318 ] ] ], [ [ [ 123.984696932815709, 10.375948480256348 ], [ 123.98442291880707, 10.375949319961453 ], [ 123.984423766835107, 10.376220610664689 ], [ 123.984697781079745, 10.376219770937201 ], [ 123.984696932815709, 10.375948480256348 ] ] ], [ [ [ 123.977847417963332, 10.376240694039652 ], [ 123.978121432767509, 10.376239859918968 ], [ 123.978119747588579, 10.375697277479723 ], [ 123.978393761897607, 10.375696443170035 ], [ 123.978392919107051, 10.37542515196569 ], [ 123.978118905034023, 10.375425986253173 ], [ 123.978115535048133, 10.374340821300432 ], [ 123.977841521895613, 10.374341655265241 ], [ 123.977847417963332, 10.376240694039652 ] ] ], [ [ [ 124.011779744806788, 10.376241149348687 ], [ 124.011757262999524, 10.376230572000267 ], [ 124.011658003999571, 10.376194600000311 ], [ 124.011499970999466, 10.376195882000239 ], [ 124.011343243999463, 10.376244698000281 ], [ 124.011231526859305, 10.376182478236451 ], [ 124.011232224049607, 10.37639959628266 ], [ 124.011780248331206, 10.376397870839583 ], [ 124.011779744806788, 10.376241149348687 ] ] ], [ [ [ 123.984971795300922, 10.376218930976123 ], [ 123.984697781079745, 10.376219770937201 ], [ 123.984698629367131, 10.376491061613436 ], [ 123.984972643824221, 10.376490221629886 ], [ 123.984971795300922, 10.376218930976123 ] ] ], [ [ [ 123.972914309404175, 10.375984376623915 ], [ 123.972640294395717, 10.375985206283634 ], [ 123.972642808110635, 10.376799081254518 ], [ 123.972916823827063, 10.376798251528275 ], [ 123.972914309404175, 10.375984376623915 ] ] ], [ [ [ 124.012055132302976, 10.376668296169356 ], [ 124.012056004194065, 10.376939584566347 ], [ 124.012260526554897, 10.376938940184733 ], [ 124.012242076999584, 10.376910513000304 ], [ 124.012198704999548, 10.376694917000318 ], [ 124.01217780899951, 10.376667939000306 ], [ 124.012055132302976, 10.376668296169356 ] ] ], [ [ [ 123.984974340941235, 10.377032802923559 ], [ 123.985248355846849, 10.377031962661565 ], [ 123.985246658258021, 10.376489381412746 ], [ 123.984972643824221, 10.376490221629886 ], [ 123.984974340941235, 10.377032802923559 ] ] ], [ [ [ 123.977025373411522, 10.376243195000068 ], [ 123.97702705679562, 10.37678577759883 ], [ 123.976753041426647, 10.376786610829559 ], [ 123.976753882917535, 10.377057902144305 ], [ 123.977301914104189, 10.37705623540467 ], [ 123.977300230201749, 10.376513652859732 ], [ 123.977848260351621, 10.376511985274639 ], [ 123.977847417963332, 10.376240694039652 ], [ 123.977025373411522, 10.376243195000068 ] ] ], [ [ [ 123.976479867289385, 10.377058735163558 ], [ 123.976480708567451, 10.377330026495891 ], [ 123.976754724431586, 10.377329193454344 ], [ 123.976753882917535, 10.377057902144305 ], [ 123.976479867289385, 10.377058735163558 ] ] ], [ [ [ 124.012880659721134, 10.377750858766344 ], [ 124.012881532416387, 10.378022147075583 ], [ 124.013121740706168, 10.378021389553272 ], [ 124.013026221999453, 10.37792653600026 ], [ 124.012951777999604, 10.377753101000298 ], [ 124.012880659721134, 10.377750858766344 ] ] ], [ [ [ 123.976756407529422, 10.377871776060566 ], [ 123.976482391193315, 10.37787260914661 ], [ 123.976483232541014, 10.378143900464909 ], [ 123.97675724911312, 10.37814306735666 ], [ 123.976756407529422, 10.377871776060566 ] ] ], [ [ [ 123.977031265662035, 10.378142234014643 ], [ 123.97675724911312, 10.37814306735666 ], [ 123.976758932350222, 10.378685649934994 ], [ 123.977032949371207, 10.378684816548567 ], [ 123.977031265662035, 10.378142234014643 ] ] ], [ [ [ 123.968804081852795, 10.37599679699105 ], [ 123.968802412765001, 10.375454213034885 ], [ 123.968528397882395, 10.375455039146331 ], [ 123.968525895131137, 10.374641163111143 ], [ 123.967977866712488, 10.374642814500923 ], [ 123.967977032980031, 10.374371522435755 ], [ 123.967429004941167, 10.374373172847118 ], [ 123.967428171703517, 10.374101880733278 ], [ 123.966880144044623, 10.374103530166224 ], [ 123.966879311301767, 10.3738322380038 ], [ 123.966605297673709, 10.37383306234786 ], [ 123.96660613018075, 10.374104354532399 ], [ 123.966332116293884, 10.374105178664983 ], [ 123.966332948587933, 10.374376470866842 ], [ 123.96605893444216, 10.374377294787863 ], [ 123.966058102384096, 10.374106002563888 ], [ 123.965510074495512, 10.374107649661191 ], [ 123.965510906081875, 10.37437894192913 ], [ 123.965236891867349, 10.374379765149378 ], [ 123.965237723240634, 10.374651057434637 ], [ 123.964963708767129, 10.374651880443231 ], [ 123.96496620231693, 10.375465757337111 ], [ 123.964692187112718, 10.375466580178106 ], [ 123.964693018105947, 10.375737872488767 ], [ 123.964144987156885, 10.375739517513949 ], [ 123.964145817701052, 10.376010809863867 ], [ 123.963871801956202, 10.376011632047966 ], [ 123.963872632287377, 10.376282924415204 ], [ 123.963598616283633, 10.376283746387649 ], [ 123.963600276542664, 10.376826331152234 ], [ 123.964148309471042, 10.376824686885911 ], [ 123.964147478858123, 10.376553394549848 ], [ 123.964695511222857, 10.376551749392949 ], [ 123.964693849122, 10.376009164794809 ], [ 123.965241880451217, 10.376007518791297 ], [ 123.965241048963264, 10.375736226529309 ], [ 123.965515064357461, 10.375735403199105 ], [ 123.965514232656446, 10.375464110954347 ], [ 123.965240217498149, 10.375464934262524 ], [ 123.965238554636827, 10.374922349715188 ], [ 123.966882642411193, 10.37491740662605 ], [ 123.966883475245979, 10.37518869877 ], [ 123.966061430754294, 10.375191171431808 ], [ 123.966062262904288, 10.375462463637131 ], [ 123.965788247791821, 10.375463287412579 ], [ 123.965789079728836, 10.37573457963531 ], [ 123.966063095077203, 10.375733755837835 ], [ 123.966063927273026, 10.376005048033921 ], [ 123.966337942834471, 10.376004223980917 ], [ 123.966339607766926, 10.37654680831518 ], [ 123.966613623777249, 10.376545983984531 ], [ 123.966614456513881, 10.376817276122708 ], [ 123.966888472737281, 10.376816451536442 ], [ 123.96688930573292, 10.377087743647884 ], [ 123.966615289273619, 10.377088568256177 ], [ 123.966616122056166, 10.377359860385116 ], [ 123.966890138751452, 10.377359035754797 ], [ 123.966890971793092, 10.377630327857002 ], [ 123.967164988701455, 10.377629502970976 ], [ 123.967165822002002, 10.377900795046536 ], [ 123.967439839123344, 10.377899969904892 ], [ 123.967440672682784, 10.378171261953717 ], [ 123.967714690017218, 10.378170436556367 ], [ 123.967715523835736, 10.378441728578547 ], [ 123.967989541383147, 10.37844090292549 ], [ 123.967990375460658, 10.378712194921025 ], [ 123.968812428672919, 10.378709716493518 ], [ 123.968811593887352, 10.378438424564152 ], [ 123.968537576408949, 10.378439250918248 ], [ 123.968536741882374, 10.378167958962148 ], [ 123.968810759124693, 10.378167132630079 ], [ 123.968809924385212, 10.377895840691476 ], [ 123.969083941368538, 10.377895014147843 ], [ 123.96908310641598, 10.377623722226559 ], [ 123.969357123140313, 10.377622895471362 ], [ 123.969355452832332, 10.377080311659171 ], [ 123.969903485267864, 10.377078657536021 ], [ 123.969901814108027, 10.376536073793641 ], [ 123.96962779837375, 10.376536900927825 ], [ 123.969626127778085, 10.37599431712265 ], [ 123.968804081852795, 10.37599679699105 ] ], [ [ 123.969080601696447, 10.376809846435087 ], [ 123.969079766836089, 10.37653855449533 ], [ 123.969353782616466, 10.376537727828417 ], [ 123.96935461771281, 10.376809019746059 ], [ 123.969080601696447, 10.376809846435087 ] ] ], [ [ [ 124.013980207031665, 10.378832553717555 ], [ 124.014115386729856, 10.378832126941784 ], [ 124.014052155999522, 10.378798884000229 ], [ 124.013981627999456, 10.378741072000242 ], [ 124.013980207031665, 10.378832553717555 ] ] ], [ [ [ 123.985801481748467, 10.378658024802235 ], [ 123.985527465473723, 10.378658865666146 ], [ 123.985528314679684, 10.378930156233313 ], [ 123.985802331190584, 10.37892931534693 ], [ 123.985801481748467, 10.378658024802235 ] ] ], [ [ [ 123.980045446166699, 10.378133051831451 ], [ 123.97977142987348, 10.37813388774368 ], [ 123.979770585693728, 10.377862596692633 ], [ 123.97894853738245, 10.377865102960449 ], [ 123.978949380854232, 10.378136394078464 ], [ 123.978675364467932, 10.378137229055973 ], [ 123.978676207726906, 10.378408520191662 ], [ 123.978402191081358, 10.378409354957874 ], [ 123.978403034127609, 10.37868064611115 ], [ 123.979225084702506, 10.378678141044595 ], [ 123.979225928480091, 10.378949432126372 ], [ 123.980047979553703, 10.378946924889821 ], [ 123.980045446166699, 10.378133051831451 ] ], [ [ 123.979772274076495, 10.378405178790107 ], [ 123.979498257524028, 10.378406014490949 ], [ 123.979497413556999, 10.378134723422228 ], [ 123.97977142987348, 10.37813388774368 ], [ 123.979772274076495, 10.378405178790107 ] ] ], [ [ [ 123.977306966368928, 10.378683982928461 ], [ 123.977032949371207, 10.378684816548567 ], [ 123.977033791260524, 10.378956107808513 ], [ 123.977307808494317, 10.378955274166113 ], [ 123.977306966368928, 10.378683982928461 ] ] ], [ [ [ 123.98498028158771, 10.378931837305217 ], [ 123.984706265006722, 10.378932677490649 ], [ 123.98470711352806, 10.379203968120432 ], [ 123.984981130345219, 10.379203127912529 ], [ 123.98498028158771, 10.378931837305217 ] ] ], [ [ [ 123.980048824062521, 10.379218215900011 ], [ 123.980322841276603, 10.379217379664752 ], [ 123.980321996531615, 10.378946088676944 ], [ 123.980047979553703, 10.378946924889821 ], [ 123.980048824062521, 10.379218215900011 ] ] ], [ [ [ 123.977855000294724, 10.37868231498712 ], [ 123.977855842892183, 10.378953606180275 ], [ 123.977307808494317, 10.378955274166113 ], [ 123.977308650642883, 10.379226565399236 ], [ 123.978404720289845, 10.379223228403756 ], [ 123.978403034127609, 10.37868064611115 ], [ 123.977855000294724, 10.37868231498712 ] ] ], [ [ [ 124.015078012414705, 10.379371667927984 ], [ 124.015235793614906, 10.379371169227259 ], [ 124.015179348999524, 10.379341482000271 ], [ 124.015084796934232, 10.379282647011479 ], [ 124.015078012414705, 10.379371667927984 ] ] ], [ [ [ 123.985255147138915, 10.379202287471035 ], [ 123.984981130345219, 10.379203127912529 ], [ 123.98498197912599, 10.379474418515311 ], [ 123.985255996155772, 10.379473578051346 ], [ 123.985255147138915, 10.379202287471035 ] ] ], [ [ [ 124.015900931013221, 10.379640356865394 ], [ 124.016159120277138, 10.379639540081865 ], [ 124.016050831999507, 10.379590028000319 ], [ 124.015903038999454, 10.379543568000294 ], [ 124.015900931013221, 10.379640356865394 ] ] ], [ [ [ 123.985256845195991, 10.379744868627039 ], [ 123.98607889685286, 10.379742345765653 ], [ 123.986077197379501, 10.379199764744385 ], [ 123.985803180656063, 10.379200605886918 ], [ 123.985804030144976, 10.379471896422377 ], [ 123.985255996155772, 10.379473578051346 ], [ 123.985256845195991, 10.379744868627039 ] ] ], [ [ [ 124.016723850834836, 10.379909043556157 ], [ 124.016929584603886, 10.379908392188842 ], [ 124.016875123999498, 10.379876281000289 ], [ 124.016724282999448, 10.379846307000296 ], [ 124.016723850834836, 10.379909043556157 ] ] ], [ [ [ 124.017442644999562, 10.379917682000251 ], [ 124.017272119868565, 10.379981448116904 ], [ 124.017272756952906, 10.380178596068735 ], [ 124.017546771879395, 10.380177728000096 ], [ 124.017546068599728, 10.379960153993906 ], [ 124.017491401999507, 10.379914684000269 ], [ 124.017442644999562, 10.379917682000251 ] ] ], [ [ [ 124.017820786781797, 10.380176859697865 ], [ 124.017821663942541, 10.38044814754916 ], [ 124.018095679056785, 10.38044727898998 ], [ 124.018095509968759, 10.380394998174125 ], [ 124.018024679999485, 10.380313339000303 ], [ 124.018004871999366, 10.380256388000209 ], [ 124.017950020999535, 10.380220419000253 ], [ 124.017940878999568, 10.380181453000226 ], [ 124.017820786781797, 10.380176859697865 ] ] ], [ [ [ 123.981147429277684, 10.380028742291703 ], [ 123.980873411425534, 10.380029579295059 ], [ 123.980875102069248, 10.380572161139579 ], [ 123.981149120393553, 10.380571324091637 ], [ 123.981147429277684, 10.380028742291703 ] ] ], [ [ [ 123.984433096687553, 10.379204808094567 ], [ 123.984434793328433, 10.37974738938513 ], [ 123.983886758633119, 10.379749068722067 ], [ 123.98388506293638, 10.379206487341797 ], [ 123.9836110460257, 10.379207326614981 ], [ 123.983610198448403, 10.378936035895492 ], [ 123.98333618175036, 10.378936874912526 ], [ 123.983334487138009, 10.378394293414839 ], [ 123.982786454615976, 10.37839597065825 ], [ 123.982788148284286, 10.378938552245554 ], [ 123.983062165029054, 10.37893771369588 ], [ 123.983064706414737, 10.379751585974695 ], [ 123.982790688961913, 10.379752424591516 ], [ 123.982791535901143, 10.380023715364207 ], [ 123.982243500453365, 10.380025391941572 ], [ 123.982244346943887, 10.380296682754409 ], [ 123.981970328948833, 10.380297520714866 ], [ 123.98197202152771, 10.380840102371359 ], [ 123.982246039994834, 10.380839264366138 ], [ 123.982245193457686, 10.380567973562627 ], [ 123.982793229849676, 10.380566296895822 ], [ 123.982792382863821, 10.380295006132368 ], [ 123.984710507847552, 10.38028913059329 ], [ 123.98470711352806, 10.379203968120432 ], [ 123.984433096687553, 10.379204808094567 ] ] ], [ [ [ 123.981423138694581, 10.380570486809926 ], [ 123.981149120393553, 10.380571324091637 ], [ 123.981149965986475, 10.380842614984676 ], [ 123.981423984523587, 10.380841777680583 ], [ 123.981423138694581, 10.380570486809926 ] ] ], [ [ [ 123.981423984523587, 10.380841777680583 ], [ 123.981424830375857, 10.381113068546622 ], [ 123.98197286785215, 10.381111393192633 ], [ 123.98197202152771, 10.380840102371359 ], [ 123.981423984523587, 10.380841777680583 ] ] ], [ [ [ 124.019744307919723, 10.381843026027038 ], [ 124.019745042621267, 10.382069788762649 ], [ 124.01996307135785, 10.382069096275782 ], [ 124.019829254999493, 10.381967225000277 ], [ 124.019744307919723, 10.381843026027038 ] ] ], [ [ [ 123.993994252355733, 10.384320874900411 ], [ 123.993446211285956, 10.384322571286109 ], [ 123.993447067792118, 10.38459386110614 ], [ 123.993995109334222, 10.384592164675144 ], [ 123.993994252355733, 10.384320874900411 ] ] ], [ [ [ 124.020849028137164, 10.384507893925299 ], [ 124.020849908282457, 10.384779181446813 ], [ 124.02093418028295, 10.384778913449011 ], [ 124.021016125999552, 10.384672567000298 ], [ 124.021102971999554, 10.384513702000298 ], [ 124.020849028137164, 10.384507893925299 ] ] ], [ [ [ 123.993448780875383, 10.385136440732168 ], [ 123.993447924321984, 10.384865150921463 ], [ 123.993173903279327, 10.384865998808824 ], [ 123.99317475959657, 10.385137288642177 ], [ 123.993448780875383, 10.385136440732168 ] ] ], [ [ [ 123.996188133448612, 10.384856659187836 ], [ 123.995914112642382, 10.384857509413415 ], [ 123.995915830023918, 10.385400088622355 ], [ 123.996189851302475, 10.385399238351479 ], [ 123.996188133448612, 10.384856659187836 ] ] ], [ [ [ 123.993997680411439, 10.385406033971545 ], [ 123.994271701855553, 10.385405185337405 ], [ 123.994269130069824, 10.384591316108949 ], [ 123.993995109334222, 10.384592164675144 ], [ 123.993997680411439, 10.385406033971545 ] ] ], [ [ [ 124.020455765999372, 10.385852938000262 ], [ 124.020516711999363, 10.38583645100023 ], [ 124.02057765799951, 10.385773505000262 ], [ 124.02057852950594, 10.385593915321312 ], [ 124.020304510123552, 10.38559478642539 ], [ 124.020305389893494, 10.385866073974793 ], [ 124.020358533714315, 10.385865905045122 ], [ 124.020416149999562, 10.385837952000266 ], [ 124.020455765999372, 10.385852938000262 ] ] ], [ [ [ 123.99865776394347, 10.385934154127597 ], [ 123.998383742405835, 10.385935006548397 ], [ 123.998384603305183, 10.386206295932244 ], [ 123.998658625078988, 10.386205443488706 ], [ 123.99865776394347, 10.385934154127597 ] ] ], [ [ [ 123.98851895129971, 10.385965537961262 ], [ 123.987970906453938, 10.38596722526507 ], [ 123.987971758377896, 10.386238515508495 ], [ 123.988519803696093, 10.386236828159657 ], [ 123.98851895129971, 10.385965537961262 ] ] ], [ [ [ 124.01975906459667, 10.38639661434847 ], [ 124.01975822990552, 10.386139103119064 ], [ 124.019484209977961, 10.38613997356811 ], [ 124.019485089087993, 10.386411261177908 ], [ 124.01954136625892, 10.386411082422853 ], [ 124.019620533999458, 10.386371991000221 ], [ 124.01975906459667, 10.38639661434847 ] ] ], [ [ [ 123.994548295982966, 10.386218205588083 ], [ 123.99427427385389, 10.386219054524027 ], [ 123.994275131234019, 10.386490344243605 ], [ 123.994549153599266, 10.386489495285012 ], [ 123.994548295982966, 10.386218205588083 ] ] ], [ [ [ 123.992352695618607, 10.385139830969326 ], [ 123.992351840009874, 10.384868541068204 ], [ 123.991803797712365, 10.384870234738653 ], [ 123.991804652848771, 10.385141524684983 ], [ 123.991530631428461, 10.385142371192114 ], [ 123.991531486352329, 10.385413661156473 ], [ 123.990983442968684, 10.385415353514372 ], [ 123.990985151942169, 10.385957933519297 ], [ 123.991259174118142, 10.385957087412113 ], [ 123.991260883658299, 10.386499667353355 ], [ 123.991534906283164, 10.386498820967194 ], [ 123.991532341299646, 10.385684951116126 ], [ 123.991806363192282, 10.385684104563786 ], [ 123.991805508008724, 10.385412814626783 ], [ 123.993175615937432, 10.385408578470912 ], [ 123.99317475959657, 10.385137288642177 ], [ 123.992352695618607, 10.385139830969326 ] ] ], [ [ [ 124.017160917999519, 10.386598870000253 ], [ 124.017293547279081, 10.386610067354763 ], [ 124.017292926906876, 10.386418216537663 ], [ 124.016744886119724, 10.386419953039184 ], [ 124.016745762891986, 10.386691240876267 ], [ 124.016800865945299, 10.386691066316523 ], [ 124.016879770999523, 10.386652112000217 ], [ 124.017160917999519, 10.386598870000253 ] ] ], [ [ [ 124.015100763178651, 10.386425156931612 ], [ 124.014826742603972, 10.38642602342853 ], [ 124.014827617722887, 10.386697311427529 ], [ 124.015101638533721, 10.386696444907518 ], [ 124.015100763178651, 10.386425156931612 ] ] ], [ [ [ 123.996468168787175, 10.386754835561074 ], [ 123.996464731755978, 10.38566967739899 ], [ 123.996190710264884, 10.385670527926372 ], [ 123.996193287294133, 10.386484396622986 ], [ 123.995645242823798, 10.386486097112424 ], [ 123.995646101408553, 10.386757386714052 ], [ 123.996468168787175, 10.386754835561074 ] ] ], [ [ [ 123.989342724625629, 10.386505585508832 ], [ 123.988794678976049, 10.386507274305757 ], [ 123.988795531655583, 10.386778564472355 ], [ 123.989343577777575, 10.3867768756304 ], [ 123.989342724625629, 10.386505585508832 ] ] ], [ [ [ 123.987699439129585, 10.386781939350065 ], [ 123.987698587394902, 10.386510649093406 ], [ 123.987424564440886, 10.386511492205653 ], [ 123.987425415939413, 10.386782782484783 ], [ 123.987699439129585, 10.386781939350065 ] ] ], [ [ [ 124.016198477391242, 10.386926970776667 ], [ 124.016197721535775, 10.386692976488721 ], [ 124.015923700821475, 10.386693843944162 ], [ 124.015924576909214, 10.386965131845994 ], [ 124.016115314551428, 10.386964528045251 ], [ 124.016198477391242, 10.386926970776667 ] ] ], [ [ [ 124.01564968008293, 10.386694711165834 ], [ 124.015375659320412, 10.38669557815356 ], [ 124.015376534935726, 10.386966866101666 ], [ 124.015650555934499, 10.386965999090759 ], [ 124.01564968008293, 10.386694711165834 ] ] ], [ [ [ 123.998933508224567, 10.386475880145063 ], [ 123.998659486238225, 10.386476732845196 ], [ 123.998661208627837, 10.387019311544144 ], [ 123.998935231086605, 10.387018458798536 ], [ 123.998933508224567, 10.386475880145063 ] ] ], [ [ [ 123.995372078901653, 10.386758236630634 ], [ 123.995372937273785, 10.387029526250291 ], [ 123.995646960016856, 10.387028676311061 ], [ 123.995646101408553, 10.386757386714052 ], [ 123.995372078901653, 10.386758236630634 ] ] ], [ [ [ 123.98687736948861, 10.386784468052735 ], [ 123.986878220538145, 10.387055758372188 ], [ 123.987426267461373, 10.387054072759295 ], [ 123.987425415939413, 10.386782782484783 ], [ 123.98687736948861, 10.386784468052735 ] ] ], [ [ [ 123.998936092553237, 10.387289748118345 ], [ 123.999210115224457, 10.387288895116054 ], [ 123.99920925352157, 10.387017605819072 ], [ 123.998935231086605, 10.387018458798536 ], [ 123.998936092553237, 10.387289748118345 ] ] ], [ [ [ 123.995099772666663, 10.387301665593352 ], [ 123.994277703515877, 10.387304213374449 ], [ 123.994278560990494, 10.387575503075464 ], [ 123.995100630849876, 10.387572955226421 ], [ 123.995099772666663, 10.387301665593352 ] ] ], [ [ [ 123.987153946653422, 10.387597496262647 ], [ 123.986879922707573, 10.387598338997151 ], [ 123.986880773827465, 10.38786962930266 ], [ 123.98715479800947, 10.387868786545685 ], [ 123.987153946653422, 10.387597496262647 ] ] ], [ [ [ 123.987431377085912, 10.388681814308576 ], [ 123.987157352218674, 10.38868265736691 ], [ 123.987158203668614, 10.388953947631297 ], [ 123.987432228772107, 10.388953104550492 ], [ 123.987431377085912, 10.388681814308576 ] ] ], [ [ [ 123.987433080481836, 10.389224394787878 ], [ 123.987707105798222, 10.389223551450655 ], [ 123.987706253852238, 10.388952261235829 ], [ 123.987432228772107, 10.388953104550492 ], [ 123.987433080481836, 10.389224394787878 ] ] ], [ [ [ 124.008808724523576, 10.389700488964049 ], [ 124.008805243922879, 10.388615335116913 ], [ 124.008531220905439, 10.388616196419232 ], [ 124.008528611415315, 10.387802330916063 ], [ 124.008254589082568, 10.38780319191569 ], [ 124.00825198051686, 10.386989326301766 ], [ 124.007977958868906, 10.386990186998613 ], [ 124.007976220417206, 10.386447609853533 ], [ 124.008250241592833, 10.386446749202605 ], [ 124.008249372166702, 10.386175460646097 ], [ 124.008523393082172, 10.386174599784315 ], [ 124.008522523443844, 10.385903311246103 ], [ 124.00879654409917, 10.385902450173468 ], [ 124.008795674248674, 10.385631161653642 ], [ 124.00961773536207, 10.385628577101691 ], [ 124.009618605921077, 10.385899865552684 ], [ 124.009892626480479, 10.385899003544708 ], [ 124.009894368142938, 10.386441580386652 ], [ 124.01044241013436, 10.38643985557729 ], [ 124.010443281473982, 10.386711143945238 ], [ 124.011539366113567, 10.38670769142821 ], [ 124.011540238422015, 10.386978979699435 ], [ 124.01181425975804, 10.386978115962531 ], [ 124.011813387213337, 10.38670682771431 ], [ 124.014005555145673, 10.386699909584685 ], [ 124.014004680735439, 10.386428621516409 ], [ 124.011812514692707, 10.38643553946147 ], [ 124.011811642196136, 10.386164251204011 ], [ 124.011263600917289, 10.386165978305762 ], [ 124.011262728917131, 10.3858946899975 ], [ 124.010714688014517, 10.385896416117902 ], [ 124.010713816510673, 10.385625127759013 ], [ 124.010439796259561, 10.38562599044538 ], [ 124.010438925015947, 10.38535470205878 ], [ 124.009890884914029, 10.385356426684201 ], [ 124.009890014166729, 10.385085138246886 ], [ 124.009341974441128, 10.385086861891047 ], [ 124.009341104190142, 10.384815573403106 ], [ 124.008793064840873, 10.384817296066007 ], [ 124.008792195086286, 10.384546007527529 ], [ 124.008518175611883, 10.384546868485323 ], [ 124.008517306117284, 10.384275579919134 ], [ 124.008243286855063, 10.384276440620155 ], [ 124.008242417620693, 10.384005152026432 ], [ 124.00769437949657, 10.384006872681073 ], [ 124.007693510758415, 10.383735584036813 ], [ 124.004679301962696, 10.383745030669534 ], [ 124.004678435845918, 10.38347374176859 ], [ 124.003034322156111, 10.383478882417208 ], [ 124.003036916327659, 10.384292749517854 ], [ 124.003310936043988, 10.384291893258968 ], [ 124.003311801051609, 10.384563182260365 ], [ 124.003859840885127, 10.384561468995546 ], [ 124.00385897540508, 10.384290180039802 ], [ 124.004132995049929, 10.384289323079521 ], [ 124.004133860766046, 10.384560612012351 ], [ 124.004407880623162, 10.384559754795475 ], [ 124.0044104786232, 10.385373621497418 ], [ 124.004684499164924, 10.38537276397803 ], [ 124.004686231756594, 10.385915341710373 ], [ 124.004960252746855, 10.385914483911385 ], [ 124.004962852522084, 10.386728350406383 ], [ 124.005236874196953, 10.386727492304971 ], [ 124.005237741072676, 10.386998781104396 ], [ 124.006059806662677, 10.386996205328181 ], [ 124.006060674270884, 10.387267494054242 ], [ 124.006608718350421, 10.387265775654953 ], [ 124.006609586455042, 10.387537064330655 ], [ 124.006883608695134, 10.387536204757264 ], [ 124.006884477059899, 10.387807493405255 ], [ 124.007432521940842, 10.387805773511072 ], [ 124.007434259687045, 10.388348350701449 ], [ 124.007708282564067, 10.388347490357653 ], [ 124.007709151709349, 10.388618778922954 ], [ 124.008257197863941, 10.388617057487693 ], [ 124.008258067505722, 10.388888346002368 ], [ 124.00853209078339, 10.388887484910992 ], [ 124.008534700561029, 10.389701350358294 ], [ 124.008808724523576, 10.389700488964049 ] ], [ [ 124.007149814579677, 10.385093747114816 ], [ 124.007423834646218, 10.385092887280212 ], [ 124.007422966048409, 10.3848215986316 ], [ 124.007971005637231, 10.38481987830674 ], [ 124.00797187470738, 10.385091166909522 ], [ 124.007697854688786, 10.385092027211751 ], [ 124.007698723546667, 10.38536331583283 ], [ 124.00742470326793, 10.385364175924206 ], [ 124.007426440583203, 10.385906753198249 ], [ 124.007152419808151, 10.385907613101686 ], [ 124.007149814579677, 10.385093747114816 ] ] ], [ [ [ 123.98880405974333, 10.389491465882806 ], [ 123.989078085178562, 10.389490621353559 ], [ 123.989075525796693, 10.388676751046766 ], [ 123.988801501070228, 10.388677595508511 ], [ 123.988802353937785, 10.388948885637895 ], [ 123.988528328951617, 10.388949729888253 ], [ 123.988529181606367, 10.389221020035578 ], [ 123.988255156360495, 10.389221864074461 ], [ 123.988256008802423, 10.389493154239638 ], [ 123.988530034284651, 10.389492310178195 ], [ 123.988530886986382, 10.389763600316194 ], [ 123.988804912681317, 10.389762755998333 ], [ 123.98880405974333, 10.389491465882806 ] ] ], [ [ [ 124.008260676574594, 10.389702211518681 ], [ 124.008261546312127, 10.389973500014793 ], [ 124.008535570534903, 10.389972638831491 ], [ 124.008534700561029, 10.389701350358294 ], [ 124.008260676574594, 10.389702211518681 ] ] ], [ [ [ 124.0079883915907, 10.390245649478558 ], [ 124.007987522065449, 10.38997436096415 ], [ 124.007713497794796, 10.38997522167956 ], [ 124.007714367083793, 10.390246510216972 ], [ 124.0079883915907, 10.390245649478558 ] ] ], [ [ [ 123.99867068346768, 10.390003494056177 ], [ 123.998396658386469, 10.390004346818127 ], [ 123.998397519641713, 10.390275636132252 ], [ 123.99867154495918, 10.390274783347564 ], [ 123.99867068346768, 10.390003494056177 ] ] ], [ [ [ 123.99428627932474, 10.390017110175254 ], [ 123.994012253864639, 10.390017959194331 ], [ 123.994013111339257, 10.390289248871543 ], [ 123.994287137035528, 10.390288399829817 ], [ 123.99428627932474, 10.390017110175254 ] ] ], [ [ [ 123.987984540054768, 10.390307868602367 ], [ 123.987710513816708, 10.390308712263419 ], [ 123.987711365880017, 10.390580002455064 ], [ 123.987985392354332, 10.390579158771452 ], [ 123.987984540054768, 10.390307868602367 ] ] ], [ [ [ 123.987437339382268, 10.390580845904729 ], [ 123.987163312860972, 10.390581689120449 ], [ 123.987164164475217, 10.390852979352328 ], [ 123.987438191232769, 10.390852136114137 ], [ 123.987437339382268, 10.390580845904729 ] ] ], [ [ [ 123.99483776304946, 10.391100569844436 ], [ 123.994289710309829, 10.391102268765529 ], [ 123.994290568115218, 10.39137355840144 ], [ 123.994838621327446, 10.391371859435051 ], [ 123.99483776304946, 10.391100569844436 ] ] ], [ [ [ 123.994015683904621, 10.391103117875112 ], [ 123.99374165747578, 10.391103966750748 ], [ 123.993742514808474, 10.391375256432045 ], [ 123.994016541473655, 10.391374407533672 ], [ 123.994015683904621, 10.391103117875112 ] ] ], [ [ [ 123.987165016112812, 10.391124269579588 ], [ 123.986890989095471, 10.391125112606392 ], [ 123.986891840520272, 10.391396402851505 ], [ 123.987165867773953, 10.391395559802231 ], [ 123.987165016112812, 10.391124269579588 ] ] ], [ [ [ 123.99483947962915, 10.391643149021046 ], [ 123.995387533219386, 10.391641449073486 ], [ 123.995385815694505, 10.391098869987559 ], [ 123.995111789383799, 10.391099720032926 ], [ 123.995112647898125, 10.391371009600892 ], [ 123.994838621327446, 10.391371859435051 ], [ 123.99483947962915, 10.391643149021046 ] ] ], [ [ [ 123.98744074692496, 10.391666006714562 ], [ 123.987166719458457, 10.391666850020254 ], [ 123.987167571166495, 10.39193814023357 ], [ 123.987441598869339, 10.391937296905407 ], [ 123.98744074692496, 10.391666006714562 ] ] ], [ [ [ 123.987716478752901, 10.392207743506965 ], [ 123.987442450837165, 10.392208587091634 ], [ 123.987443302828439, 10.392479877273153 ], [ 123.98771733098053, 10.392479033666014 ], [ 123.987716478752901, 10.392207743506965 ] ] ], [ [ [ 123.99867843774534, 10.392445097511416 ], [ 123.998404410537304, 10.392445950478002 ], [ 123.998405272005982, 10.392717239750294 ], [ 123.998679299450444, 10.39271638676097 ], [ 123.99867843774534, 10.392445097511416 ] ] ], [ [ [ 123.98854112123955, 10.393019081609889 ], [ 123.988267092685305, 10.393019925963987 ], [ 123.988267945456045, 10.393291216064149 ], [ 123.988541974246729, 10.393290371687492 ], [ 123.98854112123955, 10.393019081609889 ] ] ], [ [ [ 123.989090031757655, 10.393288682232249 ], [ 123.988816003013966, 10.393289527076888 ], [ 123.988816856280934, 10.393560817127312 ], [ 123.989090885260978, 10.393559972260114 ], [ 123.989090031757655, 10.393288682232249 ] ] ], [ [ [ 123.998682746508024, 10.393801543712733 ], [ 123.998408718118171, 10.393802396793006 ], [ 123.998409579705509, 10.394073686042116 ], [ 123.998683608331788, 10.394072832939017 ], [ 123.998682746508024, 10.393801543712733 ] ] ], [ [ [ 123.995669292139311, 10.394082204201361 ], [ 123.995395263252362, 10.394083054730164 ], [ 123.995396122263259, 10.394354344224411 ], [ 123.995670151386477, 10.39435349367287 ], [ 123.995669292139311, 10.394082204201361 ] ] ], [ [ [ 123.989091738787906, 10.393831262283449 ], [ 123.988817709571435, 10.393832107173118 ], [ 123.988819416222967, 10.394374687250696 ], [ 123.989093445912133, 10.394373842315996 ], [ 123.989091738787906, 10.393831262283449 ] ] ], [ [ [ 123.998958499018087, 10.39434326880081 ], [ 123.998684470179271, 10.394344122160682 ], [ 123.998685332050471, 10.394615411377728 ], [ 123.998959361125728, 10.394614557995119 ], [ 123.998958499018087, 10.39434326880081 ] ] ], [ [ [ 123.989915534838758, 10.394371306107598 ], [ 123.989093445912133, 10.394373842315996 ], [ 123.989094299509588, 10.394645132325298 ], [ 123.989916389145336, 10.394642596049309 ], [ 123.989915534838758, 10.394371306107598 ] ] ], [ [ [ 124.007166317998042, 10.390248230991961 ], [ 124.007165449181727, 10.38997694240863 ], [ 124.006891424839225, 10.38997780242229 ], [ 124.00689229341927, 10.390249091028537 ], [ 124.006618268816624, 10.390249950831254 ], [ 124.006620005575982, 10.390792528075544 ], [ 124.006345980476752, 10.390793387690145 ], [ 124.006346848656051, 10.391064676328277 ], [ 124.005250747074911, 10.391068112538793 ], [ 124.005251614332821, 10.391339401263878 ], [ 124.004703562926338, 10.391341118011155 ], [ 124.004704429735455, 10.391612406777451 ], [ 124.004430403760026, 10.391613264822997 ], [ 124.004431270356775, 10.3918845536075 ], [ 124.004157244121217, 10.391885411442015 ], [ 124.004158110505514, 10.392156700244637 ], [ 124.003884084009698, 10.392157557868121 ], [ 124.003884950181458, 10.39242884668904 ], [ 124.003610923425413, 10.392429704101314 ], [ 124.003611789384806, 10.392700992940441 ], [ 124.003337762368616, 10.392701850141595 ], [ 124.003338628115387, 10.392973138998929 ], [ 124.003064600839053, 10.392973995988964 ], [ 124.003066331931478, 10.39351657373534 ], [ 124.002792304158461, 10.393517430537081 ], [ 124.002793169504045, 10.393788719426123 ], [ 124.002519141470884, 10.393789576016655 ], [ 124.002520006603916, 10.394060864923905 ], [ 124.002245978310611, 10.394061721303228 ], [ 124.002246843231106, 10.394333010228685 ], [ 124.001972814677572, 10.394333866396888 ], [ 124.001973679385429, 10.394605155340464 ], [ 124.001699650571652, 10.394606011297459 ], [ 124.001700515066972, 10.394877300259243 ], [ 124.002248573143504, 10.394875588065656 ], [ 124.002247708175403, 10.394604299149524 ], [ 124.002521736941475, 10.39460344272446 ], [ 124.002520871760836, 10.394332153826536 ], [ 124.003068928748817, 10.394330440320044 ], [ 124.003068063119201, 10.394059151463154 ], [ 124.003342091340997, 10.394058294381725 ], [ 124.003341225498843, 10.393787005542954 ], [ 124.003615253460509, 10.393786148250406 ], [ 124.003613521374916, 10.39324357060466 ], [ 124.003887548839998, 10.393242713123819 ], [ 124.003886682596644, 10.392971424316844 ], [ 124.004160709801482, 10.392970566624793 ], [ 124.004159843345604, 10.392699277836115 ], [ 124.0044338702902, 10.392698419932945 ], [ 124.00443300362187, 10.392427131162474 ], [ 124.004981056966798, 10.392425414699947 ], [ 124.004980189849661, 10.392154125970599 ], [ 124.005254216249995, 10.392153267411242 ], [ 124.005253348920405, 10.391881978700102 ], [ 124.005527375060495, 10.391881119929714 ], [ 124.005526507518454, 10.391609831236782 ], [ 124.006074559254273, 10.391608113039908 ], [ 124.006073691263524, 10.391336824388187 ], [ 124.006621742431079, 10.39133510530127 ], [ 124.006620873991537, 10.39106381669076 ], [ 124.006894899303134, 10.391062956819297 ], [ 124.006894030651239, 10.390791668226996 ], [ 124.007168055702593, 10.39079080814459 ], [ 124.007167186838416, 10.390519519570585 ], [ 124.007715236396677, 10.390517798749677 ], [ 124.007714367083793, 10.390246510216972 ], [ 124.007166317998042, 10.390248230991961 ] ] ], [ [ [ 123.995396981297702, 10.394625633713861 ], [ 123.99512295191434, 10.394626484054015 ], [ 123.99512381073616, 10.394897773561585 ], [ 123.995397840355864, 10.394896923198782 ], [ 123.995396981297702, 10.394625633713861 ] ] ], [ [ [ 123.989917243475446, 10.394913885986313 ], [ 123.990191273543417, 10.394913040070353 ], [ 123.990190418976866, 10.394641750155909 ], [ 123.989916389145336, 10.394642596049309 ], [ 123.989917243475446, 10.394913885986313 ] ] ], [ [ [ 124.000878427773713, 10.394879866794316 ], [ 124.00087929158363, 10.395151155819782 ], [ 124.001701379586095, 10.395148589216319 ], [ 124.001700515066972, 10.394877300259243 ], [ 124.000878427773713, 10.394879866794316 ] ] ], [ [ [ 124.000605262201859, 10.3951520108862 ], [ 124.000331232796299, 10.395152865718583 ], [ 124.000332096157237, 10.395424154785083 ], [ 124.000606125799152, 10.395423299929874 ], [ 124.000605262201859, 10.3951520108862 ] ] ], [ [ [ 123.995402136001388, 10.396253370553399 ], [ 123.995128105199612, 10.396254221029533 ], [ 123.995128964163271, 10.396525510509125 ], [ 123.995402995201488, 10.396524660010343 ], [ 123.995402136001388, 10.396253370553399 ] ] ], [ [ [ 123.995677026216072, 10.396523809277436 ], [ 123.995402995201488, 10.396524660010343 ], [ 123.995403854425291, 10.396795949462668 ], [ 123.995677885676315, 10.396795098707113 ], [ 123.995677026216072, 10.396523809277436 ] ] ], [ [ [ 123.99841905873258, 10.397057867474746 ], [ 123.998418196884217, 10.396786578276885 ], [ 123.997596103770718, 10.396789136863827 ], [ 123.997596964909704, 10.397060426129901 ], [ 123.99841905873258, 10.397057867474746 ] ] ], [ [ [ 123.995678745160177, 10.397066388132082 ], [ 123.99677487087348, 10.397062982678296 ], [ 123.996774010443801, 10.39679169334401 ], [ 123.99704804157642, 10.396790841418103 ], [ 123.997045459720269, 10.395976973455568 ], [ 123.996771429296942, 10.395977825313441 ], [ 123.996773150037825, 10.396520404005194 ], [ 123.996499119117914, 10.39652125567433 ], [ 123.996499979287449, 10.396792545035972 ], [ 123.995677885676315, 10.396795098707113 ], [ 123.995678745160177, 10.397066388132082 ] ] ], [ [ [ 123.997322933587981, 10.397061278546794 ], [ 123.997323794514244, 10.397332567830986 ], [ 123.997597826072393, 10.397331715391356 ], [ 123.997596964909704, 10.397060426129901 ], [ 123.997322933587981, 10.397061278546794 ] ] ], [ [ [ 123.997050623645833, 10.397604709338715 ], [ 123.996776591803808, 10.397605561332835 ], [ 123.996777452304542, 10.397876850653088 ], [ 123.997051484383093, 10.397875998636319 ], [ 123.997050623645833, 10.397604709338715 ] ] ], [ [ [ 123.990473852911677, 10.397625092584118 ], [ 123.989925788070522, 10.397626785101178 ], [ 123.989924933505137, 10.397355495210626 ], [ 123.990198965700998, 10.397354649091717 ], [ 123.990198110922705, 10.397083359219017 ], [ 123.989650046980387, 10.39708505117768 ], [ 123.989652609967095, 10.397898920917015 ], [ 123.990474707973476, 10.397896382424932 ], [ 123.990473852911677, 10.397625092584118 ] ] ], [ [ [ 123.996504280490313, 10.398148991774104 ], [ 123.996503420202387, 10.397877702435821 ], [ 123.9962293880765, 10.397878553984341 ], [ 123.996230248127915, 10.398149843345362 ], [ 123.996504280490313, 10.398148991774104 ] ] ], [ [ [ 123.992666968287736, 10.397889602811883 ], [ 123.992392935830921, 10.397890451082937 ], [ 123.992393792571733, 10.398161740760948 ], [ 123.992667825264988, 10.398160892467335 ], [ 123.992666968287736, 10.397889602811883 ] ] ], [ [ [ 123.991845727114452, 10.398163436645891 ], [ 123.991844870846691, 10.397892146922583 ], [ 123.991570838319177, 10.397892994491354 ], [ 123.991571694350512, 10.398164284237133 ], [ 123.991845727114452, 10.398163436645891 ] ] ], [ [ [ 123.991296805768116, 10.397893841825912 ], [ 123.99102277319345, 10.397894688926346 ], [ 123.991023628751819, 10.398165978717334 ], [ 123.991297661562939, 10.39816513159434 ], [ 123.991296805768116, 10.397893841825912 ] ] ], [ [ [ 123.998697400739545, 10.398413459927614 ], [ 123.99869653853608, 10.398142170775671 ], [ 123.998422506363383, 10.39814302421992 ], [ 123.998423368330336, 10.398414313394511 ], [ 123.998697400739545, 10.398413459927614 ] ] ], [ [ [ 123.995956215741884, 10.398150694682585 ], [ 123.995957075580577, 10.398421984061635 ], [ 123.996231108203119, 10.398421132701763 ], [ 123.996230248127915, 10.398149843345362 ], [ 123.995956215741884, 10.398150694682585 ] ] ], [ [ [ 123.991297661562939, 10.39816513159434 ], [ 123.991298517381281, 10.398436421358149 ], [ 123.99157255040538, 10.398435573978382 ], [ 123.991571694350512, 10.398164284237133 ], [ 123.991297661562939, 10.39816513159434 ] ] ], [ [ [ 123.998423368330336, 10.398414313394511 ], [ 123.998149335897409, 10.398415166627373 ], [ 123.998150197651626, 10.398686455820084 ], [ 123.998424230321078, 10.398685602564573 ], [ 123.998423368330336, 10.398414313394511 ] ] ], [ [ [ 123.998425092335538, 10.398956891729839 ], [ 123.998699125217783, 10.398956038217467 ], [ 123.998698262966812, 10.39868474907485 ], [ 123.998424230321078, 10.398685602564573 ], [ 123.998425092335538, 10.398956891729839 ] ] ], [ [ [ 123.995409869653869, 10.398694975498735 ], [ 123.995135836723833, 10.398695826178884 ], [ 123.9951366959003, 10.398967115616642 ], [ 123.995410729066847, 10.398966264913845 ], [ 123.995409869653869, 10.398694975498735 ] ] ], [ [ [ 123.994039704767346, 10.398699226558151 ], [ 123.993765671719174, 10.39870007606768 ], [ 123.993766529713113, 10.398971365618682 ], [ 123.994040562997895, 10.398970516086504 ], [ 123.994039704767346, 10.398699226558151 ] ] ], [ [ [ 123.993491638647299, 10.398700925342997 ], [ 123.993217605551877, 10.398701774384278 ], [ 123.993218463072864, 10.398973063980577 ], [ 123.993492496404812, 10.398972214916647 ], [ 123.993491638647299, 10.398700925342997 ] ] ], [ [ [ 123.998151059429659, 10.398957745008175 ], [ 123.997877026500063, 10.398958598052388 ], [ 123.99787788806519, 10.39922988725851 ], [ 123.998151921231397, 10.399229034191649 ], [ 123.998151059429659, 10.398957745008175 ] ] ], [ [ [ 124.000077924914336, 10.401664657175214 ], [ 124.000076197595874, 10.401122079205994 ], [ 124.000350232227746, 10.401121224106536 ], [ 124.000348504531189, 10.400578646164316 ], [ 124.000622538666207, 10.400577790876209 ], [ 124.000620810591727, 10.400035212960901 ], [ 124.000894844229819, 10.400034357484234 ], [ 124.000887930991126, 10.39786404581945 ], [ 124.000613899244939, 10.397864901113774 ], [ 124.000612171646083, 10.397322323105474 ], [ 124.000338140349044, 10.397323178120111 ], [ 124.000337276821753, 10.397051889086207 ], [ 124.000063245737437, 10.397052743843982 ], [ 124.000062382470389, 10.396781454782634 ], [ 123.999514320703298, 10.396783163550428 ], [ 123.999513457932821, 10.396511874438897 ], [ 123.999239427250146, 10.396512728448826 ], [ 123.999240289784098, 10.396784017583183 ], [ 123.998692227874557, 10.396785724946412 ], [ 123.998693952067967, 10.397328303292042 ], [ 123.999516046315406, 10.397325741759545 ], [ 123.999516909157109, 10.397597030857131 ], [ 123.999790940761898, 10.397596176521951 ], [ 123.999792666989507, 10.398138754657705 ], [ 123.999518634911766, 10.39813960903836 ], [ 123.999519497824707, 10.398410898122002 ], [ 124.000341594695996, 10.398408334209275 ], [ 124.000346776929746, 10.400036068203445 ], [ 124.000072743244047, 10.400036923211864 ], [ 124.000073606796292, 10.400308212217347 ], [ 123.999525538880533, 10.4003099215772 ], [ 123.999528128260806, 10.401123788702449 ], [ 123.999802162940199, 10.401122934071328 ], [ 123.999803889785611, 10.401665512086112 ], [ 124.000077924914336, 10.401664657175214 ] ] ], [ [ [ 123.999529854633096, 10.401666366762797 ], [ 123.999530717854853, 10.401937655785954 ], [ 123.999804753243993, 10.401936801086443 ], [ 123.999803889785611, 10.401665512086112 ], [ 123.999529854633096, 10.401666366762797 ] ] ], [ [ [ 123.999533307662773, 10.402751522827447 ], [ 123.999531581100413, 10.402208944804404 ], [ 123.999257545450959, 10.402209799292439 ], [ 123.999259271540097, 10.402752377360958 ], [ 123.999533307662773, 10.402751522827447 ] ] ], [ [ [ 123.998985235393789, 10.402753231660256 ], [ 123.998986098237452, 10.403024520710325 ], [ 123.999260134620371, 10.40302366638829 ], [ 123.999259271540097, 10.402752377360958 ], [ 123.998985235393789, 10.402753231660256 ] ] ], [ [ [ 123.998986961104734, 10.403295809755775 ], [ 123.998712924461486, 10.403296663866335 ], [ 123.998713787115975, 10.403567952929816 ], [ 123.998439750212313, 10.403568806828989 ], [ 123.998440612653994, 10.403840095910589 ], [ 123.998988686910721, 10.403838387832643 ], [ 123.998986961104734, 10.403295809755775 ] ] ], [ [ [ 123.994877268308002, 10.403579886201253 ], [ 123.995151305519585, 10.403579035347288 ], [ 123.995147867347171, 10.402493877884556 ], [ 123.994873831081932, 10.402494728647838 ], [ 123.994874690352987, 10.402766018043142 ], [ 123.994600653827518, 10.402766868594949 ], [ 123.994601512885595, 10.403038158008194 ], [ 123.994327476099883, 10.403039008348436 ], [ 123.994328334945052, 10.403310297779711 ], [ 123.994054297899112, 10.403311147908301 ], [ 123.994055156531203, 10.403582437357606 ], [ 123.994329193813769, 10.403581587206368 ], [ 123.994330052706189, 10.403852876628406 ], [ 123.994878127673644, 10.403851175577906 ], [ 123.994877268308002, 10.403579886201253 ] ], [ [ 123.994603231072688, 10.403580736820917 ], [ 123.994602371967375, 10.403309447416909 ], [ 123.994876408966064, 10.403308596819894 ], [ 123.994877268308002, 10.403579886201253 ], [ 123.994603231072688, 10.403580736820917 ] ] ], [ [ [ 123.997345325374624, 10.404114798423326 ], [ 123.997344463855768, 10.403843509255395 ], [ 123.997070426596935, 10.403844362006065 ], [ 123.99707128787918, 10.404115651196555 ], [ 123.997345325374624, 10.404114798423326 ] ] ], [ [ [ 123.994878987062918, 10.404122464949939 ], [ 123.995153024747722, 10.404121614050677 ], [ 123.995152165121837, 10.403850324701292 ], [ 123.994878127673644, 10.403851175577906 ], [ 123.994878987062918, 10.404122464949939 ] ] ], [ [ [ 123.996797250360004, 10.404116503735661 ], [ 123.996798111429356, 10.40438779294427 ], [ 123.997072149185129, 10.404386940382516 ], [ 123.99707128787918, 10.404115651196555 ], [ 123.996797250360004, 10.404116503735661 ] ] ], [ [ [ 123.996524073649866, 10.404388645271812 ], [ 123.996526656290015, 10.405202512937873 ], [ 123.995704540679753, 10.405205068719059 ], [ 123.995703680485974, 10.404933779433623 ], [ 123.995155603767387, 10.404935482070943 ], [ 123.995156463487859, 10.405206771401765 ], [ 123.994882424856428, 10.40520762239171 ], [ 123.994883284364008, 10.405478911740474 ], [ 123.994335206556869, 10.405480613062846 ], [ 123.99433606561476, 10.405751902452288 ], [ 123.995158182999859, 10.405749350049376 ], [ 123.99515732323205, 10.40547806072788 ], [ 123.996801555943549, 10.405472949732253 ], [ 123.996798111429356, 10.40438779294427 ], [ 123.996524073649866, 10.404388645271812 ] ] ], [ [ [ 123.993531978776844, 10.411451530275862 ], [ 123.99353283764431, 10.411722819630842 ], [ 123.993806882075376, 10.411721969269106 ], [ 123.993806022971199, 10.411450679936774 ], [ 123.993531978776844, 10.411451530275862 ] ] ], [ [ [ 123.993787987239813, 10.405753602882751 ], [ 123.993788845847931, 10.406024892312782 ], [ 123.993514806388362, 10.406025742199255 ], [ 123.993515664783402, 10.406297031647316 ], [ 123.993789704479667, 10.406296181738195 ], [ 123.993790563135036, 10.40656747115899 ], [ 123.994064603044379, 10.406566620993008 ], [ 123.994066320899307, 10.407109199775267 ], [ 123.994340361258423, 10.407108349329686 ], [ 123.994341220458068, 10.40737963869115 ], [ 123.994067179862256, 10.407380489159468 ], [ 123.994069756892841, 10.408194357284007 ], [ 123.992699550009064, 10.408198606449737 ], [ 123.992700407882921, 10.408469895928441 ], [ 123.992974449543581, 10.408469046541303 ], [ 123.992976165835486, 10.409011625439557 ], [ 123.99325020794609, 10.409010775772821 ], [ 123.993252783271203, 10.409824644017352 ], [ 123.993526826068447, 10.409823794048368 ], [ 123.99352854354342, 10.410366372809488 ], [ 123.993802586790622, 10.410365522560994 ], [ 123.993806022971199, 10.411450679936774 ], [ 123.994354111288871, 10.411448978555338 ], [ 123.994353251734751, 10.411177689263596 ], [ 123.994627295621356, 10.411176838243897 ], [ 123.994626435854073, 10.410905548970273 ], [ 123.994352392204178, 10.410906399967324 ], [ 123.994350673214072, 10.410363821360658 ], [ 123.99489875954292, 10.410362119222761 ], [ 123.994899619499733, 10.410633408483061 ], [ 123.995173662865511, 10.410632557039879 ], [ 123.995174523082753, 10.410903846272912 ], [ 123.994900479480265, 10.410904697738744 ], [ 123.994901339484343, 10.411175986989807 ], [ 123.995997514699653, 10.411172579629103 ], [ 123.995998375674674, 10.411443868784776 ], [ 123.996272419656137, 10.411443016335909 ], [ 123.996279310202752, 10.413613329232152 ], [ 123.996553356055173, 10.413612476367263 ], [ 123.996554217716849, 10.413883765435628 ], [ 123.996280171627646, 10.413884618323255 ], [ 123.996283617564075, 10.414969774640948 ], [ 123.995461476311831, 10.414972332169093 ], [ 123.995462337144488, 10.415243621304871 ], [ 123.995188289776138, 10.415244473367913 ], [ 123.995190871705375, 10.416058340815482 ], [ 123.995464919784368, 10.416057488684494 ], [ 123.995465780711697, 10.41632877780162 ], [ 123.996013877272631, 10.416327072790644 ], [ 123.996014738697426, 10.416598361857766 ], [ 123.996288787179211, 10.416597508977777 ], [ 123.996294819474485, 10.418496532158795 ], [ 123.996568869591314, 10.418495678885343 ], [ 123.996573180269166, 10.419852123761409 ], [ 123.996299128967436, 10.419852977148281 ], [ 123.996299990937132, 10.420124266132181 ], [ 123.997122145482194, 10.420121705199559 ], [ 123.997121282801515, 10.419850416283694 ], [ 123.997395334032191, 10.41984956219294 ], [ 123.997391882598663, 10.418764406573978 ], [ 123.997117832316007, 10.418765260573871 ], [ 123.997116969753819, 10.418493971634735 ], [ 123.996842919684426, 10.418494825377323 ], [ 123.996842057382992, 10.418223536410832 ], [ 123.997116107215419, 10.418222682690981 ], [ 123.997109207761341, 10.416052370973084 ], [ 123.996835159824471, 10.416053224511302 ], [ 123.996829125704778, 10.41415420135462 ], [ 123.997103171983426, 10.414153347975297 ], [ 123.997097137367064, 10.412254324749338 ], [ 123.996823092746197, 10.412255177969676 ], [ 123.99681533779129, 10.409813576139449 ], [ 123.997089380280968, 10.40981272312348 ], [ 123.997088518500988, 10.40954143403069 ], [ 123.996814476248105, 10.409542287023832 ], [ 123.996811891760728, 10.408728419649361 ], [ 123.995167642007033, 10.408733532278347 ], [ 123.995168502058718, 10.409004821543977 ], [ 123.994894460113571, 10.40900567285118 ], [ 123.994892740507339, 10.408463094269916 ], [ 123.99461869901198, 10.40846394529752 ], [ 123.994616979973728, 10.407921366652396 ], [ 123.994891020995695, 10.407920515670089 ], [ 123.994888441905601, 10.407106647735443 ], [ 123.994614401593822, 10.407107498649715 ], [ 123.994613542181099, 10.406836209306192 ], [ 123.994339502082397, 10.406837059963514 ], [ 123.994337783801242, 10.406294481217138 ], [ 123.994063744152314, 10.406295331594862 ], [ 123.994062885283867, 10.406024042192097 ], [ 123.994336924696185, 10.406023191837022 ], [ 123.99433606561476, 10.405751902452288 ], [ 123.993787987239813, 10.405753602882751 ] ], [ [ 123.993524250033062, 10.409009925871871 ], [ 123.993798292096415, 10.409009075736442 ], [ 123.993799150988039, 10.409280365110607 ], [ 123.99407319326447, 10.409279514718229 ], [ 123.994075770791284, 10.410093382745067 ], [ 123.993801727804495, 10.410094233205392 ], [ 123.993800868842087, 10.409822943845082 ], [ 123.993526826068447, 10.409823794048368 ], [ 123.993524250033062, 10.409009925871871 ] ], [ [ 123.995171082355668, 10.409818689312889 ], [ 123.995445124987455, 10.409817837703262 ], [ 123.99544426462802, 10.409546548474225 ], [ 123.995718306999393, 10.409545696652945 ], [ 123.995717446426895, 10.409274407441938 ], [ 123.996539572688718, 10.40927185063979 ], [ 123.996541295277808, 10.409814428920939 ], [ 123.996267252740793, 10.409815281468127 ], [ 123.996269836091841, 10.410629148922979 ], [ 123.995995792820736, 10.410630001303812 ], [ 123.995996653748421, 10.410901290468811 ], [ 123.995722610216831, 10.410902142637902 ], [ 123.995448566661594, 10.410902994572602 ], [ 123.995447706207585, 10.410631705362217 ], [ 123.995173662865511, 10.410632557039879 ], [ 123.995171082355668, 10.409818689312889 ] ], [ [ 123.994348954318369, 10.40982124273534 ], [ 123.994347235517367, 10.40927866409146 ], [ 123.994621277746532, 10.4092778132303 ], [ 123.994622997021125, 10.409820391828884 ], [ 123.994348954318369, 10.40982124273534 ] ] ], [ [ [ 123.996299990937132, 10.420124266132181 ], [ 123.996025939374704, 10.420125119307222 ], [ 123.996026801130967, 10.420396408309152 ], [ 123.995752749307869, 10.420397261272186 ], [ 123.995755334007796, 10.42121112831812 ], [ 123.996303439052426, 10.421209422021239 ], [ 123.996299990937132, 10.420124266132181 ] ] ], [ [ [ 123.99657749153927, 10.421208568520857 ], [ 123.996303439052426, 10.421209422021239 ], [ 123.996304301140526, 10.421480710981868 ], [ 123.996578353864408, 10.421479857458838 ], [ 123.99657749153927, 10.421208568520857 ] ] ], [ [ [ 123.996579216213178, 10.421751146392022 ], [ 123.996853269150421, 10.421750292611598 ], [ 123.996852406564585, 10.421479003701062 ], [ 123.996578353864408, 10.421479857458838 ], [ 123.996579216213178, 10.421751146392022 ] ] ], [ [ [ 123.99685413175996, 10.422021581517516 ], [ 123.996580078585666, 10.422022435320677 ], [ 123.996580940981872, 10.422293724244625 ], [ 123.996854994393203, 10.422292870418726 ], [ 123.99685413175996, 10.422021581517516 ] ] ], [ [ [ 123.993566351895069, 10.422303100840658 ], [ 123.993567211707202, 10.42257439000921 ], [ 123.993841265615828, 10.422573538742153 ], [ 123.993840405566644, 10.422302249596161 ], [ 123.993566351895069, 10.422303100840658 ] ] ], [ [ [ 123.994388512838924, 10.422300546403196 ], [ 123.994390233909229, 10.422843124599968 ], [ 123.994938342035226, 10.422841420377694 ], [ 123.994937481014105, 10.422570131327003 ], [ 123.996307749729667, 10.422565866777756 ], [ 123.996306887546808, 10.422294577835778 ], [ 123.994936620016617, 10.422298842271605 ], [ 123.994935759042832, 10.422027553211588 ], [ 123.993839545541078, 10.42203096044555 ], [ 123.993840405566644, 10.422302249596161 ], [ 123.994388512838924, 10.422300546403196 ] ] ], [ [ [ 123.992470995836499, 10.422577792730781 ], [ 123.992471854723945, 10.42284908198522 ], [ 123.993568071542953, 10.422845679173143 ], [ 123.993567211707202, 10.42257439000921 ], [ 123.992470995836499, 10.422577792730781 ] ] ], [ [ [ 124.000419418082657, 10.422824326524516 ], [ 124.000693471635671, 10.422823469367682 ], [ 124.000692605636132, 10.422552180794298 ], [ 124.000418552320085, 10.422553037928306 ], [ 124.000417686581315, 10.422281749327478 ], [ 123.999595527201805, 10.422284319253173 ], [ 123.999596392229407, 10.422555607922391 ], [ 123.999048285383452, 10.422557320078408 ], [ 123.999049149960669, 10.422828608788482 ], [ 123.999323203632599, 10.42282775280502 ], [ 123.999324068470585, 10.423099041487649 ], [ 123.999598122355849, 10.423098185246793 ], [ 123.999602448087799, 10.424454628476177 ], [ 124.000424613157335, 10.424452058003808 ], [ 124.000419418082657, 10.422824326524516 ] ], [ [ 123.999870445616779, 10.422554751492441 ], [ 124.000144498980333, 10.422553894827747 ], [ 124.00014623005508, 10.423096472061022 ], [ 123.999872176217323, 10.423097328771281 ], [ 123.999870445616779, 10.422554751492441 ] ] ], [ [ [ 123.992197800460218, 10.422849932101553 ], [ 123.992203811673619, 10.424748956910157 ], [ 123.992477867597074, 10.42474810663564 ], [ 123.992471854723945, 10.42284908198522 ], [ 123.992197800460218, 10.422849932101553 ] ] ], [ [ [ 123.992480444896614, 10.425561974273013 ], [ 123.992479585773168, 10.425290685065203 ], [ 123.992205529375411, 10.425291535384929 ], [ 123.992206388261707, 10.425562824615387 ], [ 123.992480444896614, 10.425561974273013 ] ] ], [ [ [ 123.991932331603365, 10.425563674722927 ], [ 123.991933190276058, 10.425834963971326 ], [ 123.992207247171635, 10.425834113841137 ], [ 123.992206388261707, 10.425562824615387 ], [ 123.991932331603365, 10.425563674722927 ] ] ], [ [ [ 123.991659133356947, 10.425835813866769 ], [ 123.991659991816107, 10.42610710313302 ], [ 123.991934048972453, 10.426106253215018 ], [ 123.991933190276058, 10.425834963971326 ], [ 123.991659133356947, 10.425835813866769 ] ] ], [ [ [ 123.996318097770853, 10.425821333717778 ], [ 123.995769984665102, 10.425823040786042 ], [ 123.995771708721648, 10.426365618634826 ], [ 123.996319822775959, 10.426363911475878 ], [ 123.996318097770853, 10.425821333717778 ] ] ], [ [ [ 123.994401423171453, 10.426369882423881 ], [ 123.9944022840494, 10.426641171454676 ], [ 123.994950398814808, 10.426639466598065 ], [ 123.99494781482889, 10.425825599627714 ], [ 123.994673758169483, 10.425826452105447 ], [ 123.99467289712527, 10.425555163083356 ], [ 123.993850727716705, 10.425557719040135 ], [ 123.993851588049495, 10.425829008130172 ], [ 123.993029417716784, 10.42583156204201 ], [ 123.993030277361768, 10.426102851195285 ], [ 123.992756220299839, 10.426103702052359 ], [ 123.992757939186205, 10.426646280390084 ], [ 123.993306054235106, 10.426644578350686 ], [ 123.993305194305734, 10.426373289229385 ], [ 123.994401423171453, 10.426369882423881 ] ] ], [ [ [ 124.007564863630265, 10.429041586924626 ], [ 124.007016746784927, 10.429043313793141 ], [ 124.007018490862436, 10.429585889659599 ], [ 124.007566608656617, 10.429584162699246 ], [ 124.007564863630265, 10.429041586924626 ] ] ], [ [ [ 124.009845356787423, 10.442164845219438 ], [ 124.009571287083517, 10.442165711801977 ], [ 124.009572162446673, 10.44243699930102 ], [ 124.009846232388085, 10.442436132695477 ], [ 124.009845356787423, 10.442164845219438 ] ] ], [ [ [ 124.006557391507826, 10.442446516443827 ], [ 124.006831461712935, 10.442445652424659 ], [ 124.006830588725208, 10.442174364695934 ], [ 124.007104658668837, 10.44217350046458 ], [ 124.007103785467507, 10.44190221275424 ], [ 124.007651924808002, 10.441900483632061 ], [ 124.007651051155563, 10.441629195962843 ], [ 124.009021397899545, 10.441624869157707 ], [ 124.009022272739657, 10.441896156712083 ], [ 124.009570411744335, 10.441894424298315 ], [ 124.009569536429225, 10.441623136789946 ], [ 124.009295467176329, 10.441624003091377 ], [ 124.009294592122799, 10.441352715555297 ], [ 124.009020523083507, 10.441353581598712 ], [ 124.009019648291357, 10.441082294035009 ], [ 124.008471510615749, 10.44108402537044 ], [ 124.00847063632267, 10.440812737756112 ], [ 124.008196567686355, 10.440813603048216 ], [ 124.008195693654756, 10.440542315406265 ], [ 124.008469762053565, 10.440541450137076 ], [ 124.008468013587304, 10.43999887488506 ], [ 124.008742081487057, 10.439998009426777 ], [ 124.008741207052495, 10.4397267218168 ], [ 124.008467139390149, 10.439727587252079 ], [ 124.008463642841235, 10.438642436673263 ], [ 124.008189576104812, 10.438643301781603 ], [ 124.00818782844911, 10.438100726418298 ], [ 124.007913762163525, 10.438101591245708 ], [ 124.007912888609141, 10.437830303534035 ], [ 124.005446293098373, 10.437838076197703 ], [ 124.005445421704749, 10.437566788274999 ], [ 124.005171355654625, 10.437567650706281 ], [ 124.005169613413969, 10.437025074801099 ], [ 124.004895547814854, 10.437025936951539 ], [ 124.004892935345325, 10.43621207299007 ], [ 124.00484725786184, 10.436212216647512 ], [ 124.004846909564634, 10.43610370144793 ], [ 124.004618522216404, 10.436104419629622 ], [ 124.004617129382368, 10.43567035879337 ], [ 124.00457145197403, 10.435670502404005 ], [ 124.00457023334971, 10.435290699157196 ], [ 124.004341846575073, 10.435291417085846 ], [ 124.004340454235489, 10.434857356190619 ], [ 124.004294776941904, 10.434857499750628 ], [ 124.004292688642053, 10.434206408376212 ], [ 124.004018625435975, 10.434207269544594 ], [ 124.004017755589018, 10.433935981441056 ], [ 124.003743692596458, 10.433936842351599 ], [ 124.003747171178233, 10.435021994829075 ], [ 124.0034731072124, 10.435022855596177 ], [ 124.003473976680183, 10.435294143726715 ], [ 124.002925848202196, 10.435295864601624 ], [ 124.00292497920924, 10.435024576425345 ], [ 124.003199043222764, 10.435023716128267 ], [ 124.003193828341352, 10.433395987109762 ], [ 124.002919765751841, 10.433396847269794 ], [ 124.00291629059052, 10.432311694406049 ], [ 124.00264222892649, 10.432312554239854 ], [ 124.002641360433032, 10.432041265989412 ], [ 124.002367298982435, 10.432042125565378 ], [ 124.002363826196287, 10.430956972425676 ], [ 124.0018157051218, 10.430958690690407 ], [ 124.00181483745942, 10.430687402348127 ], [ 124.001266716764192, 10.430689119627779 ], [ 124.001264115343332, 10.429875254436094 ], [ 124.00099005567175, 10.42987611265519 ], [ 124.000989188816277, 10.429604824225869 ], [ 124.000715129358127, 10.429605682187304 ], [ 124.000713396193134, 10.429063105268977 ], [ 123.999617160020634, 10.429066534584209 ], [ 123.999618025642334, 10.429337823136809 ], [ 123.99934396630249, 10.429338679901335 ], [ 123.999343100918026, 10.429067391325908 ], [ 123.997972805048889, 10.429071671512158 ], [ 123.997971076723402, 10.428529094119988 ], [ 123.998245135470214, 10.428528238597846 ], [ 123.998244271105904, 10.428256949917436 ], [ 123.997970212596243, 10.428257805416841 ], [ 123.997969348492788, 10.427986516709076 ], [ 123.997421231876686, 10.427988226957996 ], [ 123.99742295915847, 10.428530804459768 ], [ 123.997697017952802, 10.428529949407295 ], [ 123.997698745803902, 10.429072526844941 ], [ 123.997150627242604, 10.429074236806002 ], [ 123.997151490729308, 10.429345525563239 ], [ 123.996877431175861, 10.429346380214255 ], [ 123.996874841498681, 10.428532513860301 ], [ 123.996600782633209, 10.42853336820836 ], [ 123.996604234634745, 10.429618523428442 ], [ 123.996056114934973, 10.429620231601689 ], [ 123.996055252373495, 10.42934894275821 ], [ 123.99578119272536, 10.429349796469889 ], [ 123.9957777436653, 10.42826464095884 ], [ 123.995503684942292, 10.428265494344913 ], [ 123.995502822973663, 10.427994205432778 ], [ 123.994406588793879, 10.427997616538487 ], [ 123.994405727797712, 10.427726327531051 ], [ 123.993857611040397, 10.42772803162978 ], [ 123.993858471562191, 10.427999320682513 ], [ 123.993310354235902, 10.42800102388729 ], [ 123.993311214306942, 10.428272312980614 ], [ 123.993037155371212, 10.428273164253444 ], [ 123.993035435727151, 10.427730586016882 ], [ 123.992761377242175, 10.42773143700958 ], [ 123.992759658166975, 10.427188858709158 ], [ 123.992485600132753, 10.427189709421903 ], [ 123.992483022408507, 10.426375841868463 ], [ 123.992208965062176, 10.426376692278605 ], [ 123.992209824042888, 10.426647981490323 ], [ 123.991935766435873, 10.426648831688368 ], [ 123.991661708805239, 10.426649681651579 ], [ 123.991660850298814, 10.426378392394565 ], [ 123.991386792881798, 10.42637924210047 ], [ 123.991388509443709, 10.426921820654822 ], [ 123.991662567335112, 10.426920970903886 ], [ 123.991663425888603, 10.427192260151486 ], [ 123.992211542074998, 10.427190559899902 ], [ 123.992214119300016, 10.428004427479188 ], [ 123.99276223681521, 10.428002726152819 ], [ 123.99276567534325, 10.429087882679145 ], [ 123.993039735014293, 10.429087031573292 ], [ 123.993040594942514, 10.429358320670524 ], [ 123.993588714688187, 10.429356617709107 ], [ 123.993586133550934, 10.428542750539005 ], [ 123.994134251778718, 10.428541046774054 ], [ 123.994133390972451, 10.428269757753295 ], [ 123.99440744981375, 10.428268905541216 ], [ 123.994408310857168, 10.428540194539327 ], [ 123.994682369911999, 10.428539342069854 ], [ 123.994683231216356, 10.428810631040609 ], [ 123.994409171924303, 10.428811483532819 ], [ 123.994411755267521, 10.429625350485139 ], [ 123.994685815271197, 10.429624497924983 ], [ 123.994686676670142, 10.429895786877086 ], [ 123.995508857251096, 10.429893227719667 ], [ 123.995509719385367, 10.430164516599117 ], [ 123.995783779768999, 10.430163663054238 ], [ 123.995785504583168, 10.430706240753807 ], [ 123.996881747778673, 10.430702824044314 ], [ 123.996880884410714, 10.43043153528761 ], [ 123.997154944913092, 10.430430680545822 ], [ 123.997153217773771, 10.429888103063856 ], [ 123.997701337758372, 10.429886392966459 ], [ 123.997702201790688, 10.430157681664365 ], [ 123.998524382301468, 10.430155114688755 ], [ 123.998525247069196, 10.430426403313742 ], [ 123.999347428078067, 10.430423834156144 ], [ 123.999346562598561, 10.430152545599459 ], [ 124.00016874268178, 10.430149974396475 ], [ 124.000170475088083, 10.430692551368626 ], [ 124.000444535542769, 10.430691693785732 ], [ 124.000446268518758, 10.431234270693579 ], [ 124.000720329424198, 10.431233412830199 ], [ 124.000722062969942, 10.43177598967392 ], [ 124.000996124326136, 10.431775131530053 ], [ 124.000996991372034, 10.43204641992207 ], [ 124.001271052941732, 10.432045561520543 ], [ 124.001273654933954, 10.432859426600228 ], [ 124.000999592652292, 10.432860285070145 ], [ 124.001000459793318, 10.433131573443511 ], [ 124.001822647278701, 10.433128997260511 ], [ 124.001823515155493, 10.43340028556069 ], [ 124.002097577840388, 10.433399426340351 ], [ 124.002099314140125, 10.433942002881292 ], [ 124.002373377275774, 10.433941143380377 ], [ 124.002376851110498, 10.435026296314732 ], [ 124.001280594627318, 10.435029733273982 ], [ 124.001281462196175, 10.435301021587218 ], [ 124.001829590960156, 10.43529930353192 ], [ 124.001830459027545, 10.435570591794797 ], [ 124.002652652706914, 10.435568012881092 ], [ 124.002654390337483, 10.436110589255943 ], [ 124.002700067836955, 10.436110445913361 ], [ 124.002700415390322, 10.43621896118453 ], [ 124.002928802956859, 10.436218244366014 ], [ 124.002933670212528, 10.437737457977903 ], [ 124.002979347945413, 10.437737314573237 ], [ 124.002979695651007, 10.437845829824155 ], [ 124.003253762129589, 10.437844969250232 ], [ 124.003256370755267, 10.43865883353935 ], [ 124.003804505065375, 10.438657111549244 ], [ 124.003809725810555, 10.440284839727088 ], [ 124.004905999843615, 10.440281392377216 ], [ 124.004902515451732, 10.439196240643412 ], [ 124.005176582950284, 10.439195378309741 ], [ 124.005174840422839, 10.438652802460602 ], [ 124.006819242063017, 10.43864762379777 ], [ 124.006820114739526, 10.438918911587159 ], [ 124.007916382970748, 10.438915454352571 ], [ 124.007918130295252, 10.439458029733817 ], [ 124.008192197768054, 10.439457164791655 ], [ 124.00819481964713, 10.440271027759607 ], [ 124.00792075146191, 10.440271892770692 ], [ 124.007922499026137, 10.44081446810522 ], [ 124.007648430341945, 10.440815332927212 ], [ 124.007650177527012, 10.441357908288918 ], [ 124.007102039136697, 10.441359637319259 ], [ 124.007102912290151, 10.441630925039103 ], [ 124.006280703812408, 10.441633516890104 ], [ 124.00628157627726, 10.441904804673985 ], [ 124.005733436697398, 10.441906531444978 ], [ 124.005735180748701, 10.442449107090368 ], [ 124.005461110447854, 10.442449970168955 ], [ 124.005461982271797, 10.442721258007637 ], [ 124.006558264281949, 10.44271780419076 ], [ 124.006557391507826, 10.442446516443827 ] ], [ [ 124.006282448766015, 10.442176092453249 ], [ 124.006283321278644, 10.442447380227804 ], [ 124.006009251025674, 10.442448243776681 ], [ 124.006008378750522, 10.44217695597921 ], [ 124.006282448766015, 10.442176092453249 ] ] ], [ [ [ 124.009849735030969, 10.443521282552915 ], [ 124.009848859334213, 10.443249995095528 ], [ 124.009574788680126, 10.443250861770082 ], [ 124.009575664139305, 10.443522149250473 ], [ 124.009849735030969, 10.443521282552915 ] ] ], [ [ [ 124.005463725991547, 10.44326383367088 ], [ 124.005189654954123, 10.443264696583022 ], [ 124.005190526612253, 10.443535984430586 ], [ 124.004916455313349, 10.443536847130453 ], [ 124.004918198226179, 10.444079422857289 ], [ 124.005192270000165, 10.444078560111592 ], [ 124.005191398294258, 10.443807272273443 ], [ 124.005465469806865, 10.443806409315471 ], [ 124.005463725991547, 10.44326383367088 ] ] ], [ [ [ 124.009301593223654, 10.44352301571293 ], [ 124.009302468469215, 10.443794303211618 ], [ 124.009028397291999, 10.44379516946189 ], [ 124.009030147380074, 10.44433774449115 ], [ 124.009304219032458, 10.444336878194871 ], [ 124.00930334373885, 10.444065590705598 ], [ 124.009577415129669, 10.444064724197133 ], [ 124.009575664139305, 10.443522149250473 ], [ 124.009301593223654, 10.44352301571293 ] ] ], [ [ [ 124.008756075703687, 10.44433861055224 ], [ 124.008756950546115, 10.444609898082902 ], [ 124.009031022460078, 10.444609031998809 ], [ 124.009030147380074, 10.44433774449115 ], [ 124.008756075703687, 10.44433861055224 ] ] ], [ [ [ 124.008208806646238, 10.444611629545431 ], [ 124.008209681037386, 10.444882917117305 ], [ 124.008757825412516, 10.444881185608857 ], [ 124.008756950546115, 10.444609898082902 ], [ 124.008208806646238, 10.444611629545431 ] ] ], [ [ [ 124.007661536566417, 10.444884647685083 ], [ 124.007662410506441, 10.445155935298168 ], [ 124.008210555452592, 10.44515420468456 ], [ 124.008209681037386, 10.444882917117305 ], [ 124.007661536566417, 10.444884647685083 ] ] ], [ [ [ 124.007114265464281, 10.445157664971106 ], [ 124.00711513895304, 10.445428952625491 ], [ 124.007663284470368, 10.445427222906634 ], [ 124.007662410506441, 10.445155935298168 ], [ 124.007114265464281, 10.445157664971106 ] ] ], [ [ [ 124.006293793297374, 10.445702833158144 ], [ 124.006841939433585, 10.445701104804684 ], [ 124.006841066158529, 10.445429817132091 ], [ 124.006292920497586, 10.445431545439632 ], [ 124.006292047721601, 10.445160257716413 ], [ 124.005743902440159, 10.445161985037366 ], [ 124.005740413476644, 10.444076833914629 ], [ 124.005466341750349, 10.444077697130705 ], [ 124.005468085709111, 10.44462027274723 ], [ 124.005194013483845, 10.444621135773858 ], [ 124.005193141730061, 10.444349847945034 ], [ 124.004919069718483, 10.444350710713646 ], [ 124.00491994123459, 10.444621998565385 ], [ 124.004645868961447, 10.444622861121722 ], [ 124.004646740263937, 10.444894148991668 ], [ 124.004920812774671, 10.444893286412416 ], [ 124.004923427538188, 10.445707149925532 ], [ 124.005197500737879, 10.445706287042523 ], [ 124.005202732336059, 10.447334013805232 ], [ 124.005476806937651, 10.447333150549543 ], [ 124.005474190318012, 10.44651928725785 ], [ 124.00574826418277, 10.446518423835716 ], [ 124.005746519414004, 10.445975848330391 ], [ 124.006294666121136, 10.445974120871949 ], [ 124.006293793297374, 10.445702833158144 ] ] ], [ [ [ 124.004928657710579, 10.447334876825643 ], [ 124.00438050838784, 10.447336602160807 ], [ 124.00438137969158, 10.447607890006861 ], [ 124.004929529489573, 10.447606164625956 ], [ 124.004928657710579, 10.447334876825643 ] ] ], [ [ [ 124.003284209455941, 10.447340050008147 ], [ 124.003010134663299, 10.447340911381875 ], [ 124.003011004778656, 10.447612199342238 ], [ 124.003285079808975, 10.447611337945684 ], [ 124.003284209455941, 10.447340050008147 ] ] ], [ [ [ 124.001643236193601, 10.448430366992046 ], [ 124.001369160307263, 10.448431227045496 ], [ 124.001368291546456, 10.448159938962121 ], [ 124.001094215873906, 10.448160798757556 ], [ 124.001093347374493, 10.447889510646736 ], [ 124.001641498220366, 10.44788779086624 ], [ 124.001640629269502, 10.447616502796365 ], [ 124.00218877954471, 10.447614782120496 ], [ 124.002187040763687, 10.447072206057928 ], [ 124.001912966113338, 10.447073066467894 ], [ 124.001913835254271, 10.447344354524269 ], [ 124.001365685406796, 10.447346074684017 ], [ 124.001091610447276, 10.447346934410973 ], [ 124.001090742019272, 10.44707564628612 ], [ 124.00081666727371, 10.44707650575506 ], [ 124.000817535463938, 10.44734779390274 ], [ 124.000543460456896, 10.447348653159228 ], [ 124.00054432843335, 10.447619941325026 ], [ 124.000270253164729, 10.447620800369062 ], [ 124.000271120927309, 10.44789208855298 ], [ 124.000545196433507, 10.447891229486206 ], [ 124.000546064457552, 10.44816251764259 ], [ 124.000820140177638, 10.448161658317712 ], [ 124.000821008463078, 10.44843294644674 ], [ 124.001095084397107, 10.448432086863757 ], [ 124.001095952944041, 10.448703374965252 ], [ 124.001644105215959, 10.448701655047977 ], [ 124.001643236193601, 10.448430366992046 ] ] ], [ [ [ 124.001644974262135, 10.4489729430992 ], [ 124.002193126914207, 10.44897122219507 ], [ 124.002192257392593, 10.448699934189499 ], [ 124.001644105215959, 10.448701655047977 ], [ 124.001644974262135, 10.4489729430992 ] ] ], [ [ [ 124.003015355713472, 10.448968639074241 ], [ 124.002741279470882, 10.448969500349826 ], [ 124.002742149491652, 10.449240788305037 ], [ 124.003016225971919, 10.449239927006627 ], [ 124.003015355713472, 10.448968639074241 ] ] ], [ [ [ 124.003564378860943, 10.44923820370397 ], [ 124.003290302428383, 10.449239065472938 ], [ 124.003291172948479, 10.449510353377789 ], [ 124.003565249618731, 10.449509491585996 ], [ 124.003564378860943, 10.44923820370397 ] ] ], [ [ [ 124.006854167798664, 10.449499131730889 ], [ 124.006306015007851, 10.449500860726413 ], [ 124.006306888166648, 10.449772148374759 ], [ 124.006855041432885, 10.449770419333493 ], [ 124.006854167798664, 10.449499131730889 ] ] ], [ [ [ 124.003566120400393, 10.449780779463314 ], [ 124.003840197284518, 10.449779917413327 ], [ 124.003839326265165, 10.449508629558835 ], [ 124.003565249618731, 10.449509491585996 ], [ 124.003566120400393, 10.449780779463314 ] ] ] ] } },
{ "type": "Feature", "properties": { "HAZ": 3.0 }, "geometry": { "type": "MultiPolygon", "coordinates": [ [ [ [ 124.005485382530253, 10.45 ], [ 124.005484658087781, 10.449774740172025 ], [ 124.006306888166648, 10.449772148374759 ], [ 124.006306015007851, 10.449500860726413 ], [ 124.006854167798664, 10.449499131730889 ], [ 124.006855041432885, 10.449770419333493 ], [ 124.007403194603384, 10.449768689350936 ], [ 124.007403939924814, 10.45 ], [ 124.012399626638953, 10.45 ], [ 124.012412782999505, 10.44999181200027 ], [ 124.01236431799957, 10.449916109000313 ], [ 124.012334551999515, 10.449829669000266 ], [ 124.01218914699956, 10.449894150000272 ], [ 124.012154934999486, 10.449892747000245 ], [ 124.011978167999516, 10.449999282000267 ], [ 124.011946806999489, 10.449988066000316 ], [ 124.011882661999508, 10.449909559000304 ], [ 124.011844171999527, 10.449930585000267 ], [ 124.011785725999573, 10.44993478800026 ], [ 124.011691643999512, 10.449878710000327 ], [ 124.011721580999506, 10.449849272000289 ], [ 124.011683093999522, 10.449776373000297 ], [ 124.011734413999591, 10.449739927000302 ], [ 124.011694502999489, 10.449657215000297 ], [ 124.011614946999572, 10.449686126000291 ], [ 124.011596415999549, 10.449673509000224 ], [ 124.011597843999567, 10.449597808000266 ], [ 124.011637759999587, 10.449571174000283 ], [ 124.011627783999558, 10.449496875000264 ], [ 124.011857294999459, 10.449374921000299 ], [ 124.011864424999601, 10.449330062000318 ], [ 124.011800281999541, 10.449189872000265 ], [ 124.011945686999582, 10.449104056000269 ], [ 124.012004132999621, 10.449085834000272 ], [ 124.012012686999526, 10.449063404000281 ], [ 124.011964219999513, 10.449057795000261 ], [ 124.011701921999475, 10.449200775000278 ], [ 124.011579327999456, 10.449223200000358 ], [ 124.011542265999594, 10.449189554000238 ], [ 124.01150235799949, 10.449032543000303 ], [ 124.011636357999478, 10.44896105300025 ], [ 124.011667716999497, 10.449017129000271 ], [ 124.011699078999513, 10.448996103000308 ], [ 124.011654890999495, 10.448934419000356 ], [ 124.011356954999542, 10.449070388000237 ], [ 124.011282832999527, 10.4489316000003 ], [ 124.011301365999557, 10.448907769000282 ], [ 124.011356961999454, 10.448886743000319 ], [ 124.011281414999587, 10.448742347000273 ], [ 124.011258366999556, 10.448624252000272 ], [ 124.011228433999477, 10.448559765000265 ], [ 124.011388093999543, 10.448468650000276 ], [ 124.011342477999492, 10.448472854000268 ], [ 124.011222733999531, 10.448530325000227 ], [ 124.011177118999584, 10.448503688000333 ], [ 124.01113293199947, 10.448416771000247 ], [ 124.0111514649995, 10.448374716000231 ], [ 124.011225592999509, 10.448324252000319 ], [ 124.01125552799958, 10.448342477000228 ], [ 124.011333932999491, 10.448282200000303 ], [ 124.011278338999603, 10.448273787000318 ], [ 124.011117266999506, 10.448032659000262 ], [ 124.01105169399959, 10.448014432000264 ], [ 124.010973300999495, 10.447806185000264 ], [ 124.011010364999549, 10.447793570000286 ], [ 124.011011790999575, 10.447775346000288 ], [ 124.01096189899954, 10.447765531000275 ], [ 124.010930539999606, 10.447705249000261 ], [ 124.01093054099961, 10.447685623000236 ], [ 124.010959051999563, 10.4476659980003 ], [ 124.011098752999487, 10.447618341000265 ], [ 124.011090199999487, 10.447604322000348 ], [ 124.011018925999451, 10.447604319000259 ], [ 124.010933404999491, 10.447377213000298 ], [ 124.010996127999519, 10.44734216900024 ], [ 124.011006107999549, 10.447308524000299 ], [ 124.010937683999487, 10.44730711900036 ], [ 124.010835046999603, 10.447339358000274 ], [ 124.010805112999535, 10.447294497000293 ], [ 124.010759496999569, 10.447298700000285 ], [ 124.010738114999583, 10.44728468100028 ], [ 124.010706754999561, 10.447234212000279 ], [ 124.010655832999518, 10.447056517000231 ], [ 124.01059596299946, 10.447042496000314 ], [ 124.010581709999613, 10.447006046000318 ], [ 124.010578860999544, 10.446955579000317 ], [ 124.010640157999561, 10.446940161000285 ], [ 124.010647285999525, 10.44692614300028 ], [ 124.010614502999474, 10.446839226000282 ], [ 124.010598822999427, 10.446832215000235 ], [ 124.010504738999543, 10.446863052000211 ], [ 124.010466250999471, 10.446850434000321 ], [ 124.010446294999511, 10.446802769000286 ], [ 124.010447720999537, 10.446791555000335 ], [ 124.010551783999531, 10.44676632600029 ], [ 124.010526130999452, 10.446626137000326 ], [ 124.010537536999593, 10.446604315000297 ], [ 124.01047909299956, 10.446566462000273 ], [ 124.010394986999529, 10.446600103000304 ], [ 124.010366478999472, 10.446560850000253 ], [ 124.010337976999509, 10.446372998000253 ], [ 124.010881094999505, 10.44627348900028 ], [ 124.010881100999597, 10.446119284000311 ], [ 124.010859721999523, 10.446037975000245 ], [ 124.010439199999539, 10.446088424000244 ], [ 124.010333712999511, 10.446087017000217 ], [ 124.010333714999604, 10.446021129000272 ], [ 124.010412118999525, 10.446000105000309 ], [ 124.010416396999517, 10.445945432000226 ], [ 124.010540415999472, 10.44592581100029 ], [ 124.01052849299947, 10.445723688000264 ], [ 124.010448665999618, 10.445718077000244 ], [ 124.010424434999564, 10.445662001000311 ], [ 124.010377393999576, 10.445656392000291 ], [ 124.01035886499956, 10.44559470900025 ], [ 124.010365995999436, 10.44550919500028 ], [ 124.010405910999452, 10.44549798200033 ], [ 124.010408762999603, 10.445468543000292 ], [ 124.01068530899957, 10.445427901000304 ], [ 124.010656810999521, 10.445147526000287 ], [ 124.010529942999497, 10.445136306000247 ], [ 124.010321820999508, 10.445164334000257 ], [ 124.010296164999602, 10.445074613000294 ], [ 124.01015789199954, 10.445080214000225 ], [ 124.010182130999496, 10.444997690000235 ], [ 124.010304723999511, 10.444982275000292 ], [ 124.010303298999489, 10.444965453000322 ], [ 124.010273363999588, 10.444948629000351 ], [ 124.010287623999517, 10.444847695000259 ], [ 124.010279074999531, 10.444750966000338 ], [ 124.010274798999532, 10.444738349000271 ], [ 124.010129398999581, 10.444735539000217 ], [ 124.010096612999533, 10.444711706000287 ], [ 124.010060978999505, 10.444630396000221 ], [ 124.010029628999575, 10.444385066000262 ], [ 124.010036756999554, 10.444361235000244 ], [ 124.010069543999506, 10.4443458160003 ], [ 124.010079526999448, 10.444280244000293 ], [ 124.010120866999486, 10.44427043300028 ], [ 124.010130846999516, 10.44424239600027 ], [ 124.010276246999553, 10.44421997200028 ], [ 124.010273396999594, 10.444205953000274 ], [ 124.010086657999508, 10.444203142000308 ], [ 124.010088092999538, 10.444002675000242 ], [ 124.010136568999542, 10.44378678900032 ], [ 124.010423091999542, 10.443762970000215 ], [ 124.010190738999583, 10.44374193200025 ], [ 124.010253486999545, 10.443143840000324 ], [ 124.01041741799952, 10.443128426000293 ], [ 124.010408865999523, 10.443114407000287 ], [ 124.010347570999514, 10.443105994000302 ], [ 124.010165107999512, 10.443117201000252 ], [ 124.010156559999515, 10.443021873000269 ], [ 124.01031336399943, 10.442984030000247 ], [ 124.010327623999544, 10.442874685000259 ], [ 124.010301968999471, 10.442800334000236 ], [ 124.010296263999521, 10.442878839000247 ], [ 124.010277730999505, 10.44291668800027 ], [ 124.010165115999513, 10.442948926000273 ], [ 124.010138035999489, 10.442857804000283 ], [ 124.010136617999464, 10.442690982000247 ], [ 124.010173686999508, 10.442549395000256 ], [ 124.010202197999561, 10.442510144000295 ], [ 124.010257790999546, 10.442517156000253 ], [ 124.010247810999601, 10.442567622000254 ], [ 124.010276318999473, 10.442595661000265 ], [ 124.010280593999468, 10.442641923000274 ], [ 124.01029769999947, 10.442639120000219 ], [ 124.010294853999582, 10.442508746000268 ], [ 124.01033477599951, 10.442312486000283 ], [ 124.010377539999496, 10.442318096000303 ], [ 124.010401764999557, 10.442518564000281 ], [ 124.01041886999954, 10.442517163000254 ], [ 124.010401773999547, 10.442295667000312 ], [ 124.010323372999466, 10.442295664000223 ], [ 124.010304841999528, 10.442283046000245 ], [ 124.010175122999541, 10.442291451000319 ], [ 124.010172276999484, 10.442179301000277 ], [ 124.010277762999507, 10.442170895000292 ], [ 124.010266359999534, 10.442137250000261 ], [ 124.010213617999526, 10.442124630000283 ], [ 124.010207917999594, 10.442069957000289 ], [ 124.010253533999546, 10.442068557000262 ], [ 124.010262086999546, 10.442053137000318 ], [ 124.010202217999478, 10.442032106000266 ], [ 124.01019367599956, 10.441812857000244 ], [ 124.010531514999457, 10.441791843000281 ], [ 124.010547195999507, 10.441776423000249 ], [ 124.010475921999557, 10.441766607000236 ], [ 124.010150912999492, 10.441783416000206 ], [ 124.010034025999502, 10.441737149000286 ], [ 124.010018346999445, 10.44171752200026 ], [ 124.010008372999593, 10.4416095780003 ], [ 124.010112882999451, 10.441582600000288 ], [ 124.009981703999529, 10.441562305000296 ], [ 124.009959595999476, 10.44152751600026 ], [ 124.009955177999458, 10.441311537000242 ], [ 124.009922755999526, 10.441033229000219 ], [ 124.010024456999602, 10.441023084000268 ], [ 124.010036248999597, 10.441002791000276 ], [ 124.00992422999947, 10.440999890000302 ], [ 124.009897699999499, 10.440954954000315 ], [ 124.009893278999485, 10.440888276000305 ], [ 124.009952236999567, 10.440881029000238 ], [ 124.00995960599947, 10.440865085000251 ], [ 124.009893279999488, 10.440854937000299 ], [ 124.009888859999478, 10.440737525000266 ], [ 124.009975285999531, 10.440720784000302 ], [ 124.009839685999495, 10.440684544000234 ], [ 124.009826423999471, 10.440509152000288 ], [ 124.009835267999492, 10.440470016000248 ], [ 124.009863272999496, 10.440451172000287 ], [ 124.009858851999567, 10.440375797000268 ], [ 124.009844112999602, 10.440348256000298 ], [ 124.009765994999526, 10.440352603000303 ], [ 124.009751257999469, 10.440261283000297 ], [ 124.00978663299955, 10.440209101000242 ], [ 124.009764523999493, 10.440174312000295 ], [ 124.009764524999497, 10.440133725000312 ], [ 124.009796953999512, 10.439991673000282 ], [ 124.009824934999514, 10.439937799000266 ], [ 124.00983672999952, 10.439769655000209 ], [ 124.009870631999576, 10.439646447000229 ], [ 124.010046028999511, 10.4396580460003 ], [ 124.010206685999492, 10.439621810000322 ], [ 124.010603169999513, 10.439568184000237 ], [ 124.010638543999519, 10.439592827000322 ], [ 124.010678339999515, 10.439550791000308 ], [ 124.010659179999536, 10.439517452000302 ], [ 124.01063559699945, 10.439513103000209 ], [ 124.010566322999495, 10.439549340000276 ], [ 124.010408613999502, 10.43955223700025 ], [ 124.010211107999496, 10.439595719000295 ], [ 124.01004602999943, 10.439592817000321 ], [ 124.010018026999603, 10.439513093000297 ], [ 124.010022454999429, 10.439120274000302 ], [ 124.010035719999465, 10.439085485000266 ], [ 124.010016563999471, 10.438863711000302 ], [ 124.009988559999471, 10.438847766000226 ], [ 124.009793091999555, 10.438836549000275 ], [ 124.009782211999536, 10.438789781000224 ], [ 124.009774845999459, 10.438598445000292 ], [ 124.009735053999549, 10.438357823000278 ], [ 124.009754215999536, 10.438283898000289 ], [ 124.009748321999481, 10.438173734000234 ], [ 124.009779275999477, 10.438069369000303 ], [ 124.009758643999547, 10.437967168000284 ], [ 124.009799913999487, 10.437943977000231 ], [ 124.009813179999526, 10.437910638000314 ], [ 124.009807286999475, 10.437780181000267 ], [ 124.009835293999487, 10.437601890000259 ], [ 124.009880985999544, 10.437562754000307 ], [ 124.009867720999509, 10.437516369000289 ], [ 124.009876564999445, 10.437485929000257 ], [ 124.009959106999517, 10.437352884000262 ], [ 124.010124186999505, 10.437232576000255 ], [ 124.010149243999535, 10.437186192000325 ], [ 124.01015956299959, 10.437103570000239 ], [ 124.0101993589995, 10.437090525000226 ], [ 124.010290739999519, 10.437123865000231 ], [ 124.010377699999509, 10.43713256400024 ], [ 124.010522142999562, 10.437115172000311 ], [ 124.010631212999442, 10.437060092000284 ], [ 124.010722595999539, 10.436981819000291 ], [ 124.010741757999526, 10.436941233000219 ], [ 124.010752077999584, 10.43678178500026 ], [ 124.010716704999496, 10.436684667000307 ], [ 124.010673961999515, 10.436675969000209 ], [ 124.010653326999588, 10.436718005000312 ], [ 124.010545731999557, 10.436686114000249 ], [ 124.010374759999536, 10.436668717000231 ], [ 124.010352651999483, 10.436641176000261 ], [ 124.010388030999479, 10.436302700000322 ], [ 124.010569326999558, 10.435875094000291 ], [ 124.01058848899946, 10.435796760000294 ], [ 124.010648919999568, 10.435757624000342 ], [ 124.010787465999485, 10.435728636000253 ], [ 124.0106533419995, 10.435735882000319 ], [ 124.01062828499947, 10.435724285000248 ], [ 124.010567857999533, 10.435557589000222 ], [ 124.010589971999494, 10.435176367000299 ], [ 124.010684301999575, 10.43515752500025 ], [ 124.010713782999517, 10.434963289000255 ], [ 124.010489749999465, 10.435009671000273 ], [ 124.010458799999469, 10.4349187470003 ], [ 124.010463223999579, 10.434760750000283 ], [ 124.010501546999549, 10.434618698000254 ], [ 124.010716743999595, 10.434091076000296 ], [ 124.010791476999557, 10.433866918000223 ], [ 124.010796253999501, 10.433745964000252 ], [ 124.011186730999484, 10.433378970000263 ], [ 124.011407043999512, 10.433120063000246 ], [ 124.011420454999467, 10.433034804000297 ], [ 124.011380446999524, 10.433024932000279 ], [ 124.01128359699959, 10.433192113000256 ], [ 124.011193483999506, 10.433280588000294 ], [ 124.011126705999487, 10.433378921000259 ], [ 124.010779610999549, 10.433709875000286 ], [ 124.01056986099951, 10.433671447000304 ], [ 124.010796704999549, 10.433362380000311 ], [ 124.010931392999495, 10.433211333000248 ], [ 124.01093848199946, 10.43317415200028 ], [ 124.010886497999607, 10.433153236000326 ], [ 124.010718731999575, 10.433195063000234 ], [ 124.010598223999551, 10.433197385000248 ], [ 124.010335941999529, 10.433116047000269 ], [ 124.010179990999504, 10.433044005000259 ], [ 124.010146910999609, 10.432992880000292 ], [ 124.010174473999569, 10.432843609000287 ], [ 124.010150202999526, 10.432828691000296 ], [ 124.01010014499947, 10.432865985000273 ], [ 124.01002430099949, 10.432821229000389 ], [ 124.009949972999479, 10.43280332600024 ], [ 124.009907499999514, 10.432773489000258 ], [ 124.009849858999544, 10.432661601000326 ], [ 124.00986806299953, 10.432615355000319 ], [ 124.009927221999547, 10.432600438000328 ], [ 124.00997272999949, 10.432542257000222 ], [ 124.009974247999523, 10.432473633000228 ], [ 124.00993480999955, 10.432390090000332 ], [ 124.009893853999543, 10.432348318000251 ], [ 124.009872618999466, 10.432263283000321 ], [ 124.009781603999485, 10.432269248000281 ], [ 124.009742163999505, 10.432299084000263 ], [ 124.009737613999491, 10.432264772000266 ], [ 124.009696656999481, 10.432257312000271 ], [ 124.009661767999603, 10.432272230000262 ], [ 124.009646598999424, 10.432311017000274 ], [ 124.009575302999465, 10.432367705000257 ], [ 124.009544964999449, 10.432348310000251 ], [ 124.009555583999528, 10.432273719000207 ], [ 124.009519506999467, 10.432254596000313 ], [ 124.009519507999471, 10.43220387400029 ], [ 124.009419392999447, 10.432172544000274 ], [ 124.009295005999547, 10.43220983700034 ], [ 124.009099323999521, 10.43230978600026 ], [ 124.008889990999521, 10.432353045000287 ], [ 124.008870269999576, 10.432408242000324 ], [ 124.00880656099946, 10.432354535000322 ], [ 124.008736784999542, 10.43232768100032 ], [ 124.008667006999545, 10.432353040000287 ], [ 124.008556272999527, 10.432357513000301 ], [ 124.008472842999467, 10.432409725000269 ], [ 124.008356040999487, 10.432417182000265 ], [ 124.008283227999584, 10.432473869000248 ], [ 124.008104232999528, 10.432487292000292 ], [ 124.00800108199951, 10.432535028000334 ], [ 124.007993503999515, 10.43225754800029 ], [ 124.008066023999561, 10.432237155000291 ], [ 124.008084226999472, 10.43220433600024 ], [ 124.00818282599954, 10.432177485000327 ], [ 124.008257155999473, 10.43211930600031 ], [ 124.008445252999579, 10.432029800000276 ], [ 124.008524131999536, 10.432017868000266 ], [ 124.008595426999491, 10.431970131000313 ], [ 124.00862121399949, 10.431965656000298 ], [ 124.008680371999503, 10.432002953000275 ], [ 124.008830332999565, 10.431963821000323 ], [ 124.009042697999462, 10.431990678000236 ], [ 124.009224726999506, 10.431926533000258 ], [ 124.009271751999492, 10.43187432000029 ], [ 124.009336977999553, 10.43186238700028 ], [ 124.009620011999445, 10.431611766000326 ], [ 124.009689790999445, 10.431507340000302 ], [ 124.009739850999495, 10.431376060000275 ], [ 124.009720131999558, 10.431353682000289 ], [ 124.00965035499955, 10.431331304000214 ], [ 124.009612433999436, 10.431273122000285 ], [ 124.009509285999513, 10.431203004000256 ], [ 124.009413721999508, 10.431214937000266 ], [ 124.009406137999505, 10.43119256000028 ], [ 124.009425857999545, 10.431164215000244 ], [ 124.009521422999455, 10.431123938000287 ], [ 124.009529007999546, 10.431097085000285 ], [ 124.009516872999527, 10.431077691000279 ], [ 124.00947743399945, 10.431068739000249 ], [ 124.009386419999473, 10.431088131000255 ], [ 124.009330294999543, 10.431070228000284 ], [ 124.009262033999491, 10.4311015550003 ], [ 124.009181639999497, 10.431031438000272 ], [ 124.009191817999536, 10.430934826000271 ], [ 124.009181200999464, 10.430872169000239 ], [ 124.009196370999476, 10.430815480000255 ], [ 124.009188787999548, 10.43072597100031 ], [ 124.00916148499951, 10.43070508500027 ], [ 124.00914783399945, 10.430661822000243 ], [ 124.00916452099959, 10.430593198000249 ], [ 124.009146317999509, 10.430585739000254 ], [ 124.009109911999516, 10.430633476000207 ], [ 124.009079573999571, 10.430645410000306 ], [ 124.009046202999485, 10.430636459000365 ], [ 124.009040135999513, 10.430609606000274 ], [ 124.0091387359995, 10.430502196000269 ], [ 124.009190311999589, 10.43041418000027 ], [ 124.009187279999523, 10.430306769000264 ], [ 124.009097784999568, 10.430259029000311 ], [ 124.009055312999521, 10.430176977000272 ], [ 124.009012839999556, 10.430173993000292 ], [ 124.008980984999596, 10.430217255000318 ], [ 124.008893005999596, 10.430184433000267 ], [ 124.008868734999538, 10.43024112200025 ], [ 124.00879592199955, 10.430320187000309 ], [ 124.008767101999567, 10.430285875000223 ], [ 124.008751935999555, 10.43014116700024 ], [ 124.008718563999551, 10.430135199000279 ], [ 124.008659403999445, 10.430196363000277 ], [ 124.008642717999493, 10.430242609000285 ], [ 124.008592660999525, 10.430221722000244 ], [ 124.008571423999456, 10.430230673000274 ], [ 124.008563837999532, 10.430281395000296 ], [ 124.008522879999518, 10.430363444000246 ], [ 124.008436416999558, 10.430379852000272 ], [ 124.008413663999463, 10.43035001500029 ], [ 124.008448553999585, 10.430263490000325 ], [ 124.008410632999471, 10.430214259000248 ], [ 124.008401532999514, 10.430145635000255 ], [ 124.008424286999443, 10.430114307000238 ], [ 124.008497097999438, 10.430108341000278 ], [ 124.008513785999568, 10.430036734000304 ], [ 124.008484964999582, 10.430020323000278 ], [ 124.008419736999514, 10.430066568000285 ], [ 124.008364935999509, 10.430063584000305 ], [ 124.008358866999544, 10.430139667000294 ], [ 124.008331561999498, 10.430206799000342 ], [ 124.008270884999547, 10.430241109000249 ], [ 124.008228412999586, 10.430203813000272 ], [ 124.008205660999479, 10.430147123000289 ], [ 124.008264821999575, 10.430026286000238 ], [ 124.008123751999534, 10.429997938000291 ], [ 124.008076733999474, 10.429792258000326 ], [ 124.00808128599958, 10.429705733000272 ], [ 124.008099488999491, 10.429696782000331 ], [ 124.00814651199947, 10.429738554000235 ], [ 124.008185950999533, 10.429737063000289 ], [ 124.008190502999469, 10.429666947000261 ], [ 124.008232976999523, 10.429635620000244 ], [ 124.008252697999552, 10.4295729640003 ], [ 124.008316406999498, 10.429575949000281 ], [ 124.00830882399957, 10.429499866000292 ], [ 124.008346746999521, 10.429501358000238 ], [ 124.008399838999466, 10.429447654000324 ], [ 124.008386187999491, 10.429371571000246 ], [ 124.008404391999576, 10.429319357000278 ], [ 124.008364953999518, 10.429286536000316 ], [ 124.008319446999565, 10.429299962000272 ], [ 124.008310344999529, 10.429322339000258 ], [ 124.008339164999512, 10.429387980000271 ], [ 124.00833461399958, 10.429408865000223 ], [ 124.008236015999501, 10.429432732000333 ], [ 124.008199609999508, 10.42946406000026 ], [ 124.008185957999444, 10.429425272000248 ], [ 124.008231466999575, 10.429341731000264 ], [ 124.008229950999535, 10.429320845000312 ], [ 124.008205680999481, 10.429305927000232 ], [ 124.00818596099954, 10.429311893000282 ], [ 124.008146519999642, 10.42938200800031 ], [ 124.008069158999547, 10.429379023000241 ], [ 124.008055505999579, 10.429438695000293 ], [ 124.008037541999428, 10.429446095000284 ], [ 124.008010616999499, 10.429425981000307 ], [ 124.007949671999526, 10.429243090000273 ], [ 124.007932481999617, 10.429143191000268 ], [ 124.007823091999526, 10.429098621000222 ], [ 124.007801214999503, 10.429061735000278 ], [ 124.007771522999533, 10.428957225000246 ], [ 124.00783246899951, 10.428936484000307 ], [ 124.007844970999471, 10.428918041000379 ], [ 124.007807465999477, 10.428801237000307 ], [ 124.007718391999489, 10.428713633000342 ], [ 124.007666822999482, 10.428522829000276 ], [ 124.007626192999496, 10.428524366000225 ], [ 124.007573060999448, 10.42847672200028 ], [ 124.007552746999551, 10.428253871000226 ], [ 124.007563686999475, 10.427937270000232 ], [ 124.007582440999514, 10.427700587000277 ], [ 124.007588691999501, 10.427671386000259 ], [ 124.007615257999561, 10.427665238000284 ], [ 124.007599630999522, 10.427600688000272 ], [ 124.007604319999459, 10.427416775000243 ], [ 124.007563689999557, 10.427364520000271 ], [ 124.007563690999561, 10.42717855500025 ], [ 124.00754493899943, 10.42713705800028 ], [ 124.007402732999481, 10.427092487000234 ], [ 124.007390230999505, 10.427061749000266 ], [ 124.007396481999578, 10.426994126000267 ], [ 124.007357414999547, 10.426929576000344 ], [ 124.007379292999588, 10.426872710000257 ], [ 124.00730897199945, 10.4268281400003 ], [ 124.007262090999475, 10.426817381000298 ], [ 124.007251151999554, 10.426795865000294 ], [ 124.007232399999509, 10.426675986000234 ], [ 124.007240213999538, 10.42662680600025 ], [ 124.00718864499953, 10.426583772000331 ], [ 124.007201146999492, 10.426557645000301 ], [ 124.007238651999486, 10.426562256000327 ], [ 124.007241776999578, 10.426536129000297 ], [ 124.007176143999473, 10.426503853000291 ], [ 124.007162079999546, 10.426471578000285 ], [ 124.007113637999538, 10.425942883000328 ], [ 124.007069883999563, 10.42583186200029 ], [ 124.00698393799955, 10.425507576000282 ], [ 124.006945005999441, 10.425441050000284 ], [ 124.006865309999512, 10.425190534000251 ], [ 124.006730919999583, 10.424875469000295 ], [ 124.006187208999449, 10.423922618000326 ], [ 124.006090968999573, 10.423672293000219 ], [ 124.006001897999482, 10.423520139000242 ], [ 124.005788598999501, 10.423266356000294 ], [ 124.005572589999488, 10.422897894000272 ], [ 124.005550650999453, 10.422849762000286 ], [ 124.005562463999453, 10.42280328900026 ], [ 124.005464583999526, 10.422776733000283 ], [ 124.005344764999549, 10.422551006000258 ], [ 124.005281245999541, 10.422472378000325 ], [ 124.005208680999573, 10.422301425000303 ], [ 124.005092239999527, 10.422097277000287 ], [ 124.005056800999441, 10.421986075000323 ], [ 124.004774978999578, 10.421531305000265 ], [ 124.004665286999554, 10.421277364000304 ], [ 124.004439179999494, 10.420879893000279 ], [ 124.004371677999515, 10.420823462000229 ], [ 124.004285611999578, 10.420790266000235 ], [ 124.004177606999534, 10.42082014100022 ], [ 124.004103354999515, 10.420803543000268 ], [ 124.004057790999468, 10.420762049000299 ], [ 124.004071290999519, 10.420732174000225 ], [ 124.004062853999542, 10.420713917000313 ], [ 124.003948099999548, 10.420622630000221 ], [ 124.003934598999578, 10.420637568000302 ], [ 124.003943036999573, 10.420664124000279 ], [ 124.003916034999563, 10.420687360000247 ], [ 124.003882283999516, 10.420690679000256 ], [ 124.003808030999508, 10.420664122000279 ], [ 124.003635899999566, 10.420516404000313 ], [ 124.00360889899946, 10.420473250000295 ], [ 124.003590336999522, 10.4203852840003 ], [ 124.003541396999466, 10.420363707000291 ], [ 124.003476275999503, 10.42039840500032 ], [ 124.003344646999537, 10.420297160000292 ], [ 124.003126953999555, 10.420066455000299 ], [ 124.00286369799953, 10.419696330000228 ], [ 124.002641683999542, 10.419418195000308 ], [ 124.002526927999554, 10.419564250000313 ], [ 124.002381798999536, 10.419464664000245 ], [ 124.002243420999548, 10.419283751000286 ], [ 124.002162416999496, 10.419371715000281 ], [ 124.002101665999533, 10.419315284000231 ], [ 124.001976785999602, 10.419325240000255 ], [ 124.001919409999473, 10.419297024000318 ], [ 124.00185697099954, 10.419240592000268 ], [ 124.001784405999572, 10.419210715000283 ], [ 124.001740529999495, 10.419145985000256 ], [ 124.001669652999496, 10.419131046000263 ], [ 124.001451959999514, 10.418908636000246 ], [ 124.001362518999571, 10.418868801000237 ], [ 124.001288266999566, 10.41880240900025 ], [ 124.001160513999466, 10.418636191000264 ], [ 124.001069386999475, 10.418593036000246 ], [ 124.000937758999598, 10.418491790000306 ], [ 124.000851695999501, 10.418395524000246 ], [ 124.000809507999563, 10.418322495000243 ], [ 124.000745381999579, 10.418274361000257 ], [ 124.000706568999476, 10.418214610000287 ], [ 124.000539504999509, 10.418045313000313 ], [ 124.000391003999567, 10.417821245000248 ], [ 124.000331826999556, 10.417770467000221 ], [ 124.000171513999533, 10.41757295600031 ], [ 124.000023014999584, 10.417332291000292 ], [ 123.999969013999561, 10.417290797000234 ], [ 123.99988294999946, 10.417255940000281 ], [ 123.999697326999467, 10.416872536000266 ], [ 123.99966526399956, 10.416832702000256 ], [ 123.999419833999511, 10.416695208000249 ], [ 123.999278080999588, 10.416676947000248 ], [ 123.999217328999535, 10.416698522000257 ], [ 123.999198764999605, 10.41673171700025 ], [ 123.999139700999606, 10.416706819000321 ], [ 123.999186954999516, 10.41661996500024 ], [ 123.999224081999571, 10.416595070000223 ], [ 124.000155612999549, 10.416359408000265 ], [ 124.00011005499951, 10.416122064000255 ], [ 123.999995307999512, 10.415824556000331 ], [ 123.999934561999467, 10.41557227500024 ], [ 123.999934561999467, 10.415555678000288 ], [ 124.000044252999487, 10.415520825000247 ], [ 124.000035815999496, 10.415499249000238 ], [ 123.999846809999482, 10.415567294000272 ], [ 123.999910929999558, 10.415824554000242 ], [ 123.9998147379995, 10.415914178000286 ], [ 123.999721919999629, 10.416060232000291 ], [ 123.999733731999541, 10.416105045000268 ], [ 123.999799544999576, 10.416149860000335 ], [ 123.999828231999544, 10.416194673000312 ], [ 123.999828229999466, 10.416289278000235 ], [ 123.999855228999564, 10.416407120000216 ], [ 123.99975566299959, 10.416435334000241 ], [ 123.999779288999591, 10.416385542000295 ], [ 123.999738787999604, 10.416377242000319 ], [ 123.999414777999533, 10.416422048000296 ], [ 123.999348964999513, 10.41637557400027 ], [ 123.999262899999493, 10.416377231000318 ], [ 123.999176836999482, 10.416304201000315 ], [ 123.999063775999531, 10.416126606000276 ], [ 123.999051965999442, 10.416038640000281 ], [ 123.99910765499952, 10.416032003000264 ], [ 123.999077281999504, 10.415914161000284 ], [ 123.999593673999499, 10.415743220000262 ], [ 123.999583548999468, 10.415721644000254 ], [ 123.999063781999453, 10.415897563000243 ], [ 123.999051969999542, 10.415885945000259 ], [ 123.999023280999566, 10.415892583000275 ], [ 123.999024967999517, 10.415917479000292 ], [ 123.998862962999524, 10.415957309000213 ], [ 123.998814024999561, 10.415912494000235 ], [ 123.998658778999513, 10.415577224000295 ], [ 123.998557532999484, 10.415270168000291 ], [ 123.998517212999431, 10.41492008900028 ], [ 123.998489320999525, 10.414811961000304 ], [ 123.998495884999528, 10.414786140000299 ], [ 123.998551674999533, 10.414755479000249 ], [ 123.998458145999521, 10.414752249000248 ], [ 123.998435175999489, 10.414673170000277 ], [ 123.998389250999509, 10.413917896000225 ], [ 123.998381066999542, 10.413232074000323 ], [ 123.998415540999545, 10.412604293000339 ], [ 123.998461493999443, 10.412308469000287 ], [ 123.998489396999531, 10.411988931000316 ], [ 123.998600992999528, 10.411325494000224 ], [ 123.9986403759995, 10.411225438000294 ], [ 123.998724058999585, 10.41123028100025 ], [ 123.998740466999521, 10.411217371000248 ], [ 123.998661707999574, 10.411178637000241 ], [ 123.998679758999558, 10.411094718000314 ], [ 123.998740473999518, 10.410972069000291 ], [ 123.998758527999499, 10.41080745900026 ], [ 123.998776576999489, 10.410792935000302 ], [ 123.998878308999466, 10.410799393000303 ], [ 123.998845492999507, 10.4107800260003 ], [ 123.998653514999603, 10.410765497000252 ], [ 123.998569831999518, 10.410741287000292 ], [ 123.998568192999571, 10.410673506000279 ], [ 123.998605932999496, 10.410667052000278 ], [ 123.998610855999459, 10.410646072000318 ], [ 123.998561630999461, 10.410633160000227 ], [ 123.998553429999504, 10.410492757000245 ], [ 123.998615788999501, 10.410241000000287 ], [ 123.998610869999538, 10.410087686000303 ], [ 123.998661743999492, 10.409807759000234 ], [ 123.998717372999565, 10.409138392000273 ], [ 123.99875838099949, 10.40903601300024 ], [ 123.998725261999681, 10.408927428000226 ], [ 123.998718953999514, 10.408848316000253 ], [ 123.998766273999607, 10.40848843500023 ], [ 123.998752082999587, 10.40821865700029 ], [ 123.998759972999451, 10.407940991000231 ], [ 123.998912964999576, 10.407300265000242 ], [ 123.99892873699946, 10.407280099000261 ], [ 123.998979205999561, 10.407290959000271 ], [ 123.998991822999528, 10.40727699800027 ], [ 123.998969743999567, 10.407197886000297 ], [ 123.999037564999583, 10.406940387000308 ], [ 123.999204749999564, 10.40640367000022 ], [ 123.99930684499958, 10.406205560000259 ], [ 123.999351005999586, 10.406166780000248 ], [ 123.999429862999534, 10.406196254000289 ], [ 123.999499257999503, 10.406202459000269 ], [ 123.999497680999553, 10.406174537000268 ], [ 123.999399897999552, 10.406135756000257 ], [ 123.999351006999504, 10.406090771000265 ], [ 123.999382551999616, 10.405935650000309 ], [ 123.999532385999501, 10.405513723000304 ], [ 123.999548158999474, 10.405343090000219 ], [ 123.999619131999481, 10.405141433000232 ], [ 123.999631749999551, 10.40511506300027 ], [ 123.999720611999521, 10.405126296000311 ], [ 123.999750577999521, 10.405110784000271 ], [ 123.999733229999507, 10.405009955000278 ], [ 123.999772659999564, 10.404868795000233 ], [ 123.999786855999503, 10.404735391000298 ], [ 123.999878331999525, 10.404552350000341 ], [ 123.999927223999563, 10.4045368380003 ], [ 123.999969806999545, 10.404462381000268 ], [ 123.99995403599965, 10.404394127000305 ], [ 124.000009236999517, 10.404307260000312 ], [ 123.99994299799954, 10.40423745500031 ], [ 123.999952461999442, 10.404119564000236 ], [ 124.000102287999582, 10.403855233000304 ], [ 124.000181148999445, 10.403527927000223 ], [ 124.000348328999507, 10.403129268000278 ], [ 124.000398797999594, 10.403048606000265 ], [ 124.000463460999526, 10.402983455000292 ], [ 124.00052023699952, 10.403014480000284 ], [ 124.000588053999536, 10.402978803000263 ], [ 124.000627482999505, 10.40289814000025 ], [ 124.000600671999507, 10.402809721000306 ], [ 124.000611712999444, 10.402769390000255 ], [ 124.000717381999493, 10.402558426000297 ], [ 124.000866587999482, 10.402379549000241 ], [ 124.001002222999603, 10.402073962000269 ], [ 124.00114101199955, 10.40183042300028 ], [ 124.001237196999512, 10.401759704000291 ], [ 124.001274469999572, 10.401788581000282 ], [ 124.001351614999564, 10.401776003000307 ], [ 124.001389626999512, 10.401683206000268 ], [ 124.001431554999598, 10.401653066000261 ], [ 124.001442479999525, 10.401622346000295 ], [ 124.001503384999509, 10.401648445000234 ], [ 124.001609539999592, 10.4014871580003 ], [ 124.001639186999469, 10.401370426000234 ], [ 124.00155954299953, 10.401341258000308 ], [ 124.001582945999516, 10.401233742000294 ], [ 124.001645398999528, 10.401187654000299 ], [ 124.001710984999548, 10.401190714000286 ], [ 124.001734390999431, 10.401098557000299 ], [ 124.001600086999517, 10.40103868200023 ], [ 124.001648476999605, 10.400944984000294 ], [ 124.001793707999454, 10.400986426000259 ], [ 124.001895155999506, 10.400703804000234 ], [ 124.001798330999492, 10.400658976000255 ], [ 124.001815485999487, 10.400542245000278 ], [ 124.002176187999481, 10.400465385000313 ], [ 124.002169935999504, 10.400436204000297 ], [ 124.001823288999503, 10.400516134000249 ], [ 124.001910652999541, 10.400078390000267 ], [ 124.001955933999554, 10.400055344000315 ], [ 124.001977779999507, 10.399973938000329 ], [ 124.001962158999547, 10.399946294000262 ], [ 124.001927802999546, 10.399930942000235 ], [ 124.00190374899951, 10.399869058000267 ], [ 124.001916054999455, 10.399783575000299 ], [ 124.001962033999447, 10.399689164000304 ], [ 124.001904099999535, 10.399422113000323 ], [ 124.001973630999515, 10.399299986000255 ], [ 124.00204468299944, 10.39922073700027 ], [ 124.002102039999485, 10.39912602800025 ], [ 124.002145637999533, 10.399009871000231 ], [ 124.002159576999532, 10.398880727000293 ], [ 124.002211981999523, 10.398758968000255 ], [ 124.002105094999465, 10.39869271800028 ], [ 124.002092047999454, 10.398569860000329 ], [ 124.002108562999581, 10.398549849000272 ], [ 124.002229012999507, 10.398551108000287 ], [ 124.002244922999495, 10.398533503000252 ], [ 124.002080510999477, 10.398522802000254 ], [ 124.002056810999562, 10.398452926000246 ], [ 124.002060939999538, 10.398399127000324 ], [ 124.002185093999515, 10.398031525000285 ], [ 124.002276561999437, 10.397830648000273 ], [ 124.002311372999571, 10.397681262000258 ], [ 124.002487939999526, 10.397199091000243 ], [ 124.002479061999495, 10.397180674000229 ], [ 124.002443969999533, 10.397177422000226 ], [ 124.002424960999548, 10.39703089600027 ], [ 124.002347558999546, 10.396983164000318 ], [ 124.002321854999551, 10.396945330000296 ], [ 124.002325874999528, 10.396905882000318 ], [ 124.002428915999531, 10.396874456000294 ], [ 124.002418094999513, 10.396840158000298 ], [ 124.002255949999508, 10.396874941000245 ], [ 124.002216062999594, 10.396857060000276 ], [ 124.002172735999466, 10.396827792000252 ], [ 124.002153553999563, 10.396764394000247 ], [ 124.002092571999498, 10.396745104000249 ], [ 124.002029698999536, 10.39669836700029 ], [ 124.00201128199943, 10.39666294300029 ], [ 124.002002076999474, 10.396573100000317 ], [ 124.001848859999583, 10.396544775000283 ], [ 124.001921807999494, 10.39613624200032 ], [ 124.002126207999524, 10.39620230700028 ], [ 124.002310966999531, 10.396041210000273 ], [ 124.002426424999499, 10.395967452000299 ], [ 124.002516459999484, 10.396089826000299 ], [ 124.002529264999481, 10.396085170000269 ], [ 124.002507216999433, 10.396025325000291 ], [ 124.002629887999547, 10.395908599000315 ], [ 124.002655401999519, 10.395936304000298 ], [ 124.002651652999475, 10.395895487000296 ], [ 124.002786938999577, 10.395739509000268 ], [ 124.002916636999558, 10.395623656000275 ], [ 124.002990272999526, 10.395597925000278 ], [ 124.003014284999551, 10.395621785000298 ], [ 124.003040569999513, 10.395604160000261 ], [ 124.003034300999516, 10.395588242000276 ], [ 124.003111153999484, 10.395546687000301 ], [ 124.003201737999518, 10.395692633000298 ], [ 124.003416136999491, 10.395561714000301 ], [ 124.003832257999548, 10.395200086000312 ], [ 124.004350742999463, 10.394687568000272 ], [ 124.005088241999474, 10.393993954000258 ], [ 124.005139511999445, 10.394045099000227 ], [ 124.0053473509995, 10.393862715000324 ], [ 124.00531220199953, 10.393812240000234 ], [ 124.005465320999576, 10.393614793000239 ], [ 124.005600343999561, 10.393516125000335 ], [ 124.005663762999475, 10.393554529000227 ], [ 124.005823691999481, 10.393375005000294 ], [ 124.005747579999493, 10.393303964000278 ], [ 124.005820413999473, 10.393196911000302 ], [ 124.005917291999495, 10.392992622000275 ], [ 124.006007050999557, 10.392902886000311 ], [ 124.00612889599951, 10.392815280000256 ], [ 124.006164615999538, 10.392799084000249 ], [ 124.00622225399951, 10.392829132000248 ], [ 124.006462312999474, 10.39251131200033 ], [ 124.006570398999528, 10.392482702000272 ], [ 124.006612147999519, 10.392452774000283 ], [ 124.00665509999952, 10.392387002000259 ], [ 124.006663459999501, 10.392244341000268 ], [ 124.006702159999506, 10.392124541000303 ], [ 124.006789049999512, 10.39206558600031 ], [ 124.006887271999545, 10.39189394200023 ], [ 124.007019552999566, 10.391817006000259 ], [ 124.007068171999592, 10.391762216000256 ], [ 124.007167871999499, 10.391694347000236 ], [ 124.007192846999516, 10.391649957000293 ], [ 124.007171766999463, 10.39158789400031 ], [ 124.007186809999467, 10.391539015000262 ], [ 124.007242815999476, 10.391467559000301 ], [ 124.007291952999466, 10.391431918000283 ], [ 124.007340895999519, 10.391330646000252 ], [ 124.007560683999486, 10.391156896000265 ], [ 124.007549035999588, 10.391120692000289 ], [ 124.007556583999602, 10.391064157000319 ], [ 124.007637610999552, 10.39097184500023 ], [ 124.008044599999479, 10.390645850000258 ], [ 124.008188308999465, 10.390497406000321 ], [ 124.008572150999512, 10.390162375000312 ], [ 124.008796195999494, 10.389926351000234 ], [ 124.008948652999493, 10.389790734000293 ], [ 124.008989750999518, 10.389853325000232 ], [ 124.009236333999581, 10.389626428000287 ], [ 124.009228378999538, 10.389602956000299 ], [ 124.00925522899945, 10.389559222000322 ], [ 124.009519043999518, 10.389281469000256 ], [ 124.010004425999455, 10.388951343000297 ], [ 124.010216537999497, 10.388741397000246 ], [ 124.010647390999452, 10.388414090000254 ], [ 124.011576455999489, 10.38786694500028 ], [ 124.012039124999575, 10.387559194000307 ], [ 124.012114689999521, 10.387538328000268 ], [ 124.012155785999553, 10.387462696000316 ], [ 124.012270840999477, 10.38737948200027 ], [ 124.01240473499945, 10.387252992000285 ], [ 124.012540303999486, 10.387267976000281 ], [ 124.012812076999495, 10.387354032000296 ], [ 124.012912832999575, 10.387420533000292 ], [ 124.012979121999464, 10.387531371000225 ], [ 124.013091807999459, 10.387532672000333 ], [ 124.013391411999464, 10.387261435000273 ], [ 124.013848410999444, 10.386987586000263 ], [ 124.01408968799943, 10.38689499600024 ], [ 124.014150670999499, 10.38689499400024 ], [ 124.014207676999504, 10.386924985000324 ], [ 124.014279263999484, 10.386858479000328 ], [ 124.014422437999599, 10.386772412000223 ], [ 124.014563699999471, 10.386713209000298 ], [ 124.014628626999524, 10.386714505000228 ], [ 124.014694624999478, 10.3866885370003 ], [ 124.01483718099955, 10.386731377000292 ], [ 124.014930898999566, 10.386778114000251 ], [ 124.014953339999479, 10.386830047000284 ], [ 124.015006139999585, 10.38689106600027 ], [ 124.015019340999515, 10.386942998000304 ], [ 124.015053660999513, 10.386975455000236 ], [ 124.015168497999511, 10.386989733000263 ], [ 124.015216014999538, 10.386965064000265 ], [ 124.015245054999454, 10.387007908000257 ], [ 124.015293893999498, 10.387007906000257 ], [ 124.015345372999491, 10.38703776600024 ], [ 124.015474725999539, 10.386985829000206 ], [ 124.015514325999433, 10.387027374000269 ], [ 124.01560012299943, 10.38702477400032 ], [ 124.01566612399948, 10.387128638000299 ], [ 124.015827157999567, 10.387093578000329 ], [ 124.01610302599957, 10.386984510000275 ], [ 124.016115314551428, 10.386964528045251 ], [ 124.015376534935726, 10.386966866101666 ], [ 124.015375659320412, 10.38669557815356 ], [ 124.014827617722887, 10.386697311427529 ], [ 124.014826742603972, 10.38642602342853 ], [ 124.014004680735439, 10.386428621516409 ], [ 124.014005555145673, 10.386699909584685 ], [ 124.011813387213337, 10.38670682771431 ], [ 124.01181425975804, 10.386978115962531 ], [ 124.011540238422015, 10.386978979699435 ], [ 124.011539366113567, 10.38670769142821 ], [ 124.010443281473982, 10.386711143945238 ], [ 124.01044241013436, 10.38643985557729 ], [ 124.009894368142938, 10.386441580386652 ], [ 124.009892626480479, 10.385899003544708 ], [ 124.009618605921077, 10.385899865552684 ], [ 124.00961773536207, 10.385628577101691 ], [ 124.008795674248674, 10.385631161653642 ], [ 124.00879654409917, 10.385902450173468 ], [ 124.008522523443844, 10.385903311246103 ], [ 124.008523393082172, 10.386174599784315 ], [ 124.008249372166702, 10.386175460646097 ], [ 124.008250241592833, 10.386446749202605 ], [ 124.007976220417206, 10.386447609853533 ], [ 124.007977958868906, 10.386990186998613 ], [ 124.00825198051686, 10.386989326301766 ], [ 124.008254589082568, 10.38780319191569 ], [ 124.008528611415315, 10.387802330916063 ], [ 124.008531220905439, 10.388616196419232 ], [ 124.008805243922879, 10.388615335116913 ], [ 124.008808724523576, 10.389700488964049 ], [ 124.008534700561029, 10.389701350358294 ], [ 124.008535570534903, 10.389972638831491 ], [ 124.007987522065449, 10.38997436096415 ], [ 124.0079883915907, 10.390245649478558 ], [ 124.007714367083793, 10.390246510216972 ], [ 124.007715236396677, 10.390517798749677 ], [ 124.007167186838416, 10.390519519570585 ], [ 124.007168055702593, 10.39079080814459 ], [ 124.006894030651239, 10.390791668226996 ], [ 124.006894899303134, 10.391062956819297 ], [ 124.006620873991537, 10.39106381669076 ], [ 124.006621742431079, 10.39133510530127 ], [ 124.006073691263524, 10.391336824388187 ], [ 124.006074559254273, 10.391608113039908 ], [ 124.005526507518454, 10.391609831236782 ], [ 124.005527375060495, 10.391881119929714 ], [ 124.005253348920405, 10.391881978700102 ], [ 124.005254216249995, 10.392153267411242 ], [ 124.004980189849661, 10.392154125970599 ], [ 124.004981056966798, 10.392425414699947 ], [ 124.00443300362187, 10.392427131162474 ], [ 124.0044338702902, 10.392698419932945 ], [ 124.004159843345604, 10.392699277836115 ], [ 124.004160709801482, 10.392970566624793 ], [ 124.003886682596644, 10.392971424316844 ], [ 124.003887548839998, 10.393242713123819 ], [ 124.003613521374916, 10.39324357060466 ], [ 124.003615253460509, 10.393786148250406 ], [ 124.003341225498843, 10.393787005542954 ], [ 124.003342091340997, 10.394058294381725 ], [ 124.003068063119201, 10.394059151463154 ], [ 124.003068928748817, 10.394330440320044 ], [ 124.002520871760836, 10.394332153826536 ], [ 124.002521736941475, 10.39460344272446 ], [ 124.002247708175403, 10.394604299149524 ], [ 124.002248573143504, 10.394875588065656 ], [ 124.001700515066972, 10.394877300259243 ], [ 124.001701379586095, 10.395148589216319 ], [ 124.000605262201859, 10.3951520108862 ], [ 124.000606125799152, 10.395423299929874 ], [ 123.999235977351731, 10.395427571865124 ], [ 123.999235114936525, 10.395156282707585 ], [ 123.99896108541212, 10.395157136369704 ], [ 123.998959361125728, 10.394614557995119 ], [ 123.998685332050471, 10.394615411377728 ], [ 123.998683608331788, 10.394072832939017 ], [ 123.998409579705509, 10.394073686042116 ], [ 123.998404410537304, 10.392445950478002 ], [ 123.99867843774534, 10.392445097511416 ], [ 123.99867757606404, 10.392173808257244 ], [ 123.998951603012017, 10.39217295507936 ], [ 123.998946432004487, 10.390545219593051 ], [ 123.998672406474398, 10.390546072634333 ], [ 123.99867154495918, 10.390274783347564 ], [ 123.998397519641713, 10.390275636132252 ], [ 123.998389769199207, 10.387834032137711 ], [ 123.998663792390275, 10.387833179557749 ], [ 123.998662931112477, 10.387561890224529 ], [ 123.999210976951048, 10.387560184408418 ], [ 123.999210115224457, 10.387288895116054 ], [ 123.998936092553237, 10.387289748118345 ], [ 123.998935231086605, 10.387018458798536 ], [ 123.998661208627837, 10.387019311544144 ], [ 123.998658625078988, 10.386205443488706 ], [ 123.998384603305183, 10.386206295932244 ], [ 123.998383742405835, 10.385935006548397 ], [ 123.99701363436175, 10.385939265144717 ], [ 123.997012774667127, 10.385667975642654 ], [ 123.996738753223369, 10.385668826637751 ], [ 123.99673789378862, 10.385397537108243 ], [ 123.996463872557399, 10.385398387846834 ], [ 123.996463013382453, 10.385127098289971 ], [ 123.996188992363685, 10.385127948771967 ], [ 123.996190710264884, 10.385670527926372 ], [ 123.996464731755978, 10.38566967739899 ], [ 123.996468168787175, 10.386754835561074 ], [ 123.995646101408553, 10.386757386714052 ], [ 123.995646960016856, 10.387028676311061 ], [ 123.995372937273785, 10.387029526250291 ], [ 123.995373795669622, 10.387300815865331 ], [ 123.995099772666663, 10.387301665593352 ], [ 123.995100630849876, 10.387572955226421 ], [ 123.994278560990494, 10.387575503075464 ], [ 123.99427427385389, 10.386219054524027 ], [ 123.994548295982966, 10.386218205588083 ], [ 123.994547438390398, 10.385946915886535 ], [ 123.994273416497492, 10.385947764799742 ], [ 123.994271701855553, 10.385405185337405 ], [ 123.993997680411439, 10.385406033971545 ], [ 123.993995109334222, 10.384592164675144 ], [ 123.993447067792118, 10.38459386110614 ], [ 123.993448780875383, 10.385136440732168 ], [ 123.99317475959657, 10.385137288642177 ], [ 123.993175615937432, 10.385408578470912 ], [ 123.991805508008724, 10.385412814626783 ], [ 123.991806363192282, 10.385684104563786 ], [ 123.991532341299646, 10.385684951116126 ], [ 123.991534906283164, 10.386498820967194 ], [ 123.991260883658299, 10.386499667353355 ], [ 123.991259174118142, 10.385957087412113 ], [ 123.990985151942169, 10.385957933519297 ], [ 123.990983442968684, 10.385415353514372 ], [ 123.990435399490877, 10.385417044936929 ], [ 123.990436253493527, 10.385688334986909 ], [ 123.990162231483112, 10.385689180370051 ], [ 123.990163939086585, 10.386231760501097 ], [ 123.98988991658031, 10.386232605695412 ], [ 123.989890770181134, 10.386503895776567 ], [ 123.989342724625629, 10.386505585508832 ], [ 123.989343577777575, 10.3867768756304 ], [ 123.988795531655583, 10.386778564472355 ], [ 123.988794678976049, 10.386507274305757 ], [ 123.988520656115909, 10.386508118353433 ], [ 123.988519803696093, 10.386236828159657 ], [ 123.987971758377896, 10.386238515508495 ], [ 123.987972610325386, 10.386509805747302 ], [ 123.987698587394902, 10.386510649093406 ], [ 123.987699439129585, 10.386781939350065 ], [ 123.987425415939413, 10.386782782484783 ], [ 123.987426267461373, 10.387054072759295 ], [ 123.986878220538145, 10.387055758372188 ], [ 123.986879922707573, 10.387598338997151 ], [ 123.987153946653422, 10.387597496262647 ], [ 123.987157352218674, 10.38868265736691 ], [ 123.987431377085912, 10.388681814308576 ], [ 123.987432228772107, 10.388953104550492 ], [ 123.987706253852238, 10.388952261235829 ], [ 123.987707105798222, 10.389223551450655 ], [ 123.988529181606367, 10.389221020035578 ], [ 123.988528328951617, 10.388949729888253 ], [ 123.988802353937785, 10.388948885637895 ], [ 123.988801501070228, 10.388677595508511 ], [ 123.989075525796693, 10.388676751046766 ], [ 123.989078085178562, 10.389490621353559 ], [ 123.98880405974333, 10.389491465882806 ], [ 123.988804912681317, 10.389762755998333 ], [ 123.988530886986382, 10.389763600316194 ], [ 123.988532592460274, 10.390306180578335 ], [ 123.987984540054768, 10.390307868602367 ], [ 123.987985392354332, 10.390579158771452 ], [ 123.987437339382268, 10.390580845904729 ], [ 123.987438191232769, 10.390852136114137 ], [ 123.987164164475217, 10.390852979352328 ], [ 123.987166719458457, 10.391666850020254 ], [ 123.98744074692496, 10.391666006714562 ], [ 123.987442450837165, 10.392208587091634 ], [ 123.987716478752901, 10.392207743506965 ], [ 123.987718183231593, 10.392750323820444 ], [ 123.987992211596477, 10.392749479956887 ], [ 123.987993064107428, 10.393020770084139 ], [ 123.98854112123955, 10.393019081609889 ], [ 123.988541974246729, 10.393290371687492 ], [ 123.989090031757655, 10.393288682232249 ], [ 123.989090885260978, 10.393559972260114 ], [ 123.988816856280934, 10.393560817127312 ], [ 123.988817709571435, 10.393832107173118 ], [ 123.989091738787906, 10.393831262283449 ], [ 123.989093445912133, 10.394373842315996 ], [ 123.989915534838758, 10.394371306107598 ], [ 123.989916389145336, 10.394642596049309 ], [ 123.990190418976866, 10.394641750155909 ], [ 123.990193837384112, 10.395726909785974 ], [ 123.990467868137756, 10.395726063568301 ], [ 123.990472142858607, 10.397082512888545 ], [ 123.990198110922705, 10.397083359219017 ], [ 123.990198965700998, 10.397354649091717 ], [ 123.989924933505137, 10.397355495210626 ], [ 123.989925788070522, 10.397626785101178 ], [ 123.9910219176586, 10.397623399130651 ], [ 123.99102277319345, 10.397894688926346 ], [ 123.991296805768116, 10.397893841825912 ], [ 123.991297661562939, 10.39816513159434 ], [ 123.991571694350512, 10.398164284237133 ], [ 123.991570838319177, 10.397892994491354 ], [ 123.992666968287736, 10.397889602811883 ], [ 123.992667825264988, 10.398160892467335 ], [ 123.992941857934611, 10.398160043939598 ], [ 123.992942715172006, 10.398431333567782 ], [ 123.993216748054522, 10.398430484783272 ], [ 123.993217605551877, 10.398701774384278 ], [ 123.993491638647299, 10.398700925342997 ], [ 123.993492496404812, 10.398972214916647 ], [ 123.993766529713113, 10.398971365618682 ], [ 123.993765671719174, 10.39870007606768 ], [ 123.995683902560188, 10.398694124584463 ], [ 123.995683042934402, 10.398422835187294 ], [ 123.995957075580577, 10.398421984061635 ], [ 123.995956215741884, 10.398150694682585 ], [ 123.996230248127915, 10.398149843345362 ], [ 123.9962293880765, 10.397878553984341 ], [ 123.996777452304542, 10.397876850653088 ], [ 123.996776591803808, 10.397605561332835 ], [ 123.997050623645833, 10.397604709338715 ], [ 123.997049762932377, 10.397333420036492 ], [ 123.997323794514244, 10.397332567830986 ], [ 123.997322933587981, 10.397061278546794 ], [ 123.997596964909704, 10.397060426129901 ], [ 123.997596103770718, 10.396789136863827 ], [ 123.998418196884217, 10.396786578276885 ], [ 123.99841905873258, 10.397057867474746 ], [ 123.998693089959446, 10.397057014121536 ], [ 123.998692227874557, 10.396785724946412 ], [ 123.999240289784098, 10.396784017583183 ], [ 123.999239427250146, 10.396512728448826 ], [ 123.999513457932821, 10.396511874438897 ], [ 123.999514320703298, 10.396783163550428 ], [ 124.000062382470389, 10.396781454782634 ], [ 124.000063245737437, 10.397052743843982 ], [ 124.000337276821753, 10.397051889086207 ], [ 124.000338140349044, 10.397323178120111 ], [ 124.000612171646083, 10.397322323105474 ], [ 124.000613899244939, 10.397864901113774 ], [ 124.000887930991126, 10.39786404581945 ], [ 124.000894844229819, 10.400034357484234 ], [ 124.000620810591727, 10.400035212960901 ], [ 124.000622538666207, 10.400577790876209 ], [ 124.000348504531189, 10.400578646164316 ], [ 124.000350232227746, 10.401121224106536 ], [ 124.000076197595874, 10.401122079205994 ], [ 124.000077924914336, 10.401664657175214 ], [ 123.999803889785611, 10.401665512086112 ], [ 123.999804753243993, 10.401936801086443 ], [ 123.999530717854853, 10.401937655785954 ], [ 123.999533307662773, 10.402751522827447 ], [ 123.999259271540097, 10.402752377360958 ], [ 123.999260134620371, 10.40302366638829 ], [ 123.998986098237452, 10.403024520710325 ], [ 123.998988686910721, 10.403838387832643 ], [ 123.997344463855768, 10.403843509255395 ], [ 123.997345325374624, 10.404114798423326 ], [ 123.99707128787918, 10.404115651196555 ], [ 123.997072149185129, 10.404386940382516 ], [ 123.996798111429356, 10.40438779294427 ], [ 123.996801555943549, 10.405472949732253 ], [ 123.99515732323205, 10.40547806072788 ], [ 123.995158182999859, 10.405749350049376 ], [ 123.99433606561476, 10.405751902452288 ], [ 123.994336924696185, 10.406023191837022 ], [ 123.994062885283867, 10.406024042192097 ], [ 123.994063744152314, 10.406295331594862 ], [ 123.994337783801242, 10.406294481217138 ], [ 123.994339502082397, 10.406837059963514 ], [ 123.994613542181099, 10.406836209306192 ], [ 123.994614401593822, 10.407107498649715 ], [ 123.994888441905601, 10.407106647735443 ], [ 123.994891020995695, 10.407920515670089 ], [ 123.994616979973728, 10.407921366652396 ], [ 123.99461869901198, 10.40846394529752 ], [ 123.994892740507339, 10.408463094269916 ], [ 123.994894460113571, 10.40900567285118 ], [ 123.995168502058718, 10.409004821543977 ], [ 123.995167642007033, 10.408733532278347 ], [ 123.996811891760728, 10.408728419649361 ], [ 123.996814476248105, 10.409542287023832 ], [ 123.997088518500988, 10.40954143403069 ], [ 123.997089380280968, 10.40981272312348 ], [ 123.99681533779129, 10.409813576139449 ], [ 123.996823092746197, 10.412255177969676 ], [ 123.997097137367064, 10.412254324749338 ], [ 123.997103171983426, 10.414153347975297 ], [ 123.996829125704778, 10.41415420135462 ], [ 123.996835159824471, 10.416053224511302 ], [ 123.997109207761341, 10.416052370973084 ], [ 123.997116107215419, 10.418222682690981 ], [ 123.996842057382992, 10.418223536410832 ], [ 123.996842919684426, 10.418494825377323 ], [ 123.997116969753819, 10.418493971634735 ], [ 123.997117832316007, 10.418765260573871 ], [ 123.997391882598663, 10.418764406573978 ], [ 123.997395334032191, 10.41984956219294 ], [ 123.997121282801515, 10.419850416283694 ], [ 123.997122145482194, 10.420121705199559 ], [ 123.996299990937132, 10.420124266132181 ], [ 123.996303439052426, 10.421209422021239 ], [ 123.99657749153927, 10.421208568520857 ], [ 123.996578353864408, 10.421479857458838 ], [ 123.996852406564585, 10.421479003701062 ], [ 123.996854994393203, 10.422292870418726 ], [ 123.996306887546808, 10.422294577835778 ], [ 123.996307749729667, 10.422565866777756 ], [ 123.994937481014105, 10.422570131327003 ], [ 123.994938342035226, 10.422841420377694 ], [ 123.994390233909229, 10.422843124599968 ], [ 123.994388512838924, 10.422300546403196 ], [ 123.993840405566644, 10.422302249596161 ], [ 123.993841265615828, 10.422573538742153 ], [ 123.993567211707202, 10.42257439000921 ], [ 123.993568071542953, 10.422845679173143 ], [ 123.992471854723945, 10.42284908198522 ], [ 123.992480444896614, 10.425561974273013 ], [ 123.992206388261707, 10.425562824615387 ], [ 123.992207247171635, 10.425834113841137 ], [ 123.991933190276058, 10.425834963971326 ], [ 123.991934048972453, 10.426106253215018 ], [ 123.991659991816107, 10.42610710313302 ], [ 123.991661708805239, 10.426649681651579 ], [ 123.992209824042888, 10.426647981490323 ], [ 123.992208965062176, 10.426376692278605 ], [ 123.992483022408507, 10.426375841868463 ], [ 123.992485600132753, 10.427189709421903 ], [ 123.992759658166975, 10.427188858709158 ], [ 123.992761377242175, 10.42773143700958 ], [ 123.993035435727151, 10.427730586016882 ], [ 123.993037155371212, 10.428273164253444 ], [ 123.993311214306942, 10.428272312980614 ], [ 123.993310354235902, 10.42800102388729 ], [ 123.993858471562191, 10.427999320682513 ], [ 123.993857611040397, 10.42772803162978 ], [ 123.994405727797712, 10.427726327531051 ], [ 123.994406588793879, 10.427997616538487 ], [ 123.995502822973663, 10.427994205432778 ], [ 123.995503684942292, 10.428265494344913 ], [ 123.9957777436653, 10.42826464095884 ], [ 123.99578119272536, 10.429349796469889 ], [ 123.996055252373495, 10.42934894275821 ], [ 123.996056114934973, 10.429620231601689 ], [ 123.996604234634745, 10.429618523428442 ], [ 123.996600782633209, 10.42853336820836 ], [ 123.996874841498681, 10.428532513860301 ], [ 123.996877431175861, 10.429346380214255 ], [ 123.997151490729308, 10.429345525563239 ], [ 123.997150627242604, 10.429074236806002 ], [ 123.997698745803902, 10.429072526844941 ], [ 123.997697017952802, 10.428529949407295 ], [ 123.99742295915847, 10.428530804459768 ], [ 123.997421231876686, 10.427988226957996 ], [ 123.997969348492788, 10.427986516709076 ], [ 123.997970212596243, 10.428257805416841 ], [ 123.998244271105904, 10.428256949917436 ], [ 123.998245135470214, 10.428528238597846 ], [ 123.997971076723402, 10.428529094119988 ], [ 123.997972805048889, 10.429071671512158 ], [ 123.999343100918026, 10.429067391325908 ], [ 123.99934396630249, 10.429338679901335 ], [ 123.999618025642334, 10.429337823136809 ], [ 123.999617160020634, 10.429066534584209 ], [ 124.000713396193134, 10.429063105268977 ], [ 124.000715129358127, 10.429605682187304 ], [ 124.000989188816277, 10.429604824225869 ], [ 124.00099005567175, 10.42987611265519 ], [ 124.001264115343332, 10.429875254436094 ], [ 124.001266716764192, 10.430689119627779 ], [ 124.00181483745942, 10.430687402348127 ], [ 124.0018157051218, 10.430958690690407 ], [ 124.002363826196287, 10.430956972425676 ], [ 124.002367298982435, 10.432042125565378 ], [ 124.002641360433032, 10.432041265989412 ], [ 124.00264222892649, 10.432312554239854 ], [ 124.00291629059052, 10.432311694406049 ], [ 124.002919765751841, 10.433396847269794 ], [ 124.003193828341352, 10.433395987109762 ], [ 124.003199043222764, 10.435023716128267 ], [ 124.00292497920924, 10.435024576425345 ], [ 124.002925848202196, 10.435295864601624 ], [ 124.003473976680183, 10.435294143726715 ], [ 124.0034731072124, 10.435022855596177 ], [ 124.003747171178233, 10.435021994829075 ], [ 124.003743692596458, 10.433936842351599 ], [ 124.004017755589018, 10.433935981441056 ], [ 124.004018625435975, 10.434207269544594 ], [ 124.004292688642053, 10.434206408376212 ], [ 124.004296169218151, 10.435291560651983 ], [ 124.004341846575073, 10.435291417085846 ], [ 124.004343064922452, 10.435671220359389 ], [ 124.00457145197403, 10.435670502404005 ], [ 124.004572844744729, 10.436104563246385 ], [ 124.004618522216404, 10.436104419629622 ], [ 124.00461887043447, 10.436212934836842 ], [ 124.00484725786184, 10.436212216647512 ], [ 124.004849521886811, 10.436917565426452 ], [ 124.004895199473154, 10.436917421759063 ], [ 124.004895547814854, 10.437025936951539 ], [ 124.005169613413969, 10.437025074801099 ], [ 124.005171355654625, 10.437567650706281 ], [ 124.005445421704749, 10.437566788274999 ], [ 124.005446293098373, 10.437838076197703 ], [ 124.007912888609141, 10.437830303534035 ], [ 124.007913762163525, 10.438101591245708 ], [ 124.00818782844911, 10.438100726418298 ], [ 124.008189576104812, 10.438643301781603 ], [ 124.008463642841235, 10.438642436673263 ], [ 124.008467139390149, 10.439727587252079 ], [ 124.008741207052495, 10.4397267218168 ], [ 124.008742081487057, 10.439998009426777 ], [ 124.008468013587304, 10.43999887488506 ], [ 124.008469762053565, 10.440541450137076 ], [ 124.008195693654756, 10.440542315406265 ], [ 124.008196567686355, 10.440813603048216 ], [ 124.00847063632267, 10.440812737756112 ], [ 124.008471510615749, 10.44108402537044 ], [ 124.009019648291357, 10.441082294035009 ], [ 124.009020523083507, 10.441353581598712 ], [ 124.009294592122799, 10.441352715555297 ], [ 124.009295467176329, 10.441624003091377 ], [ 124.009569536429225, 10.441623136789946 ], [ 124.009571287083517, 10.442165711801977 ], [ 124.009845356787423, 10.442164845219438 ], [ 124.009849735030969, 10.443521282552915 ], [ 124.009575664139305, 10.443522149250473 ], [ 124.009577415129669, 10.444064724197133 ], [ 124.00930334373885, 10.444065590705598 ], [ 124.009304219032458, 10.444336878194871 ], [ 124.009030147380074, 10.44433774449115 ], [ 124.009031022460078, 10.444609031998809 ], [ 124.008756950546115, 10.444609898082902 ], [ 124.008757825412516, 10.444881185608857 ], [ 124.008209681037386, 10.444882917117305 ], [ 124.008210555452592, 10.44515420468456 ], [ 124.007662410506441, 10.445155935298168 ], [ 124.007663284470368, 10.445427222906634 ], [ 124.006841066158529, 10.445429817132091 ], [ 124.006841939433585, 10.445701104804684 ], [ 124.006293793297374, 10.445702833158144 ], [ 124.006294666121136, 10.445974120871949 ], [ 124.005746519414004, 10.445975848330391 ], [ 124.00574826418277, 10.446518423835716 ], [ 124.005474190318012, 10.44651928725785 ], [ 124.005476806937651, 10.447333150549543 ], [ 124.004928657710579, 10.447334876825643 ], [ 124.004929529489573, 10.447606164625956 ], [ 124.003011004778656, 10.447612199342238 ], [ 124.003010134663299, 10.447340911381875 ], [ 124.002187910142297, 10.447343494091566 ], [ 124.00218877954471, 10.447614782120496 ], [ 124.001640629269502, 10.447616502796365 ], [ 124.001641498220366, 10.44788779086624 ], [ 124.001093347374493, 10.447889510646736 ], [ 124.001094215873906, 10.448160798757556 ], [ 124.001368291546456, 10.448159938962121 ], [ 124.001369160307263, 10.448431227045496 ], [ 124.001643236193601, 10.448430366992046 ], [ 124.001644105215959, 10.448701655047977 ], [ 124.002192257392593, 10.448699934189499 ], [ 124.002193126914207, 10.44897122219507 ], [ 124.003015355713472, 10.448968639074241 ], [ 124.003016225971919, 10.449239927006627 ], [ 124.003564378860943, 10.44923820370397 ], [ 124.003565249618731, 10.449509491585996 ], [ 124.003839326265165, 10.449508629558835 ], [ 124.003840197284518, 10.449779917413327 ], [ 124.00411427414474, 10.449779055127973 ], [ 124.0041149837419, 10.45 ], [ 124.005485382530253, 10.45 ] ], [ [ 124.007016746784927, 10.429043313793141 ], [ 124.007564863630265, 10.429041586924626 ], [ 124.007566608656617, 10.429584162699246 ], [ 124.007018490862436, 10.429585889659599 ], [ 124.007016746784927, 10.429043313793141 ] ], [ [ 123.992756220299839, 10.426103702052359 ], [ 123.993030277361768, 10.426102851195285 ], [ 123.993029417716784, 10.42583156204201 ], [ 123.993851588049495, 10.425829008130172 ], [ 123.993850727716705, 10.425557719040135 ], [ 123.99467289712527, 10.425555163083356 ], [ 123.994673758169483, 10.425826452105447 ], [ 123.99494781482889, 10.425825599627714 ], [ 123.994950398814808, 10.426639466598065 ], [ 123.9944022840494, 10.426641171454676 ], [ 123.994401423171453, 10.426369882423881 ], [ 123.993305194305734, 10.426373289229385 ], [ 123.993306054235106, 10.426644578350686 ], [ 123.992757939186205, 10.426646280390084 ], [ 123.992756220299839, 10.426103702052359 ] ], [ [ 123.995769984665102, 10.425823040786042 ], [ 123.996318097770853, 10.425821333717778 ], [ 123.996319822775959, 10.426363911475878 ], [ 123.995771708721648, 10.426365618634826 ], [ 123.995769984665102, 10.425823040786042 ] ], [ [ 123.999598122355849, 10.423098185246793 ], [ 123.999324068470585, 10.423099041487649 ], [ 123.999323203632599, 10.42282775280502 ], [ 123.999049149960669, 10.422828608788482 ], [ 123.999048285383452, 10.422557320078408 ], [ 123.999596392229407, 10.422555607922391 ], [ 123.999595527201805, 10.422284319253173 ], [ 124.000417686581315, 10.422281749327478 ], [ 124.000418552320085, 10.422553037928306 ], [ 124.000692605636132, 10.422552180794298 ], [ 124.000693471635671, 10.422823469367682 ], [ 124.000419418082657, 10.422824326524516 ], [ 124.000424613157335, 10.424452058003808 ], [ 123.999602448087799, 10.424454628476177 ], [ 123.999598122355849, 10.423098185246793 ] ], [ [ 123.99704804157642, 10.396790841418103 ], [ 123.996774010443801, 10.39679169334401 ], [ 123.99677487087348, 10.397062982678296 ], [ 123.995952776624009, 10.397065537119754 ], [ 123.995678745160177, 10.397066388132082 ], [ 123.995677885676315, 10.396795098707113 ], [ 123.995403854425291, 10.396795949462668 ], [ 123.995402995201488, 10.396524660010343 ], [ 123.995128964163271, 10.396525510509125 ], [ 123.99512295191434, 10.394626484054015 ], [ 123.995396981297702, 10.394625633713861 ], [ 123.995395263252362, 10.394083054730164 ], [ 123.996491378657907, 10.394079651210831 ], [ 123.99649223861428, 10.394350940614306 ], [ 123.996766267642812, 10.394350089126714 ], [ 123.996767127859343, 10.394621378502745 ], [ 123.997041157100597, 10.394620526758469 ], [ 123.99704804157642, 10.396790841418103 ] ], [ [ 123.994838621327446, 10.391371859435051 ], [ 123.993742514808474, 10.391375256432045 ], [ 123.993739085619282, 10.390290097679234 ], [ 123.994013111339257, 10.390289248871543 ], [ 123.994012253864639, 10.390017959194331 ], [ 123.99428627932474, 10.390017110175254 ], [ 123.994287137035528, 10.390288399829817 ], [ 123.994561162708251, 10.390287550554234 ], [ 123.994562020679012, 10.390558840181441 ], [ 123.994836046564473, 10.390557990649263 ], [ 123.994836904795108, 10.390829280249203 ], [ 123.99511093089319, 10.390828430460342 ], [ 123.995111789383799, 10.391099720032926 ], [ 123.995385815694505, 10.391098869987559 ], [ 123.995387533219386, 10.391641449073486 ], [ 123.99483947962915, 10.391643149021046 ], [ 123.994838621327446, 10.391371859435051 ] ] ], [ [ [ 123.985389547078526, 10.35 ], [ 123.984715642999589, 10.35035372200025 ], [ 123.984533005999666, 10.350020297000285 ], [ 123.984473105999683, 10.350030360000318 ], [ 123.982954848999569, 10.35085824800025 ], [ 123.982754681999609, 10.35051188700028 ], [ 123.983656696892481, 10.35 ], [ 123.983404283057581, 10.35 ], [ 123.982742550999674, 10.350383047000278 ], [ 123.982622926999639, 10.350401972000245 ], [ 123.982592247999591, 10.350463773000296 ], [ 123.98254257599956, 10.350501142000279 ], [ 123.982171492999584, 10.350739731000214 ], [ 123.981743431999604, 10.350972572000295 ], [ 123.981669797999643, 10.350908438000229 ], [ 123.981511061999655, 10.350722907000243 ], [ 123.981344465999641, 10.350631686000245 ], [ 123.981295744999514, 10.350538920000297 ], [ 123.981358612999657, 10.350400341000288 ], [ 123.981418337999528, 10.350207081000285 ], [ 123.98142934099964, 10.350094217000272 ], [ 123.981417017999689, 10.350015404000235 ], [ 123.98142250642185, 10.35 ], [ 123.981278428793019, 10.35 ], [ 123.981249183999566, 10.35009789100031 ], [ 123.981163658999691, 10.350107275000287 ], [ 123.981065529999569, 10.350141853000217 ], [ 123.980892704999647, 10.35013176500027 ], [ 123.980646647999635, 10.350177868000266 ], [ 123.980479680999579, 10.350189393000242 ], [ 123.980443064999577, 10.350174984000294 ], [ 123.980363976999598, 10.350087095000305 ], [ 123.980242412999587, 10.350056837000288 ], [ 123.980210190999671, 10.350015054000295 ], [ 123.98020578750004, 10.35 ], [ 123.980039098900988, 10.35 ], [ 123.980181168999579, 10.350354441000221 ], [ 123.980137229999585, 10.350380375000235 ], [ 123.980001019999591, 10.350403426000277 ], [ 123.979955615999657, 10.35046393800031 ], [ 123.979898495999549, 10.350422155000228 ], [ 123.979722927720772, 10.35 ], [ 123.979568044149218, 10.35 ], [ 123.979687496999674, 10.350281932000261 ], [ 123.979447298999602, 10.350332356000258 ], [ 123.979307584263651, 10.35 ], [ 123.978965826855472, 10.35 ], [ 123.97930802499954, 10.350755635000287 ], [ 123.979139591999555, 10.350820468000233 ], [ 123.979104442999656, 10.350686474000248 ], [ 123.9791059089996, 10.350594264000257 ], [ 123.978950661999633, 10.3504026360003 ], [ 123.97892723099956, 10.350239827000241 ], [ 123.978878899999557, 10.350154820000313 ], [ 123.978865719999632, 10.350085662000275 ], [ 123.978802741999658, 10.350035233000277 ], [ 123.978789506167587, 10.35 ], [ 123.978785624775057, 10.35 ], [ 123.978830566999562, 10.350179312000208 ], [ 123.978915511999574, 10.350353649000244 ], [ 123.9789330859996, 10.350437215000319 ], [ 123.978808593999602, 10.350393989000295 ], [ 123.978635187532007, 10.35 ], [ 123.978572108279209, 10.35 ], [ 123.978701677999638, 10.350356570000219 ], [ 123.978643091999587, 10.350389707000296 ], [ 123.978698744999662, 10.350548195000265 ], [ 123.978527382999616, 10.350598619000262 ], [ 123.978264378959295, 10.35 ], [ 123.977928687890696, 10.35 ], [ 123.978167067999635, 10.350579298000262 ], [ 123.977904898999526, 10.350687352000232 ], [ 123.97761737736343, 10.35 ], [ 123.975519547971444, 10.35 ], [ 123.97590915799961, 10.350927598000304 ], [ 123.975818481999568, 10.351050670000273 ], [ 123.975751981999565, 10.351103917000238 ], [ 123.975744248999632, 10.351176941000329 ], [ 123.975711771999613, 10.351184548000248 ], [ 123.975653004999543, 10.351138907000291 ], [ 123.97561588899967, 10.351132821000231 ], [ 123.975603515999623, 10.351154120000306 ], [ 123.975609701999602, 10.351210410000256 ], [ 123.975557119999607, 10.351224101000323 ], [ 123.975547840999639, 10.351272784000265 ], [ 123.975526188999623, 10.351297125000237 ], [ 123.975495258999558, 10.351271262000317 ], [ 123.975492166999743, 10.351213451000241 ], [ 123.975467422999557, 10.351175417000292 ], [ 123.975427213999609, 10.351161725000313 ], [ 123.975407108999633, 10.351190630000307 ], [ 123.975407107999544, 10.351278868000325 ], [ 123.975332875999612, 10.351251483000279 ], [ 123.975298851999554, 10.351271260000228 ], [ 123.975286478999593, 10.351327550000267 ], [ 123.975185955999535, 10.351347326000305 ], [ 123.975077697999637, 10.351426435000278 ], [ 123.97503594199965, 10.351426435000278 ], [ 123.974975628999545, 10.351383836000217 ], [ 123.974930778999564, 10.351411220000262 ], [ 123.974862731999536, 10.35141882600027 ], [ 123.974748232999559, 10.35154096000025 ], [ 123.974725035999683, 10.351533353000242 ], [ 123.974574354999746, 10.351184676000258 ], [ 123.97485378099968, 10.350556031000291 ], [ 123.974819705999607, 10.350544538000317 ], [ 123.974556829999628, 10.351155573000248 ], [ 123.974417611999556, 10.350851967000263 ], [ 123.974499394999583, 10.350723631000303 ], [ 123.974578253999624, 10.350765773000237 ], [ 123.974641537999531, 10.350745661000261 ], [ 123.974640564999618, 10.350701605000257 ], [ 123.974564625999648, 10.35061444900024 ], [ 123.974664907999596, 10.350437269000235 ], [ 123.974720401999662, 10.350413326000208 ], [ 123.974729165999676, 10.350320425000248 ], [ 123.974917250300138, 10.35 ], [ 123.974807966031292, 10.35 ], [ 123.974624415999614, 10.350313491000296 ], [ 123.97447156499959, 10.350215799000296 ], [ 123.974596589644449, 10.35 ], [ 123.974187581200823, 10.35 ], [ 123.973844752999767, 10.350579970000318 ], [ 123.97366172099963, 10.350461207000262 ], [ 123.973889544999565, 10.350115465000254 ], [ 123.973955478026667, 10.35 ], [ 123.973835247218545, 10.35 ], [ 123.97374636699962, 10.350162169000299 ], [ 123.973575990999649, 10.350062561000318 ], [ 123.973610698135005, 10.35 ], [ 123.972995663068005, 10.35 ], [ 123.972905419999591, 10.3507364720003 ], [ 123.972714610999518, 10.350722250000278 ], [ 123.97270367399959, 10.350668449000267 ], [ 123.972724335999615, 10.350597911000204 ], [ 123.972797724881985, 10.35 ], [ 123.971940375563904, 10.35 ], [ 123.971885589684987, 10.350214515681245 ], [ 123.972012815674105, 10.35021413170919 ], [ 123.97201365089019, 10.350485423855183 ], [ 123.972561636674229, 10.350483769399588 ], [ 123.972563308117202, 10.351026353589166 ], [ 123.97365928129075, 10.351023041704355 ], [ 123.973660117988317, 10.351294333703621 ], [ 123.973934111459243, 10.351293505127657 ], [ 123.973934948415348, 10.351564797100011 ], [ 123.975852903711441, 10.351558990387478 ], [ 123.975852065107773, 10.351287698570555 ], [ 123.976400051656, 10.35128603745682 ], [ 123.976399212604861, 10.351014745679688 ], [ 123.977221191547102, 10.351012252328029 ], [ 123.977222031304336, 10.351283544038459 ], [ 123.977496024474092, 10.351282712432919 ], [ 123.977496864489879, 10.351554004116437 ], [ 123.977770857871732, 10.351553172255546 ], [ 123.977772538443773, 10.35209575556414 ], [ 123.97859451986217, 10.352093258449624 ], [ 123.978593678858374, 10.351821966864428 ], [ 123.980237639655101, 10.351816966476413 ], [ 123.980241009459007, 10.352902132254005 ], [ 123.980515003785257, 10.352901297950979 ], [ 123.980514161063994, 10.352630006535868 ], [ 123.981336143196657, 10.352627502295409 ], [ 123.981335299792462, 10.352356210942737 ], [ 123.981609293554726, 10.352355375752065 ], [ 123.981608449938435, 10.352084084417069 ], [ 123.982704423812663, 10.352080741413417 ], [ 123.982705268370424, 10.352352032658974 ], [ 123.982979262015974, 10.352351196303012 ], [ 123.982980106832542, 10.352622487521479 ], [ 123.983254100690104, 10.352621650910077 ], [ 123.983260016707476, 10.354520689153446 ], [ 123.983808007648449, 10.354519014917763 ], [ 123.983808853358084, 10.354790306032047 ], [ 123.98517883147872, 10.354786116251347 ], [ 123.9851779845918, 10.354514825249151 ], [ 123.985451979910323, 10.354513986616077 ], [ 123.985451132811491, 10.354242695631733 ], [ 123.985466029814418, 10.354242650030077 ], [ 123.985348998999598, 10.354179499000249 ], [ 123.985211663999607, 10.354065902000265 ], [ 123.985203858999668, 10.354022918000261 ], [ 123.985231945999686, 10.353946158000305 ], [ 123.985222580999533, 10.353909315000276 ], [ 123.985177322999604, 10.353878613000312 ], [ 123.985010339999548, 10.353863268000286 ], [ 123.984966644999673, 10.353884763000288 ], [ 123.984961966999634, 10.35396459200032 ], [ 123.984913589999536, 10.35400143800026 ], [ 123.984681063999574, 10.354012193000262 ], [ 123.984651412999611, 10.353995307000286 ], [ 123.984642045999635, 10.353924690000305 ], [ 123.98458430699965, 10.353975353000322 ], [ 123.98454373199958, 10.353983030000247 ], [ 123.98453280499966, 10.353913948000304 ], [ 123.984459454999623, 10.353854078000236 ], [ 123.984480640999692, 10.353746863000246 ], [ 123.984383883999584, 10.353711558000256 ], [ 123.984351109999537, 10.353663969000227 ], [ 123.984357350999616, 10.353620984000223 ], [ 123.984404166999667, 10.353585673000321 ], [ 123.984399483999638, 10.353554970000268 ], [ 123.984362028999641, 10.353531944000316 ], [ 123.984260590999597, 10.35351659600029 ], [ 123.984199726999535, 10.353482825000338 ], [ 123.98417873799967, 10.353420496000332 ], [ 123.986631840999607, 10.351649055000312 ], [ 123.986614044999556, 10.351622798000271 ], [ 123.984718898999603, 10.352990418000275 ], [ 123.984239903999665, 10.352204290000245 ], [ 123.984455801999587, 10.352096911000242 ], [ 123.984605065999588, 10.351961972000268 ], [ 123.98473235099955, 10.351903886000258 ], [ 123.984834549999576, 10.351803343000288 ], [ 123.985083325999639, 10.351689566000289 ], [ 123.985368408999605, 10.351520226000311 ], [ 123.985642732999651, 10.351342949000298 ], [ 123.985672316999612, 10.351309876000315 ], [ 123.985670970999678, 10.351287387000319 ], [ 123.985656177999616, 10.351282096000237 ], [ 123.985484051999578, 10.351376028000281 ], [ 123.985318650999574, 10.351484511000287 ], [ 123.984763274999622, 10.351741171000295 ], [ 123.984446643999632, 10.35193027300031 ], [ 123.984150800999572, 10.35207447800034 ], [ 123.983990762999568, 10.351787420000303 ], [ 123.984243823999549, 10.351609222000302 ], [ 123.984576923999569, 10.351451116000277 ], [ 123.984950925999527, 10.351208212000341 ], [ 123.985453494999632, 10.35092362400033 ], [ 123.98548709499957, 10.350869008000341 ], [ 123.985485630999619, 10.350784213000253 ], [ 123.985460791999515, 10.350733911000265 ], [ 123.985393583999553, 10.350685049000308 ], [ 123.985330761999691, 10.350683615000278 ], [ 123.985218267999613, 10.350739671000298 ], [ 123.985092623999705, 10.350775606000251 ], [ 123.984936302999557, 10.350871906000314 ], [ 123.984880785999579, 10.35088628000026 ], [ 123.984804812999599, 10.350850353000308 ], [ 123.984717152999536, 10.350837422000303 ], [ 123.984652867999557, 10.350792871000259 ], [ 123.984595886999628, 10.350715264000232 ], [ 123.984598803999603, 10.350608910000314 ], [ 123.98570882411029, 10.35 ], [ 123.985389547078526, 10.35 ] ], [ [ 123.980509947806866, 10.351273549390861 ], [ 123.980235954892905, 10.351274383559861 ], [ 123.980234270223789, 10.350731800624835 ], [ 123.980508262667016, 10.350730966500421 ], [ 123.980507420132085, 10.350459675048274 ], [ 123.981055404477985, 10.350458006145125 ], [ 123.981058776640452, 10.351543171747213 ], [ 123.980510790411699, 10.351544840829153 ], [ 123.980509947806866, 10.351273549390861 ] ] ], [ [ [ 123.971398280346804, 10.35 ], [ 123.971356027999647, 10.350015019000292 ], [ 123.971305221999614, 10.350005023000264 ], [ 123.971298259345375, 10.35 ], [ 123.970503770474281, 10.35 ], [ 123.970687209999639, 10.350044646000256 ], [ 123.970649103999591, 10.35023456600025 ], [ 123.969819700999537, 10.35006962600028 ], [ 123.969681253999624, 10.350138345000282 ], [ 123.969585991999651, 10.350148340000221 ], [ 123.969480234999693, 10.350305972000296 ], [ 123.969437129999591, 10.350407648000271 ], [ 123.969471959999623, 10.350634096000267 ], [ 123.969448313999536, 10.350715866000282 ], [ 123.969429638999586, 10.350952104000289 ], [ 123.969386076999626, 10.351205478000292 ], [ 123.969335054999675, 10.351343792000279 ], [ 123.969341266999649, 10.351540615000221 ], [ 123.96931637999954, 10.351574887000215 ], [ 123.969325086999561, 10.351627521000307 ], [ 123.969292732999634, 10.351676481000272 ], [ 123.969325080999639, 10.351757269000295 ], [ 123.969311385999575, 10.351922513000289 ], [ 123.969338755999615, 10.352027781000295 ], [ 123.969377324999698, 10.352103674000269 ], [ 123.969364875999645, 10.352233421000257 ], [ 123.96944200499955, 10.352611925000311 ], [ 123.969507943999588, 10.352791861000277 ], [ 123.969576374999647, 10.35289101100031 ], [ 123.969736883999616, 10.35300730200025 ], [ 123.969855739999588, 10.353023235000236 ], [ 123.969661131999558, 10.353137178000249 ], [ 123.969898210999631, 10.353688183000276 ], [ 123.970522249999576, 10.355259435000253 ], [ 123.971390772999584, 10.354724345000211 ], [ 123.971410004999584, 10.354778196000225 ], [ 123.971470237999583, 10.354773674000295 ], [ 123.971504248999651, 10.354715964000228 ], [ 123.971533603999674, 10.354696231000283 ], [ 123.971576817999519, 10.354741833000237 ], [ 123.971603078999564, 10.354731214000246 ], [ 123.971626230999618, 10.354752496000319 ], [ 123.971626181999525, 10.354834534000268 ], [ 123.971586019999577, 10.354848183000243 ], [ 123.971601444999607, 10.354878576000271 ], [ 123.971655508999547, 10.354860378000275 ], [ 123.97170337599961, 10.354874079000254 ], [ 123.971757433999642, 10.354864995000302 ], [ 123.971876394999626, 10.354790624000277 ], [ 123.971873334999628, 10.354743526000288 ], [ 123.97183474899964, 10.354705523000252 ], [ 123.971854844999612, 10.354673632000278 ], [ 123.972078703999571, 10.354796819000256 ], [ 123.972101816575076, 10.354825871692952 ], [ 123.972301014158305, 10.354825270096313 ], [ 123.972300178337292, 10.354553978046511 ], [ 123.97257417474863, 10.354553150370005 ], [ 123.972571666717954, 10.353739274259233 ], [ 123.972297671012896, 10.353740101869302 ], [ 123.972298506764631, 10.354011393932961 ], [ 123.97202451080102, 10.354012221332088 ], [ 123.972025346340388, 10.354283513413332 ], [ 123.97175135011824, 10.354284340601428 ], [ 123.97175218544524, 10.354555632700169 ], [ 123.971204192460917, 10.354557286421329 ], [ 123.971203357604821, 10.354285994278356 ], [ 123.970929361313395, 10.354286820767101 ], [ 123.970928526715753, 10.354015528597394 ], [ 123.970654530636864, 10.354016354830964 ], [ 123.970652861981605, 10.353473770433464 ], [ 123.970378866350444, 10.353474596389656 ], [ 123.970377198258205, 10.35293201192945 ], [ 123.970103203074771, 10.352932837608353 ], [ 123.970102369298701, 10.352661545349207 ], [ 123.969828374327633, 10.352662370773025 ], [ 123.969826707315235, 10.352119786196646 ], [ 123.969552712791909, 10.352120611343175 ], [ 123.969548546841125, 10.350764149710823 ], [ 123.969822540187621, 10.350763324674695 ], [ 123.969821706831127, 10.350492032356396 ], [ 123.970917679045172, 10.350488729970031 ], [ 123.970916844770386, 10.350217437735576 ], [ 123.971656349405436, 10.35021520740872 ], [ 123.971702379627587, 10.35 ], [ 123.971398280346804, 10.35 ] ] ], [ [ [ 123.965043542528221, 10.35 ], [ 123.96504453747707, 10.350325519916826 ], [ 123.963948563920454, 10.350328802266329 ], [ 123.963947735646556, 10.350057509468414 ], [ 123.96285176266494, 10.350060788001681 ], [ 123.962851577291474, 10.35 ], [ 123.956001677414633, 10.35 ], [ 123.95600192325611, 10.350081194364591 ], [ 123.956549910932495, 10.350079567215065 ], [ 123.956550732852179, 10.350350860603442 ], [ 123.957098720908363, 10.350349232478251 ], [ 123.957646708873497, 10.350347603420918 ], [ 123.957645886012429, 10.350076310119761 ], [ 123.958193873415979, 10.350074680173893 ], [ 123.958194696747782, 10.350345973431441 ], [ 123.958742684530932, 10.35034434250991 ], [ 123.958743508356108, 10.35061563571923 ], [ 123.959017502448944, 10.350614819887028 ], [ 123.959018326532245, 10.35088611306988 ], [ 123.959292320837619, 10.35088529698286 ], [ 123.95929396954341, 10.351427883290921 ], [ 123.958745979968455, 10.3514295153193 ], [ 123.958746803884765, 10.351700808510056 ], [ 123.958198813747941, 10.351702439649902 ], [ 123.958200460707403, 10.352245026104868 ], [ 123.958474456257917, 10.352244210607864 ], [ 123.95847857523178, 10.353600676555253 ], [ 123.958204578504251, 10.353601492161413 ], [ 123.958209520611518, 10.355229251276555 ], [ 123.957387526054205, 10.355231697088996 ], [ 123.957388349112094, 10.355502990324073 ], [ 123.956840352155922, 10.355504619743694 ], [ 123.956841997397817, 10.356047206287212 ], [ 123.95656799841467, 10.356048020690778 ], [ 123.95656882083432, 10.356319313977369 ], [ 123.956294821592977, 10.356320128169639 ], [ 123.95629564379982, 10.356591421473372 ], [ 123.956021644300279, 10.356592235454254 ], [ 123.956022466294314, 10.356863528775218 ], [ 123.955748466536491, 10.356864342544625 ], [ 123.955749288317804, 10.357135635882731 ], [ 123.954105287881575, 10.35714051373321 ], [ 123.954104467513361, 10.356869220264631 ], [ 123.953556467657634, 10.356870844305888 ], [ 123.953555647783077, 10.356599550789259 ], [ 123.953007648307675, 10.356601173854408 ], [ 123.95300682892676, 10.356329880289728 ], [ 123.952184830250431, 10.356332313073569 ], [ 123.952186467621914, 10.356874900328339 ], [ 123.951912467546833, 10.356875710833336 ], [ 123.951914104537821, 10.357418298113064 ], [ 123.951640103969098, 10.357419108428168 ], [ 123.951641740579419, 10.357961695732676 ], [ 123.951367739517138, 10.357962505857977 ], [ 123.951371830260783, 10.359318974146692 ], [ 123.951919834718339, 10.35931735344623 ], [ 123.951919016053282, 10.359046059841049 ], [ 123.952193018012537, 10.35904524916268 ], [ 123.952193836913139, 10.3593165427461 ], [ 123.953563847547855, 10.359312485747097 ], [ 123.953564667648905, 10.359583779217363 ], [ 123.953838669943451, 10.359582967096149 ], [ 123.95384605399282, 10.362024607925225 ], [ 123.954668067101693, 10.362022169575347 ], [ 123.954668888371856, 10.362293462912476 ], [ 123.955490901983424, 10.362291022397574 ], [ 123.955491723983144, 10.362562315664803 ], [ 123.955765728710674, 10.362561501671486 ], [ 123.955766550968661, 10.362832794912336 ], [ 123.956588565721731, 10.362830351467156 ], [ 123.95658938870946, 10.363101644638018 ], [ 123.956863393817301, 10.363100829667882 ], [ 123.956864217063398, 10.363372122812365 ], [ 123.957686232957599, 10.363369676436641 ], [ 123.957687056933409, 10.363640969511046 ], [ 123.957961062421674, 10.363640153564003 ], [ 123.957961886655866, 10.36391144661194 ], [ 123.95823589235701, 10.363910630409723 ], [ 123.95823836590327, 10.364724509460366 ], [ 123.957964359495122, 10.364725325728042 ], [ 123.957965183820363, 10.364996618757505 ], [ 123.957691177153663, 10.364997434813617 ], [ 123.957692001265997, 10.365268727860222 ], [ 123.957966008168327, 10.36526791178235 ], [ 123.957966832539114, 10.365539204802488 ], [ 123.958240839654422, 10.365538388469353 ], [ 123.958240015047906, 10.365267095470976 ], [ 123.95878802873878, 10.365265462148255 ], [ 123.958787203683642, 10.364994169188957 ], [ 123.959335216812036, 10.364992534976459 ], [ 123.959332740369248, 10.364178656201684 ], [ 123.959058734523509, 10.364179473359137 ], [ 123.959055433861536, 10.363094301507203 ], [ 123.95878142893568, 10.363095118343935 ], [ 123.95877812958075, 10.36200994633062 ], [ 123.958504125574692, 10.362010762846719 ], [ 123.958501652004543, 10.361196883722624 ], [ 123.958775655303796, 10.361196067271983 ], [ 123.958774830590343, 10.36092477424323 ], [ 123.959322836649278, 10.360923140685941 ], [ 123.959322011487373, 10.360651847696179 ], [ 123.960144019698035, 10.360649395676347 ], [ 123.960143193852147, 10.360378102747603 ], [ 123.960691198740733, 10.360376466945088 ], [ 123.960690536007306, 10.360158875726267 ], [ 123.960619689999575, 10.360180051000246 ], [ 123.960582881999557, 10.360160737000246 ], [ 123.960592701999744, 10.360093147000249 ], [ 123.960536265999693, 10.360018312000275 ], [ 123.960528908999706, 10.359936237000323 ], [ 123.96055099899958, 10.359873476000281 ], [ 123.96074732799957, 10.359673130000225 ], [ 123.960759601999698, 10.359600712000272 ], [ 123.960744879999638, 10.359571744000274 ], [ 123.960681077999681, 10.359554843000296 ], [ 123.960627090999751, 10.359559667000251 ], [ 123.960602544999588, 10.359658638000269 ], [ 123.960560825999778, 10.359692430000312 ], [ 123.960526470999596, 10.359682772000223 ], [ 123.960467578999612, 10.359632076000292 ], [ 123.960258993999673, 10.359598268000337 ], [ 123.96015938399951, 10.359641482000271 ], [ 123.960122571999662, 10.359689759000268 ], [ 123.960012139999677, 10.359757342000265 ], [ 123.959938520999614, 10.359759752000286 ], [ 123.959857542999671, 10.359725951000243 ], [ 123.959842822999605, 10.35967284400029 ], [ 123.959884544999682, 10.359600428000249 ], [ 123.959997431999696, 10.359511119000231 ], [ 123.960009702999741, 10.359482153000233 ], [ 123.959999888999718, 10.359465254000256 ], [ 123.959926270999759, 10.359453180000322 ], [ 123.959830565999653, 10.359474900000254 ], [ 123.959702956999763, 10.359537654000295 ], [ 123.959494371999725, 10.359527985000295 ], [ 123.95942321299961, 10.35944349300032 ], [ 123.959349596999658, 10.359409693000277 ], [ 123.959329967999622, 10.359380725000278 ], [ 123.959334880999592, 10.359296237000216 ], [ 123.959420778999686, 10.359146578000267 ], [ 123.959717707999644, 10.359103146000315 ], [ 123.959798690999691, 10.359062114000295 ], [ 123.959884579999681, 10.359045222000319 ], [ 123.959977824999669, 10.359122473000316 ], [ 123.960004818999693, 10.359110405000205 ], [ 123.960036725999657, 10.359016264000232 ], [ 123.960147154999646, 10.358987303000234 ], [ 123.960208501999759, 10.359013860000299 ], [ 123.960220767999616, 10.359083865000319 ], [ 123.960284566999647, 10.35913456200025 ], [ 123.96028456399965, 10.359190082000314 ], [ 123.960269838999594, 10.359204565000269 ], [ 123.960203585999707, 10.359153868000249 ], [ 123.96016186899962, 10.359149038000293 ], [ 123.960144689999623, 10.359163521000248 ], [ 123.960134871999699, 10.359199729000313 ], [ 123.960213394999712, 10.359257668000311 ], [ 123.960522592999723, 10.359243203000268 ], [ 123.960556949999713, 10.359223894000269 ], [ 123.96057167799961, 10.359156304000273 ], [ 123.960658903999629, 10.359117308000332 ], [ 123.960653992999667, 10.359172829000308 ], [ 123.960683434999709, 10.359262147000237 ], [ 123.960720241999724, 10.35929594400028 ], [ 123.960793860999601, 10.359291120000236 ], [ 123.960872388999618, 10.359250088000305 ], [ 123.961022081999658, 10.35922354300024 ], [ 123.961166861999644, 10.359254933000262 ], [ 123.961274837999525, 10.359223558000242 ], [ 123.961365635999755, 10.359170456000289 ], [ 123.961473611999708, 10.359131839000291 ], [ 123.961554595999658, 10.359061839000272 ], [ 123.961652755999708, 10.359028050000319 ], [ 123.961721469999617, 10.358962877000256 ], [ 123.961795089999669, 10.358929086000302 ], [ 123.961858897999619, 10.358832532000307 ], [ 123.961954603999715, 10.35880598400033 ], [ 123.961969329999604, 10.35876494800031 ], [ 123.961937429999537, 10.358731151000267 ], [ 123.961905528999651, 10.358731149000267 ], [ 123.961839269999587, 10.358772183000287 ], [ 123.961807369999704, 10.358748041000332 ], [ 123.96182945799967, 10.358702178000268 ], [ 123.961905530999744, 10.358694940000202 ], [ 123.96192025599963, 10.358665974000292 ], [ 123.961910441999706, 10.358649075000315 ], [ 123.961873632999769, 10.358634590000271 ], [ 123.96174848199972, 10.358641825000248 ], [ 123.961370563999623, 10.358834919000326 ], [ 123.961242952999541, 10.358936297000277 ], [ 123.961122710999632, 10.358933876000254 ], [ 123.960909224999554, 10.358808339000259 ], [ 123.960791444999671, 10.358673151000264 ], [ 123.960786538999614, 10.358639355000221 ], [ 123.960801262999681, 10.358622459000244 ], [ 123.960894513999676, 10.35860798000029 ], [ 123.96085770899964, 10.358535560000249 ], [ 123.960862620999691, 10.358472798000296 ], [ 123.960801272999589, 10.358460724000274 ], [ 123.960671211999582, 10.358499340000272 ], [ 123.960622132999518, 10.358499337000271 ], [ 123.960555877999539, 10.35847760700025 ], [ 123.960528885999622, 10.358451052000273 ], [ 123.960553429999777, 10.358381049000254 ], [ 123.960619688999671, 10.358330360000235 ], [ 123.960816006999664, 10.358289335000304 ], [ 123.960894535999671, 10.358236233000262 ], [ 123.960899446999633, 10.358199838000271 ], [ 123.960877363999757, 10.358151557000273 ], [ 123.960781661999576, 10.358122584000274 ], [ 123.96073749399973, 10.35807913100032 ], [ 123.960732587999686, 10.358050163000232 ], [ 123.960781844999588, 10.357987316000273 ], [ 123.960779007999705, 10.357958036000337 ], [ 123.960689704999695, 10.357845106000319 ], [ 123.960601823999696, 10.357796312000279 ], [ 123.960538035999747, 10.35772381400032 ], [ 123.960601312999742, 10.357637366000272 ], [ 123.960648083999615, 10.357615055000291 ], [ 123.960748717999778, 10.357630385000316 ], [ 123.960806832999694, 10.35766942000026 ], [ 123.96093439699969, 10.357684749000285 ], [ 123.96097267299956, 10.357778162000287 ], [ 123.960923064999719, 10.357782348000278 ], [ 123.960910312999729, 10.357840909000327 ], [ 123.960930158999687, 10.35787576400028 ], [ 123.960965593999688, 10.357889704000279 ], [ 123.961033634999637, 10.357992875000289 ], [ 123.961071904999699, 10.358006815000287 ], [ 123.961104500999639, 10.357962197000326 ], [ 123.96112859799959, 10.357987292000271 ], [ 123.961124349999679, 10.358031909000232 ], [ 123.96113758899962, 10.358051029000215 ], [ 123.96121412699965, 10.358055207000294 ], [ 123.961320434999564, 10.358124913000289 ], [ 123.961374294999672, 10.358126303000315 ], [ 123.961426743999567, 10.358202985000265 ], [ 123.96170596999967, 10.358267101000241 ], [ 123.961907235999618, 10.358251749000214 ], [ 123.96198944399967, 10.358264292000275 ], [ 123.962080152999633, 10.358229428000321 ], [ 123.96215102299972, 10.358240577000267 ], [ 123.962192983999643, 10.358187054000279 ], [ 123.962261015999673, 10.358163346000271 ], [ 123.962377231999696, 10.358053190000216 ], [ 123.962511875999553, 10.357975101000239 ], [ 123.962557225999575, 10.357908172000297 ], [ 123.962568559999539, 10.357842641000293 ], [ 123.96254729699956, 10.357810574000304 ], [ 123.962346026999597, 10.357763184000202 ], [ 123.962309172999753, 10.357729724000276 ], [ 123.962329010999611, 10.357661404000307 ], [ 123.962360189999615, 10.357612602000266 ], [ 123.962395621999619, 10.357588897000259 ], [ 123.962380027999743, 10.357554041000306 ], [ 123.962388530999746, 10.35753870300028 ], [ 123.962440974999552, 10.357551248000252 ], [ 123.962472158999731, 10.357584708000267 ], [ 123.962418302999623, 10.357636300000273 ], [ 123.962462242999621, 10.357651634000298 ], [ 123.962507595999639, 10.357613985000292 ], [ 123.962567123999591, 10.357604221000283 ], [ 123.962598302999595, 10.357556813000269 ], [ 123.962673422999686, 10.357548442000287 ], [ 123.962711687999658, 10.357502428000299 ], [ 123.962796727999674, 10.357471748000247 ], [ 123.962850582999693, 10.357406213000242 ], [ 123.962929955999684, 10.357408995000295 ], [ 123.962985228999727, 10.357353220000299 ], [ 123.963043339999558, 10.357336484000246 ], [ 123.96307168499969, 10.357304414000257 ], [ 123.963077348999619, 10.357230517000271 ], [ 123.962980959999726, 10.357138502000296 ], [ 123.96273007899967, 10.357046499000234 ], [ 123.962713067999687, 10.357017234000299 ], [ 123.962721568999669, 10.356982377000257 ], [ 123.962739992999602, 10.356961461000214 ], [ 123.962803773999553, 10.356954485000259 ], [ 123.962809440999749, 10.356923811000296 ], [ 123.962792431999674, 10.356907081000244 ], [ 123.962717311999683, 10.356921029000244 ], [ 123.962679039999614, 10.356872232000292 ], [ 123.9625727359997, 10.356848538000285 ], [ 123.962337441999594, 10.356700763000315 ], [ 123.962224054999723, 10.356730051000252 ], [ 123.962170194999615, 10.35672168900027 ], [ 123.96209365199968, 10.356653375000302 ], [ 123.962022783999586, 10.356654775000241 ], [ 123.961978840999592, 10.356596218000281 ], [ 123.961907972999683, 10.356601801000298 ], [ 123.961872534999685, 10.356548821000267 ], [ 123.961678355999695, 10.356547440000242 ], [ 123.961584625999663, 10.356598680000307 ], [ 123.961510919999597, 10.35655685700031 ], [ 123.961492494999675, 10.356565224000292 ], [ 123.961413134999589, 10.35673254200028 ], [ 123.961389040999649, 10.356742304000289 ], [ 123.961352187999609, 10.356724181000299 ], [ 123.961328094999658, 10.356743702000315 ], [ 123.961318178999548, 10.3568315420003 ], [ 123.961292670999569, 10.35688592100027 ], [ 123.961326689999638, 10.35691241000033 ], [ 123.961325275999613, 10.356969575000264 ], [ 123.961233149999714, 10.357004438000306 ], [ 123.961199132999567, 10.356998864000289 ], [ 123.96118495799972, 10.356975162000282 ], [ 123.961190621999663, 10.356902659000323 ], [ 123.961156602999679, 10.356878959000227 ], [ 123.961136762999644, 10.356916606000233 ], [ 123.961132516999555, 10.356997474000263 ], [ 123.961091416999622, 10.357058825000276 ], [ 123.960959576999642, 10.35710156500026 ], [ 123.960914219999708, 10.357087626000261 ], [ 123.960928385999637, 10.356971901000279 ], [ 123.960968067999715, 10.356924493000264 ], [ 123.960918457999696, 10.356892428000275 ], [ 123.960926959999696, 10.356854782000269 ], [ 123.961150893999744, 10.356713944000251 ], [ 123.961126795999618, 10.356683272000289 ], [ 123.961121120999678, 10.356596827000242 ], [ 123.961131040999618, 10.356578701000252 ], [ 123.961192495999725, 10.356568832000235 ], [ 123.961191276999628, 10.356495516000297 ], [ 123.961338091999693, 10.356461624000335 ], [ 123.961450449999575, 10.356389953000267 ], [ 123.961451680999673, 10.356336509000286 ], [ 123.961399819999642, 10.356324366000258 ], [ 123.961352896999756, 10.356287930000263 ], [ 123.961357832999639, 10.356253920000292 ], [ 123.96145537999962, 10.356269703000265 ], [ 123.961540573999656, 10.356205321000267 ], [ 123.961513783999663, 10.356159221000272 ], [ 123.961534771999624, 10.356130068000258 ], [ 123.961501425999614, 10.356019539000261 ], [ 123.961458207999598, 10.356001322000264 ], [ 123.961443384999697, 10.355916298000334 ], [ 123.961513754999572, 10.355763738000324 ], [ 123.961580427999579, 10.355712719000277 ], [ 123.961869349999688, 10.355582732000268 ], [ 123.962002695999615, 10.355487980000245 ], [ 123.962084188999611, 10.355489189000256 ], [ 123.962152098999539, 10.3554661060003 ], [ 123.962463288999615, 10.355894850000247 ], [ 123.962501564999684, 10.355876628000249 ], [ 123.962511443999603, 10.355888774000277 ], [ 123.962555892999731, 10.355860834000275 ], [ 123.962546013999628, 10.355845044000301 ], [ 123.962580584999728, 10.355818319000221 ], [ 123.962259513999541, 10.355357995000325 ], [ 123.962453966999647, 10.355238343000284 ], [ 123.962562582999581, 10.355111851000299 ], [ 123.962647927999527, 10.355066049000328 ], [ 123.962676736999612, 10.354926479000238 ], [ 123.962800846999656, 10.354843306000284 ], [ 123.962793080999731, 10.35476370900027 ], [ 123.962810812999692, 10.354727726000224 ], [ 123.962957113999707, 10.354587056000309 ], [ 123.963077918999673, 10.354408226000256 ], [ 123.96316990999955, 10.354303543000299 ], [ 123.963194293999621, 10.354292637000285 ], [ 123.963253004999586, 10.354309949000207 ], [ 123.96333169899971, 10.354261967000323 ], [ 123.963424805999679, 10.354248875000305 ], [ 123.963677534999718, 10.35436116400027 ], [ 123.963830485999679, 10.354218313000263 ], [ 123.963888113999559, 10.354094006000281 ], [ 123.963924968999677, 10.353763883000322 ], [ 123.963992575999683, 10.353681010000304 ], [ 123.964029138999777, 10.353498914000248 ], [ 123.964197599999594, 10.353269923000219 ], [ 123.964335035999682, 10.353165236000262 ], [ 123.964397100999577, 10.353086724000249 ], [ 123.964466268999615, 10.352850503000333 ], [ 123.964464032999601, 10.352622615000218 ], [ 123.964538292999535, 10.352569181000238 ], [ 123.964635832999704, 10.352560450000315 ], [ 123.964706773999623, 10.352588794000262 ], [ 123.96472229099966, 10.352575708000334 ], [ 123.964724499999747, 10.352483026000304 ], [ 123.964662426999681, 10.352461224000276 ], [ 123.964682374999555, 10.352421969000225 ], [ 123.964513880999647, 10.352246432000268 ], [ 123.964603970999633, 10.352096582000303 ], [ 123.964632787999619, 10.352063868000261 ], [ 123.964684882999578, 10.352060593000257 ], [ 123.964908799999719, 10.352256842000241 ], [ 123.964955354999674, 10.352275374000264 ], [ 123.964993040999587, 10.352269919000257 ], [ 123.965042914999628, 10.35221866800028 ], [ 123.965046235999637, 10.352169600000217 ], [ 123.965014081999641, 10.352042029000319 ], [ 123.964908769999639, 10.351899199000314 ], [ 123.964919848999571, 10.351842499000242 ], [ 123.964963077999684, 10.351842495000241 ], [ 123.965021825999756, 10.351874111000281 ], [ 123.965193642999665, 10.352022388000204 ], [ 123.965287861999641, 10.352059453000251 ], [ 123.965334414999589, 10.35205835900025 ], [ 123.965406458999695, 10.352023461000293 ], [ 123.965508425999602, 10.351935132000268 ], [ 123.965625903999552, 10.351774837000239 ], [ 123.965669130999572, 10.351755207000302 ], [ 123.965778863999688, 10.351756288000303 ], [ 123.965833173999741, 10.351726843000264 ], [ 123.965855336999709, 10.351657057000264 ], [ 123.965826514999634, 10.351617806000302 ], [ 123.965876307999579, 10.351527931000238 ], [ 123.96609640099966, 10.351653926000271 ], [ 123.966393624999569, 10.351878560000294 ], [ 123.96707874299976, 10.350950363000234 ], [ 123.967748651812855, 10.35 ], [ 123.965043542528221, 10.35 ] ], [ [ 123.963134032653215, 10.3527728971473 ], [ 123.963134860449898, 10.353044189964756 ], [ 123.962860864581145, 10.353045009489826 ], [ 123.962860037019837, 10.352773716650344 ], [ 123.963134032653215, 10.3527728971473 ] ], [ [ 123.960937111944659, 10.351151688591987 ], [ 123.960938763520431, 10.351694274628443 ], [ 123.960664768645813, 10.351695092179359 ], [ 123.96066311754079, 10.351152506099115 ], [ 123.960937111944659, 10.351151688591987 ] ], [ [ 123.963129066353574, 10.351145140145135 ], [ 123.963951048879622, 10.351142680632364 ], [ 123.963951877245179, 10.351413973411717 ], [ 123.963129894013036, 10.351416432990391 ], [ 123.963129066353574, 10.351145140145135 ] ] ], [ [ [ 123.986829072999669, 10.353559268000268 ], [ 123.987694923999541, 10.351237304000261 ], [ 123.987856417999666, 10.350837901000254 ], [ 123.987838066999657, 10.350827069000246 ], [ 123.987705933999564, 10.350825866000235 ], [ 123.987650879999634, 10.350852344000295 ], [ 123.986900907999569, 10.35085956500027 ], [ 123.986715838999629, 10.351493869000262 ], [ 123.986723345999536, 10.35164020100029 ], [ 123.986741876999645, 10.351703992000328 ], [ 123.986794371999636, 10.351716140000267 ], [ 123.986846864999634, 10.351664497000257 ], [ 123.986896260999629, 10.35143363100034 ], [ 123.986970362999628, 10.351257441000239 ], [ 123.987089238999616, 10.351037203000224 ], [ 123.987181876999543, 10.351038717000261 ], [ 123.987240545999612, 10.350985555000214 ], [ 123.987286863999614, 10.350974920000311 ], [ 123.987377961999613, 10.351037189000312 ], [ 123.987444352999688, 10.351040223000297 ], [ 123.987537004999623, 10.351315130000305 ], [ 123.987240599999609, 10.352090545000248 ], [ 123.987243689999602, 10.352149780000264 ], [ 123.987198921999621, 10.352297110000286 ], [ 123.987092397999604, 10.352505197000273 ], [ 123.986522744999633, 10.354122254000309 ], [ 123.986481055999647, 10.354100992000237 ], [ 123.986413120999629, 10.354105551000259 ], [ 123.986363711999616, 10.354088846000209 ], [ 123.986130561999602, 10.353927859000301 ], [ 123.986071888999547, 10.353912673000288 ], [ 123.985969984999556, 10.353920272000295 ], [ 123.985939101999662, 10.353856482000257 ], [ 123.985926745999521, 10.353753201000327 ], [ 123.985954533999603, 10.353678776000297 ], [ 123.986045513999585, 10.353044207000284 ], [ 123.986193723999591, 10.352775365000333 ], [ 123.986329576999552, 10.352401723000327 ], [ 123.986426841999517, 10.352271098000266 ], [ 123.98655189899965, 10.352160217000328 ], [ 123.986666143999599, 10.351956686000275 ], [ 123.986655330999596, 10.351848848000234 ], [ 123.986584307999578, 10.351847332000286 ], [ 123.986553428999599, 10.351867079000233 ], [ 123.986357358999626, 10.352198197000273 ], [ 123.986335744999522, 10.352216424000272 ], [ 123.98631103999962, 10.352189086000319 ], [ 123.985901925999698, 10.353123194000247 ], [ 123.985801831999666, 10.354094383000312 ], [ 123.985749335999586, 10.354092867000276 ], [ 123.985740073999622, 10.354146026000233 ], [ 123.985709250999648, 10.354183932000261 ], [ 123.985623661999583, 10.354184093000274 ], [ 123.985538887704351, 10.354242426992933 ], [ 123.986273117920177, 10.354240178401131 ], [ 123.986273965725388, 10.354511469318151 ], [ 123.986495626436778, 10.354510790132021 ], [ 123.986829072999669, 10.353559268000268 ] ] ], [ [ [ 123.990082526999558, 10.355833405000315 ], [ 123.990024757999663, 10.355854906000229 ], [ 123.989910780999566, 10.355834938000264 ], [ 123.989885382047291, 10.355856850755519 ], [ 123.990097132209584, 10.355856199482439 ], [ 123.990082526999558, 10.355833405000315 ] ] ], [ [ [ 123.989804611999574, 10.355790395000309 ], [ 123.989796664652076, 10.355857123579327 ], [ 123.989847815432142, 10.355856966283373 ], [ 123.989848328999642, 10.355798075000234 ], [ 123.989820225999537, 10.355781180000257 ], [ 123.989804611999574, 10.355790395000309 ] ] ], [ [ [ 123.989387925999651, 10.355666662000285 ], [ 123.989345128999659, 10.35567590200025 ], [ 123.989320077999622, 10.355648178000266 ], [ 123.989657103999619, 10.354992796000218 ], [ 123.989363749999598, 10.354814655000222 ], [ 123.989193522999543, 10.355142421000252 ], [ 123.989099359999571, 10.355077103000266 ], [ 123.989081251999679, 10.355043851000268 ], [ 123.989007610999622, 10.355022473000275 ], [ 123.988863951999633, 10.354929839000249 ], [ 123.988763751999599, 10.354833643000283 ], [ 123.988707011999622, 10.354850268000327 ], [ 123.988617676999596, 10.354783762000331 ], [ 123.988610433999625, 10.354742196000267 ], [ 123.988683756999649, 10.354621674000242 ], [ 123.988693415999464, 10.354567046000252 ], [ 123.988657199999494, 10.354540918000311 ], [ 123.988602872999522, 10.354590795000263 ], [ 123.988566655999634, 10.354578919000257 ], [ 123.988564242999615, 10.354546854000269 ], [ 123.988515953999624, 10.354523102000257 ], [ 123.988501467999669, 10.354464910000239 ], [ 123.988464044999674, 10.354441158000228 ], [ 123.98844352299966, 10.354363965000324 ], [ 123.989985101999579, 10.35066216100028 ], [ 123.990064077999463, 10.350557053000287 ], [ 123.990074918999639, 10.350491551000285 ], [ 123.990056337999619, 10.350403198000258 ], [ 123.990017625999613, 10.350375778000299 ], [ 123.98996033099958, 10.350375777000298 ], [ 123.98991697099963, 10.350422999000298 ], [ 123.989878254999539, 10.350587517000321 ], [ 123.989703265999623, 10.35094853900026 ], [ 123.989690875999571, 10.351071928000255 ], [ 123.98957937799959, 10.351365927000334 ], [ 123.989221653999564, 10.352152676000326 ], [ 123.989178293999615, 10.352213608000305 ], [ 123.98914422399956, 10.352349183000243 ], [ 123.98873848799964, 10.353355092000339 ], [ 123.98848859599957, 10.353775928000253 ], [ 123.988423550999613, 10.354080590000237 ], [ 123.988350765999627, 10.354237490000251 ], [ 123.988305853999549, 10.35440505500026 ], [ 123.988069291999523, 10.354803395000268 ], [ 123.988041804999639, 10.354810366000223 ], [ 123.988029501999605, 10.35476800300027 ], [ 123.987998740999629, 10.354787671000299 ], [ 123.987957215999572, 10.35476346200025 ], [ 123.987872623999593, 10.354798258000287 ], [ 123.987844938999615, 10.354848186000243 ], [ 123.987804949999585, 10.354845159000259 ], [ 123.987748042999499, 10.354881469000333 ], [ 123.987698826999605, 10.354879954000296 ], [ 123.987643459999632, 10.354808844000274 ], [ 123.987598857999586, 10.354786148000262 ], [ 123.987595783999595, 10.354705961000288 ], [ 123.98757425199959, 10.354684779000223 ], [ 123.987508117999624, 10.354668134000267 ], [ 123.987472741999539, 10.354742269000273 ], [ 123.987438904999678, 10.354749833000277 ], [ 123.987400455999605, 10.35471957300026 ], [ 123.98739738099961, 10.354663593000247 ], [ 123.98737277299962, 10.354624255000278 ], [ 123.98730510099962, 10.354615175000237 ], [ 123.987248194999523, 10.354562220000297 ], [ 123.987192826999561, 10.354550114000272 ], [ 123.987154376999584, 10.354519854000255 ], [ 123.987060556999637, 10.354525903000223 ], [ 123.987015953999588, 10.354574317000321 ], [ 123.98696827499964, 10.354563724000243 ], [ 123.986959047999591, 10.354522874000239 ], [ 123.986935976999547, 10.354518334000218 ], [ 123.986882145999616, 10.354550105000271 ], [ 123.986816009999657, 10.354541025000319 ], [ 123.986769868999659, 10.354568257000263 ], [ 123.986760641999595, 10.354524381000275 ], [ 123.986776022999635, 10.354468401000261 ], [ 123.986736963999689, 10.354431321000302 ], [ 123.986680056999589, 10.35443737100027 ], [ 123.98663852899962, 10.354517557000332 ], [ 123.98654813631579, 10.354566728831738 ], [ 123.986548809014224, 10.354781920642598 ], [ 123.987096799864517, 10.354780240767159 ], [ 123.987097648422818, 10.355051531607529 ], [ 123.987645639650225, 10.355049850754739 ], [ 123.987646488702964, 10.35532114154546 ], [ 123.989016467537795, 10.355316935221104 ], [ 123.989017317791351, 10.355588225894675 ], [ 123.989291313723328, 10.355587383907928 ], [ 123.989292164235792, 10.35585867455432 ], [ 123.989587700669958, 10.35585776608875 ], [ 123.989519442999608, 10.355819659000332 ], [ 123.989438026999707, 10.355729298000227 ], [ 123.98942028299966, 10.355684118000308 ], [ 123.989387925999651, 10.355666662000285 ] ] ], [ [ [ 123.964550022999617, 10.359785808000222 ], [ 123.964516579999511, 10.359789754000282 ], [ 123.964483137999764, 10.359763434000325 ], [ 123.964444343999574, 10.359758169000244 ], [ 123.964441671999538, 10.35969895200023 ], [ 123.964386823999703, 10.359706845000261 ], [ 123.96436541899962, 10.359734478000327 ], [ 123.964285155999733, 10.359719999000284 ], [ 123.964269101999733, 10.359754212000272 ], [ 123.964251337668387, 10.359747355816474 ], [ 123.964251569598161, 10.359823226272258 ], [ 123.964525571239705, 10.359822405032649 ], [ 123.964526400809191, 10.360093697620066 ], [ 123.964622997559786, 10.360093408036509 ], [ 123.964635624999687, 10.360058207000289 ], [ 123.964623587999668, 10.359998990000275 ], [ 123.964631617999615, 10.359914772000234 ], [ 123.964550022999617, 10.359785808000222 ] ] ], [ [ [ 123.961786381007386, 10.360101899738872 ], [ 123.962060383090446, 10.360101080576623 ], [ 123.962059555641233, 10.359829787791764 ], [ 123.962333557465925, 10.359828968418217 ], [ 123.96233272980399, 10.359557675650677 ], [ 123.96260673137013, 10.359556856065744 ], [ 123.962605903495472, 10.359285563315524 ], [ 123.963427907350322, 10.359283103227124 ], [ 123.963428735931714, 10.35955439591153 ], [ 123.964088741073354, 10.359552419080831 ], [ 123.964005051999649, 10.35949023700028 ], [ 123.963959568999613, 10.359504710000323 ], [ 123.963888669999605, 10.359484967000288 ], [ 123.96379637299961, 10.35937705700033 ], [ 123.963617122999693, 10.359277039000315 ], [ 123.963546222999611, 10.359274403000274 ], [ 123.963488699999729, 10.359305982000222 ], [ 123.963441883999678, 10.359213865000328 ], [ 123.963318816999617, 10.359127008000247 ], [ 123.963271318999773, 10.3591319510003 ], [ 123.963239214999604, 10.359102999000303 ], [ 123.96320844699973, 10.359112209000266 ], [ 123.96304257099959, 10.359062195000302 ], [ 123.96300110099962, 10.359074036000305 ], [ 123.962955619999761, 10.359056927000221 ], [ 123.962902107999597, 10.359109561000224 ], [ 123.962871339999722, 10.359105611000341 ], [ 123.962799100999689, 10.359147717000273 ], [ 123.962690746999527, 10.359122709000335 ], [ 123.96257838099973, 10.359071382000263 ], [ 123.962573031999639, 10.359042432000265 ], [ 123.962593097999616, 10.359031905000283 ], [ 123.96268673599954, 10.359083231000266 ], [ 123.962710814999667, 10.359081916000246 ], [ 123.96269476699959, 10.358997697000294 ], [ 123.962650622999575, 10.35897664000024 ], [ 123.96258774899961, 10.358992427000214 ], [ 123.962543605999599, 10.358974002000288 ], [ 123.962526212999677, 10.359016111000308 ], [ 123.962474041999627, 10.359008212000276 ], [ 123.962429895999705, 10.359034528000233 ], [ 123.962386218999725, 10.359037158000273 ], [ 123.962311303999741, 10.359089791000276 ], [ 123.962249767999722, 10.359095051000267 ], [ 123.962218998999575, 10.359129263000256 ], [ 123.962182880999691, 10.359112154000261 ], [ 123.962161476999697, 10.359118733000273 ], [ 123.96214676099963, 10.359137155000287 ], [ 123.96214943399967, 10.359180580000238 ], [ 123.962097262999535, 10.35918715700025 ], [ 123.962059807999722, 10.359160836000292 ], [ 123.962027701999645, 10.359162150000223 ], [ 123.961869842999548, 10.359291102000235 ], [ 123.961789581999653, 10.359262147000237 ], [ 123.961702627999571, 10.359280565000251 ], [ 123.961645103999601, 10.359322672000271 ], [ 123.961560820999651, 10.359421361000265 ], [ 123.961476161999656, 10.359480057000237 ], [ 123.961449163999731, 10.359550060000256 ], [ 123.961272467999592, 10.359750406000312 ], [ 123.961112947999709, 10.359977308000257 ], [ 123.961022147999756, 10.360037651000276 ], [ 123.960855450231278, 10.360104681125549 ], [ 123.961238376772599, 10.360103537363663 ], [ 123.961239203538, 10.36037483020954 ], [ 123.961787208243891, 10.360373192541051 ], [ 123.961786381007386, 10.360101899738872 ] ] ], [ [ [ 124.003089374999547, 10.361934240000259 ], [ 124.003205587999489, 10.361800675000222 ], [ 124.003243508999518, 10.361795863000268 ], [ 124.003261855999526, 10.36186685900028 ], [ 124.003304669999508, 10.361854827000261 ], [ 124.003343815999557, 10.36178503600026 ], [ 124.003332807999527, 10.361733293000242 ], [ 124.003378068999538, 10.361711635000315 ], [ 124.00339764199957, 10.361681552000313 ], [ 124.003362168999558, 10.361603336000236 ], [ 124.004621392999567, 10.360241960000305 ], [ 124.004623839999496, 10.360215487000247 ], [ 124.004577356999476, 10.360201046000295 ], [ 124.004506406999468, 10.360234738000241 ], [ 124.004056239999528, 10.360718459000296 ], [ 124.004004936999536, 10.360731352000297 ], [ 124.003985038999588, 10.360778655000303 ], [ 124.003895495999458, 10.36085042700029 ], [ 124.003731333999468, 10.361028224000258 ], [ 124.003673296999551, 10.360962977000277 ], [ 124.003646764999573, 10.360969502000284 ], [ 124.003606967999559, 10.361020068000293 ], [ 124.003558879999488, 10.361007019000279 ], [ 124.003557221999529, 10.360987445000259 ], [ 124.003606967999559, 10.360949928000263 ], [ 124.003610284999482, 10.360918936000274 ], [ 124.003570487999482, 10.360817803000256 ], [ 124.00350250199962, 10.360760713000239 ], [ 124.003475969999556, 10.360711778000276 ], [ 124.003401350999511, 10.360701991000266 ], [ 124.003303516999509, 10.360613907000261 ], [ 124.003280301999453, 10.360623694000271 ], [ 124.0032670359995, 10.360682416000245 ], [ 124.003192416999454, 10.360657949000263 ], [ 124.003111163999492, 10.36066447300027 ], [ 124.003092923999489, 10.360635112000327 ], [ 124.003104531999554, 10.360579652000268 ], [ 124.003092923999489, 10.360555185000287 ], [ 124.003059759999502, 10.360538873000269 ], [ 124.002998294999557, 10.360328453000268 ], [ 124.002940257999555, 10.360318666000257 ], [ 124.002898802999596, 10.360284411000265 ], [ 124.002859005999582, 10.360297461000279 ], [ 124.002809259999466, 10.360274624000255 ], [ 124.002713083999595, 10.360354551000295 ], [ 124.002729665999539, 10.360410010000265 ], [ 124.002686552999521, 10.360401854000212 ], [ 124.00264774199951, 10.360414450000277 ], [ 124.002614866999451, 10.360433853000284 ], [ 124.00259349799947, 10.360477510000255 ], [ 124.002466929999557, 10.360547038000234 ], [ 124.002438985999476, 10.360658607000317 ], [ 124.002315704999575, 10.360823534000286 ], [ 124.002317347999437, 10.360883361000262 ], [ 124.002373234999538, 10.360957740000288 ], [ 124.002634589999488, 10.361201900000239 ], [ 124.002611576999456, 10.361250408000256 ], [ 124.002524457999527, 10.361260110000259 ], [ 124.002411039999558, 10.361245557000299 ], [ 124.002292722999542, 10.361104914000297 ], [ 124.00223890499943, 10.361120430000248 ], [ 124.002184555999563, 10.361063997000286 ], [ 124.002093974999525, 10.361034295000227 ], [ 124.001982256999426, 10.360949644000328 ], [ 124.001979237999535, 10.360879845000238 ], [ 124.001950553999464, 10.36085459900028 ], [ 124.00192639899943, 10.36085756900026 ], [ 124.001899224999576, 10.36082489700031 ], [ 124.001760333999542, 10.360575403000272 ], [ 124.001592758999536, 10.360379371000217 ], [ 124.001592758999536, 10.360361550000253 ], [ 124.001683340999563, 10.360282841000313 ], [ 124.001653146999558, 10.36026205000028 ], [ 124.001612385999465, 10.360281356000279 ], [ 124.001585210999437, 10.360265019000259 ], [ 124.001588230999516, 10.360230863000275 ], [ 124.001606248999494, 10.360230016000294 ], [ 124.001609487999588, 10.360202933000274 ], [ 124.001635400999504, 10.360180629000293 ], [ 124.001692085999494, 10.360206120000271 ], [ 124.001771443999488, 10.360198154000233 ], [ 124.001818410999462, 10.360222052000257 ], [ 124.001863758999576, 10.360196562000279 ], [ 124.001820030999511, 10.360288964000286 ], [ 124.001832986999517, 10.360352691000319 ], [ 124.001902626999495, 10.360435535000246 ], [ 124.00197388799954, 10.360427570000297 ], [ 124.001983605999541, 10.360403672000274 ], [ 124.002069442999542, 10.360343133000327 ], [ 124.002129365999522, 10.360354285000273 ], [ 124.002163376999576, 10.360328795000296 ], [ 124.002163376999576, 10.360274628000255 ], [ 124.002103453999425, 10.360237985000243 ], [ 124.002118029999465, 10.360169479000259 ], [ 124.002041910999566, 10.360108939000224 ], [ 124.002014378999604, 10.360097787000278 ], [ 124.001983606999545, 10.360110532000267 ], [ 124.001970649999535, 10.360159920000267 ], [ 124.00190748799946, 10.360148767000322 ], [ 124.001915585999598, 10.360075482000298 ], [ 124.001986845999454, 10.3600722960003 ], [ 124.001999802999549, 10.360014943000262 ], [ 124.002075922999452, 10.35993369200029 ], [ 124.002071063999495, 10.359906608000269 ], [ 124.002043531999433, 10.359900235000275 ], [ 124.001943118999563, 10.35993369100029 ], [ 124.001860521999475, 10.359928911000249 ], [ 124.001849184999514, 10.359906607000269 ], [ 124.001854043999572, 10.359854033000271 ], [ 124.001925303999599, 10.359873151000254 ], [ 124.001960934999531, 10.359847661000277 ], [ 124.001962553999576, 10.359814205000262 ], [ 124.001904250999459, 10.35976003700031 ], [ 124.001896152999493, 10.359729767000292 ], [ 124.001990087999545, 10.359718615000258 ], [ 124.002007902999509, 10.359696311000278 ], [ 124.001999804999542, 10.359675600000251 ], [ 124.001886435999495, 10.359610280000265 ], [ 124.001841088999555, 10.359611873000308 ], [ 124.001768207999476, 10.359704275000315 ], [ 124.00181679399951, 10.359779154000204 ], [ 124.001768207999476, 10.359774375000253 ], [ 124.001734196999507, 10.359793492000236 ], [ 124.001714761999494, 10.359736138000287 ], [ 124.00164997999947, 10.359718613000258 ], [ 124.001615969999591, 10.35966603900026 ], [ 124.001572241999526, 10.359667631000303 ], [ 124.001551186999464, 10.359731358000246 ], [ 124.001454012999503, 10.359790304000239 ], [ 124.001340641999548, 10.36004998800032 ], [ 124.001292054999524, 10.360126459000252 ], [ 124.001259662999502, 10.360129645000249 ], [ 124.001236989999498, 10.360077071000251 ], [ 124.001249946999494, 10.359892264000237 ], [ 124.001279099999508, 10.359863588000263 ], [ 124.001342474999603, 10.359883498000311 ], [ 124.001378423999554, 10.359850965000284 ], [ 124.001401431999511, 10.359744876000299 ], [ 124.001435943999525, 10.359675565000249 ], [ 124.001423002999431, 10.359565233000268 ], [ 124.001530855999476, 10.358741146000295 ], [ 124.001677515999532, 10.357949182000226 ], [ 124.001742933999523, 10.357172598000275 ], [ 124.001824405999514, 10.356883287000318 ], [ 124.001833938999596, 10.356495143000267 ], [ 124.001907405999546, 10.356113069000273 ], [ 124.001948942999604, 10.355980991000269 ], [ 124.001968120999592, 10.355971555000288 ], [ 124.001984097999582, 10.35593067300028 ], [ 124.00195532399951, 10.355897659000302 ], [ 124.00200325899948, 10.355797026000324 ], [ 124.002020816999504, 10.355641250000314 ], [ 124.002057561999536, 10.35553432900026 ], [ 124.001963218999535, 10.355245043000217 ], [ 124.00189607799949, 10.355164867000244 ], [ 124.001833743999484, 10.355164875000334 ], [ 124.001771429999565, 10.355306389000319 ], [ 124.00179223299952, 10.355477765000288 ], [ 124.001733143999516, 10.355804807000258 ], [ 124.001733156999606, 10.355894427000301 ], [ 124.001721970999469, 10.355911724000311 ], [ 124.001629354999537, 10.355911588000211 ], [ 124.001626162999543, 10.35594617800032 ], [ 124.001709274999484, 10.355943022000325 ], [ 124.001405889999617, 10.3579769080003 ], [ 124.001417083999556, 10.358011497000319 ], [ 124.001442657999547, 10.358017783000218 ], [ 124.001471424999522, 10.358000484000296 ], [ 124.001471408999521, 10.357891996000291 ], [ 124.001509752999496, 10.357781931000243 ], [ 124.001559288999516, 10.357700166000228 ], [ 124.001586459999544, 10.357692300000288 ], [ 124.001596050999538, 10.357703305000221 ], [ 124.001508234999548, 10.358325941000224 ], [ 124.001485865999484, 10.358382547000289 ], [ 124.001308606999473, 10.359459751000244 ], [ 124.001190325999445, 10.359425177000315 ], [ 124.001354801999469, 10.358376442000317 ], [ 124.001289260999471, 10.358314227000232 ], [ 124.001131156999534, 10.359215166000258 ], [ 124.000821070999535, 10.359147601000263 ], [ 124.001231527999479, 10.356981904000307 ], [ 124.001295403999535, 10.356587253000249 ], [ 124.001471000999487, 10.355087634000249 ], [ 124.001523722999593, 10.354933542000289 ], [ 124.00151252899947, 10.354887948000247 ], [ 124.001395841999496, 10.354823501000244 ], [ 124.001357483999513, 10.354834512000266 ], [ 124.001267468999444, 10.355460293000263 ], [ 124.001233961999503, 10.355859206000229 ], [ 124.001243553999586, 10.355876500000239 ], [ 124.001194057999498, 10.356234987000235 ], [ 124.001136519999534, 10.356241284000223 ], [ 124.001094960999467, 10.356223995000303 ], [ 124.001080577999517, 10.356235003000236 ], [ 124.001123744999532, 10.356319900000333 ], [ 124.001110962999547, 10.356354492000264 ], [ 124.001170100999559, 10.356357628000257 ], [ 124.001095068999476, 10.356968553000268 ], [ 124.001007209999486, 10.357309750000255 ], [ 124.000767458999462, 10.357294060000289 ], [ 124.000733804999513, 10.356668298000294 ], [ 124.000775356999483, 10.356635274000226 ], [ 124.000850478999482, 10.356646270000248 ], [ 124.00108509399945, 10.354301687000234 ], [ 124.000993985999457, 10.354273399000203 ], [ 124.000962019999562, 10.354276548000286 ], [ 124.000938049999533, 10.354306424000271 ], [ 124.000824734999483, 10.355452633000251 ], [ 124.000746524999585, 10.355473821000228 ], [ 124.000708164999523, 10.355469109000282 ], [ 124.00063623399943, 10.355420378000336 ], [ 124.000671348999504, 10.355087050000289 ], [ 124.000645751999514, 10.354914102000279 ], [ 124.000661723999585, 10.354832341000265 ], [ 124.000706465999556, 10.354755292000284 ], [ 124.000712826999461, 10.354541699000286 ], [ 124.000684053999578, 10.354513402000254 ], [ 124.000636108999515, 10.354549571000316 ], [ 124.000583424999505, 10.354967805000282 ], [ 124.000586694999512, 10.355474080000249 ], [ 124.00061386999954, 10.355512810000256 ], [ 124.000804076999557, 10.355559952000249 ], [ 124.000821660999506, 10.355575672000306 ], [ 124.00082326399955, 10.355608690000285 ], [ 124.000776941999447, 10.355814665000274 ], [ 124.000784938999573, 10.355847682000253 ], [ 124.000722620999483, 10.355964039000288 ], [ 124.000663544999568, 10.356399755000279 ], [ 124.000644369999492, 10.356434348000299 ], [ 124.000653965999575, 10.356470509000271 ], [ 124.00069552699955, 10.356508238000284 ], [ 124.000620409999541, 10.35653812200027 ], [ 124.00048775299949, 10.356561725000269 ], [ 124.000326322999555, 10.356568036000258 ], [ 124.00021923199948, 10.356541322000268 ], [ 124.000179269999549, 10.356513027000325 ], [ 124.000155280999522, 10.356407687000313 ], [ 124.00042358899951, 10.354938051000218 ], [ 124.000423566999515, 10.354780823000265 ], [ 124.000473099999439, 10.35468176200024 ], [ 124.000465099999488, 10.354617300000236 ], [ 124.000442014999535, 10.354574708000264 ], [ 124.000440407999491, 10.354513389000253 ], [ 124.000379673999518, 10.354529121000223 ], [ 124.00037169199949, 10.354596730000221 ], [ 124.0003205539996, 10.354658057000233 ], [ 124.000346139999507, 10.354746101000234 ], [ 124.000342964999504, 10.354901757000235 ], [ 124.000309414999478, 10.355007105000247 ], [ 124.000194422999556, 10.355620277000266 ], [ 124.000191238999477, 10.355712767000281 ], [ 124.000089010999545, 10.356167170000308 ], [ 124.000063480999557, 10.356469052000239 ], [ 124.000034718999487, 10.356524086000263 ], [ 123.999967595999451, 10.356569691000306 ], [ 123.999876523999632, 10.357351477000332 ], [ 123.999558769999453, 10.359593306000281 ], [ 123.999532024999468, 10.359601537000252 ], [ 123.999346884999511, 10.359531200000294 ], [ 123.999330049999458, 10.359493952000232 ], [ 123.999273948999516, 10.359488441000309 ], [ 123.999238887999454, 10.359502242000296 ], [ 123.9991631489995, 10.359474660000235 ], [ 123.999100031999689, 10.3594443160003 ], [ 123.999102234999427, 10.359381609000263 ], [ 123.999065623999513, 10.359380173000233 ], [ 123.998983607999648, 10.359334086000239 ], [ 123.998957251999599, 10.359362901000313 ], [ 123.99894699599956, 10.359328328000295 ], [ 123.998905990999447, 10.359326893000265 ], [ 123.998886948999555, 10.359293763000277 ], [ 123.998806406999563, 10.359312501000229 ], [ 123.998796138999509, 10.359192934000284 ], [ 123.998766848999566, 10.359182854000249 ], [ 123.998722917999572, 10.359203028000231 ], [ 123.998731696999499, 10.359141082000257 ], [ 123.998708263999433, 10.359133882000283 ], [ 123.998676047999524, 10.359148292000231 ], [ 123.998646756999491, 10.359129569000281 ], [ 123.99863796499956, 10.359092115000291 ], [ 123.998677496999463, 10.359031605000258 ], [ 123.998671631999514, 10.358976864000258 ], [ 123.998618908999504, 10.358958143000308 ], [ 123.998547136999505, 10.358858752000256 ], [ 123.998529563999483, 10.358857314000225 ], [ 123.998494440999508, 10.359035951000262 ], [ 123.998482727999601, 10.359050358000299 ], [ 123.998460760999464, 10.359046039000297 ], [ 123.998425595999493, 10.358914951000287 ], [ 123.998380188999462, 10.358854452000255 ], [ 123.998317212999495, 10.358821327000268 ], [ 123.998290846999438, 10.358776672000214 ], [ 123.998208837999584, 10.358779564000276 ], [ 123.998123913999493, 10.358886178000215 ], [ 123.998104876999506, 10.358889062000276 ], [ 123.998097550999532, 10.358864573000293 ], [ 123.998077047999516, 10.358858813000261 ], [ 123.998069731999536, 10.358904913000256 ], [ 123.998027265999568, 10.358926527000268 ], [ 123.997999439999489, 10.358919327000205 ], [ 123.9979491539995, 10.358866879000306 ], [ 123.997905222999506, 10.358885612000257 ], [ 123.997887645999569, 10.358861124000274 ], [ 123.997836389999506, 10.358855369000242 ], [ 123.997780749999521, 10.358927405000252 ], [ 123.997672368999602, 10.358835222000263 ], [ 123.997657715999466, 10.358771838000258 ], [ 123.9975830209995, 10.358711344000227 ], [ 123.997546408999483, 10.358699824000251 ], [ 123.997539087999499, 10.358712790000258 ], [ 123.997561060999629, 10.358760326000283 ], [ 123.997520063999445, 10.358817955000255 ], [ 123.997467345999425, 10.358828045000291 ], [ 123.997383869999453, 10.358809329000252 ], [ 123.997364833999569, 10.358828059000292 ], [ 123.997416099999455, 10.35890152100033 ], [ 123.997427828999534, 10.359000920000295 ], [ 123.997405866999586, 10.359039818000227 ], [ 123.997240377999574, 10.358993741000322 ], [ 123.996996302999619, 10.358830473000314 ], [ 123.996952368999459, 10.358824716000282 ], [ 123.996904045999543, 10.358853534000268 ], [ 123.996876220999553, 10.358849216000266 ], [ 123.996846928999517, 10.358827611000255 ], [ 123.996839603999533, 10.358801681000241 ], [ 123.996930373999504, 10.358607192000225 ], [ 123.996914257999492, 10.358555333000286 ], [ 123.996811738999455, 10.358497723000227 ], [ 123.996723862999559, 10.358424264000277 ], [ 123.996728247999656, 10.358357997000301 ], [ 123.996685771999594, 10.358304701000332 ], [ 123.996644767999499, 10.358309028000246 ], [ 123.996578875999546, 10.358366660000307 ], [ 123.996545201999609, 10.358432930000284 ], [ 123.996493948999543, 10.358448783000263 ], [ 123.996413397999618, 10.358399814000297 ], [ 123.996346021999472, 10.358316269000312 ], [ 123.996315267999591, 10.358304748000247 ], [ 123.996259619999506, 10.358313398000252 ], [ 123.996221541999475, 10.358297557000274 ], [ 123.996208358999539, 10.358274509000321 ], [ 123.996215677999601, 10.358247137000276 ], [ 123.996176130999615, 10.358193841000308 ], [ 123.996202712999605, 10.358125068000302 ], [ 123.996252035999589, 10.358112540000242 ], [ 123.996352281999535, 10.358154787000274 ], [ 123.996388875999543, 10.358142261000303 ], [ 123.996407964999534, 10.358106260000255 ], [ 123.996372953999568, 10.358057743000327 ], [ 123.996283845999557, 10.358015494000295 ], [ 123.996185184999476, 10.357924726000245 ], [ 123.996110593999433, 10.357920508000252 ], [ 123.996029715999498, 10.35793802100028 ], [ 123.995879270999481, 10.357874390000255 ], [ 123.995876027999572, 10.357812333000272 ], [ 123.995854996999512, 10.357794832000245 ], [ 123.995748239999571, 10.357825078000261 ], [ 123.995673828999543, 10.357818722000268 ], [ 123.995607503999551, 10.357785315000257 ], [ 123.995573527999582, 10.357735991000261 ], [ 123.995531466999566, 10.35770735400029 ], [ 123.995479705999557, 10.357724864000229 ], [ 123.995450595999543, 10.357772604000271 ], [ 123.99539721999966, 10.357813983000231 ], [ 123.995330897999494, 10.357806035000284 ], [ 123.995274277999428, 10.357772626000273 ], [ 123.995219284999493, 10.357815596000275 ], [ 123.995185311999535, 10.357786958000304 ], [ 123.995161041999481, 10.357734450000311 ], [ 123.995106037999449, 10.357693084000264 ], [ 123.99508662099953, 10.357642167000314 ], [ 123.994981470999633, 10.357592852000231 ], [ 123.994882795999629, 10.357576951000247 ], [ 123.994758024999442, 10.357483509000332 ], [ 123.994720824999561, 10.357520112000252 ], [ 123.994740244999647, 10.357588532000229 ], [ 123.994730540999555, 10.357602855000259 ], [ 123.994665837999619, 10.357606045000257 ], [ 123.994584954999596, 10.357583777000279 ], [ 123.994491126999563, 10.357518548000211 ], [ 123.994504062999468, 10.357477174000252 ], [ 123.994554201999449, 10.357429431000298 ], [ 123.994516993999483, 10.35739761100033 ], [ 123.994510515999565, 10.357340327000298 ], [ 123.994489485999509, 10.357329191000265 ], [ 123.994415079999484, 10.357353069000286 ], [ 123.994385960999466, 10.357337160000302 ], [ 123.994416686999443, 10.357268733000325 ], [ 123.994398887999651, 10.357222589000326 ], [ 123.994371388999511, 10.357225775000323 ], [ 123.994309932999485, 10.357326030000269 ], [ 123.994219351999547, 10.357362639000279 ], [ 123.994190226999535, 10.357289446000262 ], [ 123.994153017999466, 10.357256034000251 ], [ 123.994136831999555, 10.35717647500033 ], [ 123.994075358999524, 10.357138292000279 ], [ 123.994026821999512, 10.357061918000266 ], [ 123.994067250999478, 10.356972804000264 ], [ 123.993986370999536, 10.356969631000268 ], [ 123.993983142999454, 10.357026916000301 ], [ 123.99396211599948, 10.357046013000282 ], [ 123.9938990269996, 10.357023743000305 ], [ 123.993903875999635, 10.356991918000247 ], [ 123.99393784199961, 10.356958498000235 ], [ 123.99392466299949, 10.356894645000281 ], [ 123.993847002999459, 10.356768946000273 ], [ 123.993830812999462, 10.356648014000214 ], [ 123.993728891999467, 10.356546187000315 ], [ 123.993730497999593, 10.356444348000238 ], [ 123.993654458999515, 10.356344109000293 ], [ 123.993681933999483, 10.35614679300031 ], [ 123.9936511909996, 10.356075191000247 ], [ 123.993597804999453, 10.356024278000298 ], [ 123.993528235999563, 10.355914491000274 ], [ 123.993392353999511, 10.35587472600027 ], [ 123.99329852499956, 10.355801540000254 ], [ 123.993224104999612, 10.355709256000257 ], [ 123.993131898999621, 10.355679033000243 ], [ 123.993077756999583, 10.355617082000268 ], [ 123.993043788999529, 10.355629816000256 ], [ 123.99300172999952, 10.355620273000266 ], [ 123.992938635999622, 10.355542310000299 ], [ 123.992899814999603, 10.355556635000241 ], [ 123.99287232299956, 10.355615514000228 ], [ 123.992828648999676, 10.355617110000271 ], [ 123.992815701999575, 10.355564601000278 ], [ 123.992789818999654, 10.355555057000288 ], [ 123.992699243999624, 10.355636220000253 ], [ 123.992597339999634, 10.355664874000315 ], [ 123.992576314999482, 10.35569033600029 ], [ 123.992550443999562, 10.355785813000285 ], [ 123.99252456599956, 10.355812867000303 ], [ 123.992490594999595, 10.355798549000273 ], [ 123.992474412999584, 10.355739676000287 ], [ 123.992456617999622, 10.35573172100025 ], [ 123.992345009999539, 10.355774697000253 ], [ 123.992273832999501, 10.355749246000279 ], [ 123.992252805999541, 10.355761978000267 ], [ 123.992293255999599, 10.35585267400031 ], [ 123.992249589999545, 10.355925875000239 ], [ 123.992294891999563, 10.356007023000291 ], [ 123.992283577999601, 10.356089769000299 ], [ 123.992335346999624, 10.356142274000291 ], [ 123.992353145999587, 10.356190009000244 ], [ 123.992325649999614, 10.356213881000265 ], [ 123.992270647999604, 10.356182062000297 ], [ 123.992257708999688, 10.356193202000242 ], [ 123.992299774999609, 10.356269577000255 ], [ 123.992227867999517, 10.356349310000279 ], [ 123.992242433999664, 10.356417731000256 ], [ 123.992232733999572, 10.356460695000258 ], [ 123.992295820999644, 10.356475009000288 ], [ 123.992318469999645, 10.356502058000306 ], [ 123.992443026999567, 10.356525912000237 ], [ 123.992454352999616, 10.356545006000218 ], [ 123.992417153999554, 10.356595929000257 ], [ 123.992371862999534, 10.356610256000288 ], [ 123.992342744999618, 10.356595938000257 ], [ 123.992318475999554, 10.356549795000259 ], [ 123.992292593999636, 10.356548207000305 ], [ 123.992278038999672, 10.356570485000283 ], [ 123.992287748999587, 10.356613448000285 ], [ 123.992269958999628, 10.356637318000217 ], [ 123.992211720999606, 10.356600726000298 ], [ 123.992184224999647, 10.356623007000277 ], [ 123.992164812999548, 10.35661982600028 ], [ 123.992155096999539, 10.356527536000282 ], [ 123.992116267999521, 10.35647025600025 ], [ 123.992053184999548, 10.356490949000275 ], [ 123.992056427999643, 10.356556189000255 ], [ 123.992045104999676, 10.356562555000249 ], [ 123.991999799999476, 10.356447992000273 ], [ 123.991948033999634, 10.356424129000253 ], [ 123.99188980099953, 10.356424135000253 ], [ 123.991839648999559, 10.356368448000264 ], [ 123.991757150999661, 10.356354136000235 ], [ 123.991683370999596, 10.356367110000331 ], [ 123.991653705999624, 10.356311818000286 ], [ 123.991556903999609, 10.356297993000297 ], [ 123.991539729999701, 10.356248845000227 ], [ 123.991508503999597, 10.35623195000025 ], [ 123.991466347999577, 10.356239629000264 ], [ 123.991435120999654, 10.356299528000246 ], [ 123.99139764999957, 10.356250379000265 ], [ 123.991268059999513, 10.356230411000301 ], [ 123.991216536999602, 10.356147472000277 ], [ 123.99118999499953, 10.356133649000288 ], [ 123.991155645999626, 10.356145935000239 ], [ 123.991146276999643, 10.356192012000321 ], [ 123.991104120999537, 10.356188940000244 ], [ 123.991080701999635, 10.356135183000237 ], [ 123.991093192999614, 10.356112145000285 ], [ 123.991132225999635, 10.356104466000271 ], [ 123.991127542999607, 10.356041495000301 ], [ 123.991111929999647, 10.356026136000274 ], [ 123.991007320999515, 10.356075283000255 ], [ 123.990829330999631, 10.356012309000285 ], [ 123.990752824999603, 10.356019987000209 ], [ 123.9907215989995, 10.355978517000242 ], [ 123.990673197999584, 10.355981588000319 ], [ 123.99062635899962, 10.35594319000025 ], [ 123.9905810799996, 10.355929367000261 ], [ 123.99055609999958, 10.355877146000292 ], [ 123.990515504999593, 10.355861786000265 ], [ 123.990470225999573, 10.355874073000304 ], [ 123.990449928999581, 10.355897111000257 ], [ 123.990437436999613, 10.35596776200024 ], [ 123.990465539999633, 10.356019982000209 ], [ 123.990446803999589, 10.356058379000277 ], [ 123.990387472999572, 10.356046091000238 ], [ 123.990364052999581, 10.356019981000298 ], [ 123.990387474999565, 10.355941651000212 ], [ 123.990352635999528, 10.355861055000293 ], [ 123.990307356999509, 10.355862590000331 ], [ 123.990237095999646, 10.355925561000301 ], [ 123.990179326999581, 10.355927095000251 ], [ 123.990114461297082, 10.355954530551859 ], [ 123.990115003839449, 10.356127437701613 ], [ 123.990662996433684, 10.356125751539558 ], [ 123.990663848170584, 10.356397042063914 ], [ 123.991485837591824, 10.356394511004464 ], [ 123.991486690058721, 10.356665801456611 ], [ 123.992034683359421, 10.356664112872583 ], [ 123.992035536320756, 10.356935403274903 ], [ 123.992583529998214, 10.356933713713079 ], [ 123.992584383454187, 10.357205004065573 ], [ 123.993132377508331, 10.357203313525865 ], [ 123.993133231458842, 10.357474603828443 ], [ 123.993955223069619, 10.357472066202156 ], [ 123.993956077750212, 10.357743356432259 ], [ 123.994778069855073, 10.357740816639438 ], [ 123.994778925265848, 10.358012106796888 ], [ 123.995052922822396, 10.35801125971031 ], [ 123.995053778492334, 10.358282549840492 ], [ 123.995327776260723, 10.358281702498029 ], [ 123.995328632189825, 10.358552992600945 ], [ 123.996424623969105, 10.358549600808143 ], [ 123.996425480864019, 10.358820890815757 ], [ 123.996699478985192, 10.358820042261819 ], [ 123.99670033613927, 10.359091332242077 ], [ 123.996974334472355, 10.359090483432254 ], [ 123.996975191885696, 10.359361773385157 ], [ 123.997797187449407, 10.359359225488241 ], [ 123.9977980455931, 10.359630515368401 ], [ 123.998346042988118, 10.359628815558864 ], [ 123.998346901626604, 10.359900105388931 ], [ 123.998620900524131, 10.359899255111571 ], [ 123.99862175942198, 10.360170544914194 ], [ 123.999169757616883, 10.360168843614382 ], [ 123.999170617009625, 10.360440133366911 ], [ 124.000540613259403, 10.360435875921581 ], [ 124.000541473853744, 10.360707165555628 ], [ 124.00081547326802, 10.360706313343993 ], [ 124.000816334121623, 10.360977602950594 ], [ 124.001090333747726, 10.360976750482898 ], [ 124.001091194860692, 10.361248040062144 ], [ 124.001639194512748, 10.361246334381391 ], [ 124.001640056120678, 10.361517623910366 ], [ 124.002462056126973, 10.361515063571403 ], [ 124.002462918465611, 10.361786353027192 ], [ 124.0027369186557, 10.361785499091425 ], [ 124.0027377812537, 10.362056788519858 ], [ 124.003011781655616, 10.36205593432803 ], [ 124.003012644513049, 10.36232722372884 ], [ 124.003154723201419, 10.362326780697362 ], [ 124.003096705999539, 10.362233077000294 ], [ 124.003052671999527, 10.362120752000326 ], [ 124.003045333999452, 10.3620581800003 ], [ 124.003089374999547, 10.361934240000259 ] ] ], [ [ [ 124.003293644999573, 10.362526689000251 ], [ 124.003241341408867, 10.362440629189862 ], [ 124.003241812667369, 10.362588758103175 ], [ 124.003326670999556, 10.36259287200031 ], [ 124.003293644999573, 10.362526689000251 ] ] ], [ [ [ 124.003804674999586, 10.362971093000251 ], [ 124.003800019999545, 10.362900864000302 ], [ 124.003817093999544, 10.362815367000245 ], [ 124.003845031999546, 10.362768039000326 ], [ 124.004273562999558, 10.362577029000242 ], [ 124.004237866999446, 10.362512906000266 ], [ 124.003601522999475, 10.362787703000265 ], [ 124.003516255969856, 10.362726946775414 ], [ 124.003516676825299, 10.362859192788576 ], [ 124.00379070664475, 10.362867380845476 ], [ 124.00379154145439, 10.363129627190293 ], [ 124.00393504299953, 10.363135983000305 ], [ 124.003804674999586, 10.362971093000251 ] ] ], [ [ [ 124.004066211123003, 10.363338687583468 ], [ 124.004066406554855, 10.363400061308415 ], [ 124.004104479197224, 10.363399942459484 ], [ 124.004066211123003, 10.363338687583468 ] ] ], [ [ [ 124.00411296618212, 10.363680251015051 ], [ 124.00432591678576, 10.363679586155151 ], [ 124.004280141999573, 10.363612428000291 ], [ 124.004180811999532, 10.363525402000285 ], [ 124.004113521999471, 10.363419958000264 ], [ 124.00411296618212, 10.363680251015051 ] ] ], [ [ [ 124.004399646999431, 10.363821594000278 ], [ 124.00434139019498, 10.36370756220294 ], [ 124.004342136265208, 10.363941784405551 ], [ 124.004450352288288, 10.363950489538166 ], [ 124.004399646999431, 10.363821594000278 ] ] ], [ [ [ 124.005886208999584, 10.366182743000241 ], [ 124.00592776899957, 10.36615601400025 ], [ 124.006141965999518, 10.365945319000314 ], [ 124.006234677999473, 10.365877709000316 ], [ 124.006346571999572, 10.365736198000242 ], [ 124.006635895999452, 10.365432735000269 ], [ 124.006667865999518, 10.36538241900028 ], [ 124.006677456999512, 10.365328959000298 ], [ 124.006640693999572, 10.365261347000299 ], [ 124.006611921999507, 10.365239333000254 ], [ 124.006541589999543, 10.365225181000238 ], [ 124.006501628999445, 10.365240904000295 ], [ 124.005809791999482, 10.365966125000259 ], [ 124.005789746999596, 10.365971487000259 ], [ 124.005762316999551, 10.365859290000301 ], [ 124.005655481999511, 10.365597969000262 ], [ 124.005513836999512, 10.365483701000311 ], [ 124.005528274999548, 10.365460978000296 ], [ 124.00560335199954, 10.365428314000258 ], [ 124.005626452999593, 10.365387129000315 ], [ 124.005672653999511, 10.365368667000297 ], [ 124.005671210999481, 10.36533316100029 ], [ 124.005655329999499, 10.36532037900021 ], [ 124.005606240999427, 10.365341682000285 ], [ 124.005499401999472, 10.365350201000279 ], [ 124.005440207999541, 10.365297652000283 ], [ 124.005248192999474, 10.364931235000252 ], [ 124.005164458999559, 10.364712299000256 ], [ 124.004908919999465, 10.36424504500032 ], [ 124.004923584999517, 10.36417478300028 ], [ 124.004941621999507, 10.364162110000297 ], [ 124.005619267999535, 10.363858075000277 ], [ 124.005697852999461, 10.36389102500025 ], [ 124.005755824999554, 10.363993675000305 ], [ 124.00578416699959, 10.364013952000295 ], [ 124.005894959999509, 10.363967064000324 ], [ 124.005952933999609, 10.363913840000272 ], [ 124.005970970999499, 10.363869485000333 ], [ 124.005934900999534, 10.363736421000247 ], [ 124.005956802999563, 10.363689532000276 ], [ 124.005889811999538, 10.363659117000246 ], [ 124.00575196899949, 10.363432010000285 ], [ 124.005710491348495, 10.363418881802556 ], [ 124.005711280231495, 10.363666214363832 ], [ 124.005437278658249, 10.363667070986338 ], [ 124.00543641360089, 10.363395781810503 ], [ 124.005635541784599, 10.363395159307121 ], [ 124.005603816999496, 10.363385118000313 ], [ 124.005514925999506, 10.363302744000247 ], [ 124.005437628999516, 10.363296407000256 ], [ 124.005355177999533, 10.363317949000262 ], [ 124.005237942999599, 10.363418061000285 ], [ 124.005474980999495, 10.363795712000268 ], [ 124.004704899999552, 10.36416560300032 ], [ 124.004658833999557, 10.36408725000032 ], [ 124.004616516819667, 10.364059768000267 ], [ 124.004617866989776, 10.364483507159317 ], [ 124.004891869341606, 10.364482651168217 ], [ 124.004894463457987, 10.36529651876349 ], [ 124.005168466493004, 10.365295662470409 ], [ 124.005169331481881, 10.365566951636652 ], [ 124.005443334728639, 10.365566095087242 ], [ 124.005444199977134, 10.365837384225951 ], [ 124.005718203435819, 10.365836527420303 ], [ 124.005720800031639, 10.366650394739974 ], [ 124.005821085496819, 10.366650081065732 ], [ 124.005799885999551, 10.366467342000252 ], [ 124.005779106999526, 10.366440611000261 ], [ 124.005775910999617, 10.366363565000281 ], [ 124.005745541999588, 10.366273939000237 ], [ 124.005766322999534, 10.36621576200022 ], [ 124.005886208999584, 10.366182743000241 ] ] ], [ [ [ 124.005998267578804, 10.367734693901809 ], [ 124.006222686269368, 10.367733991654838 ], [ 124.006175511999459, 10.367416073000324 ], [ 124.006076409999523, 10.367233677000243 ], [ 124.006065221999563, 10.367158203000216 ], [ 124.005997795737301, 10.367082298258612 ], [ 124.005998267578804, 10.367734693901809 ] ] ], [ [ [ 124.006449589999576, 10.368175701000293 ], [ 124.006416588999514, 10.368201919000242 ], [ 124.006370895999453, 10.36818818300026 ], [ 124.006326472999518, 10.368160714000297 ], [ 124.00627341826717, 10.368092661071493 ], [ 124.006274004957248, 10.368276414530165 ], [ 124.006586904002404, 10.3682754350518 ], [ 124.006449589999576, 10.368175701000293 ] ] ], [ [ [ 124.006824616020651, 10.369088565792051 ], [ 124.006934861999582, 10.369088220505407 ], [ 124.006908209999423, 10.368982203000233 ], [ 124.006823999999469, 10.368832436000275 ], [ 124.006824616020651, 10.369088565792051 ] ] ], [ [ [ 124.007101135391437, 10.369874105359045 ], [ 124.00710122318165, 10.369901574353147 ], [ 124.007114595182671, 10.369901532459814 ], [ 124.007101135391437, 10.369874105359045 ] ] ], [ [ [ 124.007649661973815, 10.370032798825058 ], [ 124.007650104377703, 10.370171145900809 ], [ 124.007809600289121, 10.370170645893218 ], [ 124.007649661973815, 10.370032798825058 ] ] ], [ [ [ 124.007924979193945, 10.370441575714551 ], [ 124.008104306760259, 10.370441013363408 ], [ 124.008075606999469, 10.370417776000263 ], [ 124.007927107999521, 10.37027044600033 ], [ 124.007924979193945, 10.370441575714551 ] ] ], [ [ [ 124.008203326867743, 10.371797160501373 ], [ 124.008447181686222, 10.371796395468802 ], [ 124.008459447999513, 10.371615494000242 ], [ 124.008383700999559, 10.371490877000234 ], [ 124.008347133999465, 10.371395808000273 ], [ 124.008343222999585, 10.371127306000261 ], [ 124.008266171999509, 10.370863941000231 ], [ 124.008259643999509, 10.370637521000237 ], [ 124.008203798999503, 10.370545129000231 ], [ 124.008203326867743, 10.371797160501373 ] ] ], [ [ [ 124.008593353999487, 10.372076433000277 ], [ 124.008524132999455, 10.372079000000223 ], [ 124.008477742409497, 10.371923492259672 ], [ 124.008479072082679, 10.372338878411636 ], [ 124.008624669005641, 10.37233842151285 ], [ 124.008577677999526, 10.372194624000286 ], [ 124.008616861999485, 10.372089280000274 ], [ 124.008593353999487, 10.372076433000277 ] ] ], [ [ [ 124.009027958678942, 10.372608447054599 ], [ 124.009238734316497, 10.372607785220012 ], [ 124.009178448999492, 10.372554784000243 ], [ 124.009033479999587, 10.372486692000294 ], [ 124.009027958678942, 10.372608447054599 ] ] ], [ [ [ 124.009302836892815, 10.372878875337477 ], [ 124.009485125899019, 10.372878302788624 ], [ 124.009353451999502, 10.372822005000238 ], [ 124.00930774199945, 10.372786033000281 ], [ 124.009302836892815, 10.372878875337477 ] ] ], [ [ [ 124.009579454513442, 10.373691880660719 ], [ 124.009690922958498, 10.37369153044131 ], [ 124.009595049999504, 10.373481070000235 ], [ 124.009579378999547, 10.373410411000251 ], [ 124.009579454513442, 10.373691880660719 ] ] ], [ [ [ 124.009855203953975, 10.374233596947658 ], [ 124.009875708791796, 10.374233532506139 ], [ 124.009862775999537, 10.374195367000272 ], [ 124.009856246999448, 10.374158111000298 ], [ 124.009855203953975, 10.374233596947658 ] ] ], [ [ [ 124.010406705881834, 10.375317028489118 ], [ 124.010439786311338, 10.375316924458023 ], [ 124.010430208999594, 10.375300652000242 ], [ 124.010408006999441, 10.375258256000286 ], [ 124.010406705881834, 10.375317028489118 ] ] ], [ [ [ 124.010681739244134, 10.375634660874223 ], [ 124.010682458369345, 10.375858743743549 ], [ 124.010837347135507, 10.375858256463555 ], [ 124.010681739244134, 10.375634660874223 ] ] ], [ [ [ 124.010957340973576, 10.376129170155213 ], [ 124.010984095472367, 10.376129085965935 ], [ 124.010976242999561, 10.376121362000291 ], [ 124.010959264999585, 10.376100806000277 ], [ 124.010957340973576, 10.376129170155213 ] ] ], [ [ [ 124.011780248331206, 10.376397870839583 ], [ 124.011955697922062, 10.376397318242592 ], [ 124.011860440999541, 10.376285816000308 ], [ 124.011787301999433, 10.376244705000282 ], [ 124.011780248331206, 10.376397870839583 ] ] ], [ [ [ 124.012055132302976, 10.376668296169356 ], [ 124.012177769430451, 10.376667909806326 ], [ 124.012150381999547, 10.376633251000278 ], [ 124.012057652999516, 10.376571585000239 ], [ 124.012055132302976, 10.376668296169356 ] ] ], [ [ [ 123.969353782616466, 10.376537727828417 ], [ 123.969079766836089, 10.37653855449533 ], [ 123.969080601696447, 10.376809846435087 ], [ 123.96935461771281, 10.376809019746059 ], [ 123.969353782616466, 10.376537727828417 ] ] ], [ [ [ 124.012330888897779, 10.377210009584104 ], [ 124.012443069287201, 10.3772096560525 ], [ 124.012379211999473, 10.37701971500028 ], [ 124.012333499999514, 10.376983743000235 ], [ 124.012330888897779, 10.377210009584104 ] ] ], [ [ [ 124.012605774073549, 10.377480434317377 ], [ 124.012630699853389, 10.377480355745028 ], [ 124.012628664999511, 10.377478354000303 ], [ 124.012606461999454, 10.37744623700031 ], [ 124.012605774073549, 10.377480434317377 ] ] ], [ [ [ 124.01288043231628, 10.377680165880133 ], [ 124.012880659721134, 10.377750858766344 ], [ 124.012951062268129, 10.377750636768724 ], [ 124.01288043231628, 10.377680165880133 ] ] ], [ [ [ 124.013430432432401, 10.378291706810828 ], [ 124.013570129576479, 10.37829126603328 ], [ 124.013512074999596, 10.378225875000247 ], [ 124.013433423302175, 10.378180767972712 ], [ 124.013430432432401, 10.378291706810828 ] ] ], [ [ [ 124.013705319495998, 10.378562130406433 ], [ 124.013799409108103, 10.378561833450107 ], [ 124.013740634999593, 10.378472538000228 ], [ 124.013709289999483, 10.378446844000234 ], [ 124.013705319495998, 10.378562130406433 ] ] ], [ [ [ 124.017546771879395, 10.380177728000096 ], [ 124.017939615586556, 10.380176483078774 ], [ 124.017924117999613, 10.38014548400027 ], [ 124.017828128999398, 10.380114011000241 ], [ 124.017733661999387, 10.380043573000275 ], [ 124.017617864999409, 10.380024090000262 ], [ 124.01754981205444, 10.379963145664373 ], [ 124.017546771879395, 10.380177728000096 ] ] ], [ [ [ 124.018095679056785, 10.38044727898998 ], [ 124.018146692184473, 10.380447117265302 ], [ 124.018140477999566, 10.380442227000309 ], [ 124.018099338999534, 10.380398765000265 ], [ 124.018095679056785, 10.38044727898998 ] ] ], [ [ [ 123.981970328948833, 10.380297520714866 ], [ 123.982244346943887, 10.380296682754409 ], [ 123.982243500453365, 10.380025391941572 ], [ 123.982791535901143, 10.380023715364207 ], [ 123.982790688961913, 10.379752424591516 ], [ 123.983064706414737, 10.379751585974695 ], [ 123.983062165029054, 10.37893771369588 ], [ 123.982788148284286, 10.378938552245554 ], [ 123.982786454615976, 10.37839597065825 ], [ 123.983334487138009, 10.378394293414839 ], [ 123.98333618175036, 10.378936874912526 ], [ 123.983610198448403, 10.378936035895492 ], [ 123.9836110460257, 10.379207326614981 ], [ 123.98388506293638, 10.379206487341797 ], [ 123.983886758633119, 10.379749068722067 ], [ 123.984434793328433, 10.37974738938513 ], [ 123.984433096687553, 10.379204808094567 ], [ 123.98470711352806, 10.379203968120432 ], [ 123.984706265006722, 10.378932677490649 ], [ 123.98498028158771, 10.378931837305217 ], [ 123.984981130345219, 10.379203127912529 ], [ 123.985255147138915, 10.379202287471035 ], [ 123.985255996155772, 10.379473578051346 ], [ 123.985804030144976, 10.379471896422377 ], [ 123.985802331190584, 10.37892931534693 ], [ 123.985528314679684, 10.378930156233313 ], [ 123.985526616291054, 10.378387575094361 ], [ 123.984704568034118, 10.37839009621705 ], [ 123.984703719582939, 10.378118805573322 ], [ 123.984429703686473, 10.378119645457751 ], [ 123.984428007326272, 10.377577064111588 ], [ 123.984702022750753, 10.377576224271923 ], [ 123.984701174369746, 10.377304933614251 ], [ 123.984975189534794, 10.377304093563467 ], [ 123.984972643824221, 10.376490221629886 ], [ 123.984698629367131, 10.376491061613436 ], [ 123.984697781079745, 10.376219770937201 ], [ 123.984423766835107, 10.376220610664689 ], [ 123.984418679017651, 10.374592866375465 ], [ 123.984144666165335, 10.374593705734803 ], [ 123.984143818513516, 10.374322414981297 ], [ 123.983869805873738, 10.374323254084661 ], [ 123.983867263766328, 10.373509381729018 ], [ 123.983593251810888, 10.373510220531557 ], [ 123.983592404724405, 10.373238929714724 ], [ 123.983044381215166, 10.373240606574441 ], [ 123.983043534623832, 10.372969315708048 ], [ 123.982769523070033, 10.372970153765227 ], [ 123.982766984143808, 10.372156281071277 ], [ 123.982492973274262, 10.372157118827719 ], [ 123.982492127248079, 10.371885827898087 ], [ 123.982218116591071, 10.371886665398733 ], [ 123.982217270824052, 10.371615374442012 ], [ 123.981669249911846, 10.371617048697946 ], [ 123.981668404639819, 10.37134575769193 ], [ 123.981394394384537, 10.371346594447218 ], [ 123.981391859416036, 10.370532721334225 ], [ 123.981665868963788, 10.370531884645995 ], [ 123.981663333497735, 10.369718011558316 ], [ 123.9813893246574, 10.369718848179577 ], [ 123.981387634934904, 10.369176266053238 ], [ 123.98166164330361, 10.369175429476741 ], [ 123.981660798241549, 10.368904138428892 ], [ 123.982208814437527, 10.368902464620334 ], [ 123.982207968927199, 10.368631173612631 ], [ 123.983029992338757, 10.36862866121594 ], [ 123.983030838556346, 10.368899952156497 ], [ 123.98357885451891, 10.368898276013361 ], [ 123.983575467902241, 10.367813112402569 ], [ 123.983849474905369, 10.367812274070499 ], [ 123.983848628073872, 10.367540983178525 ], [ 123.984122634817837, 10.367540144635424 ], [ 123.984121787773972, 10.367268853761303 ], [ 123.983847781265737, 10.367269692282022 ], [ 123.983846087719641, 10.366727110475072 ], [ 123.983572081659489, 10.366727948717614 ], [ 123.983570388678345, 10.366185366847247 ], [ 123.983844394266967, 10.366184528649558 ], [ 123.983843547575717, 10.365913237729874 ], [ 123.984117552905346, 10.365912399321154 ], [ 123.984118399832312, 10.366183690218456 ], [ 123.984392405374223, 10.366182851554029 ], [ 123.984393252560366, 10.366454142424242 ], [ 123.98466725831463, 10.36645330350402 ], [ 123.984668105759766, 10.366724594347232 ], [ 123.985490123589386, 10.366722076118762 ], [ 123.98548927543699, 10.366450785342874 ], [ 123.985763281097647, 10.366449945488998 ], [ 123.985761584391753, 10.365907363968219 ], [ 123.985487579202555, 10.365908203777153 ], [ 123.985485883061642, 10.365365622192957 ], [ 123.985211878320428, 10.365366461723625 ], [ 123.985210182744666, 10.364823880076013 ], [ 123.984936178451363, 10.364824719328414 ], [ 123.984935330934277, 10.364553428475254 ], [ 123.984387322748958, 10.36455510623523 ], [ 123.984386475726595, 10.364283815332509 ], [ 123.983838467919114, 10.364285492114245 ], [ 123.983837621391459, 10.364014201162142 ], [ 123.983563617688276, 10.364015039180597 ], [ 123.983562771419699, 10.363743748201404 ], [ 123.983288767928869, 10.363744585964152 ], [ 123.983291306097755, 10.36455845895502 ], [ 123.98356531029566, 10.364557621125037 ], [ 123.983567002996395, 10.365100203051004 ], [ 123.98329299832713, 10.365101040925751 ], [ 123.983294690649942, 10.365643622877919 ], [ 123.983020685485968, 10.365644460564106 ], [ 123.983024915523259, 10.367000915475344 ], [ 123.983298921865853, 10.367000077677247 ], [ 123.983300614515784, 10.367542659564577 ], [ 123.98302660770166, 10.367543497407439 ], [ 123.983027453825898, 10.367814788366559 ], [ 123.982753446752682, 10.367815625998389 ], [ 123.982754292664566, 10.368086916975184 ], [ 123.981110248320704, 10.368091937998603 ], [ 123.981111092841246, 10.368363229104983 ], [ 123.980289069647284, 10.368365736532315 ], [ 123.980288225834002, 10.368094445358967 ], [ 123.979740210726391, 10.368096115765358 ], [ 123.979739367408001, 10.367824824542716 ], [ 123.979191352678754, 10.367826493970867 ], [ 123.979187981523765, 10.366741328855412 ], [ 123.978639968587487, 10.366742997171475 ], [ 123.978641653175515, 10.367285579827612 ], [ 123.977819632182374, 10.367288080684823 ], [ 123.977818790583939, 10.367016789292272 ], [ 123.977544783775485, 10.367017622422281 ], [ 123.977541418556982, 10.365932456716365 ], [ 123.977267412668255, 10.365933289523966 ], [ 123.977266571657353, 10.365661998063647 ], [ 123.976444554558952, 10.365664495019267 ], [ 123.976446235189528, 10.36620707806869 ], [ 123.975350210181091, 10.36621040425344 ], [ 123.97534349575767, 10.364040071233116 ], [ 123.975617500158975, 10.364039240214751 ], [ 123.975616660724583, 10.36376794858861 ], [ 123.976164668986371, 10.363766285896315 ], [ 123.976157950575924, 10.361595953075742 ], [ 123.976705954974761, 10.361594289805954 ], [ 123.976705114806563, 10.361322998226974 ], [ 123.976979116735521, 10.361322166264387 ], [ 123.976978276355055, 10.361050874703082 ], [ 123.977526279672176, 10.361049210122609 ], [ 123.977524598038315, 10.360506627075139 ], [ 123.977250596862532, 10.360507459437496 ], [ 123.977243873140409, 10.358337126883999 ], [ 123.976969873825894, 10.35833795883504 ], [ 123.976969033700669, 10.358066667222754 ], [ 123.976695034598421, 10.358067498918356 ], [ 123.976695874488087, 10.358338790552935 ], [ 123.976421875127201, 10.358339622037594 ], [ 123.976422714804599, 10.358610913689759 ], [ 123.976148715184891, 10.358611744963387 ], [ 123.975874715542005, 10.358612576003868 ], [ 123.975873876335697, 10.358341284307294 ], [ 123.975325877451482, 10.358342945644139 ], [ 123.975326716186785, 10.358614237385211 ], [ 123.975052716474352, 10.358615067725985 ], [ 123.975055232112538, 10.359428942987925 ], [ 123.974781231670292, 10.359429773162166 ], [ 123.974780393336616, 10.359158481390629 ], [ 123.97423239285385, 10.359160140994994 ], [ 123.974231555014455, 10.358888849174431 ], [ 123.973957554973936, 10.358889678604555 ], [ 123.973956717393165, 10.358618386757168 ], [ 123.973682717565012, 10.358619215931942 ], [ 123.973681880242978, 10.358347924057732 ], [ 123.973133880988385, 10.35834958166334 ], [ 123.973133044160534, 10.358078289740103 ], [ 123.972585045284561, 10.358079946368537 ], [ 123.97258337264023, 10.357537362419745 ], [ 123.972309373638609, 10.357538190339788 ], [ 123.97230853758667, 10.35726689833626 ], [ 123.972034538797416, 10.357267726001041 ], [ 123.972032867233807, 10.356725141935897 ], [ 123.971758868892465, 10.356725969323211 ], [ 123.971756362426675, 10.355912093124243 ], [ 123.97148236476869, 10.355912920212063 ], [ 123.971481529561757, 10.355641628114387 ], [ 123.971755526984197, 10.355640801048683 ], [ 123.971754691564826, 10.355369508968504 ], [ 123.972028688728798, 10.355368681691857 ], [ 123.972027030160049, 10.354830211665778 ], [ 123.971984472999594, 10.354836264000234 ], [ 123.971961297999627, 10.354852961000283 ], [ 123.971969007999647, 10.35487271600023 ], [ 123.972004523999658, 10.35487881300029 ], [ 123.971989060999618, 10.354910708000265 ], [ 123.97194427399964, 10.3549122010003 ], [ 123.971916497999558, 10.354874204000264 ], [ 123.971894866999634, 10.354890903000314 ], [ 123.971913373999655, 10.354933452000282 ], [ 123.971871648999581, 10.354977484000283 ], [ 123.971890149999609, 10.355029148000295 ], [ 123.971877775999559, 10.355061045000269 ], [ 123.971849975999561, 10.355062547000305 ], [ 123.971826825999599, 10.355036707000298 ], [ 123.971752683999597, 10.355057933000278 ], [ 123.971692474999685, 10.355022955000226 ], [ 123.971653607999656, 10.355040041000308 ], [ 123.971644325999605, 10.355065862000313 ], [ 123.971668998999604, 10.355128164000316 ], [ 123.971662794999617, 10.355170698000283 ], [ 123.971641173999615, 10.355170686000282 ], [ 123.971634983999635, 10.355190432000228 ], [ 123.971648874999531, 10.355205632000242 ], [ 123.971695207999545, 10.355202621000259 ], [ 123.971729149999604, 10.355258852000294 ], [ 123.971665831999601, 10.355255776000217 ], [ 123.971617944999551, 10.35527549800025 ], [ 123.971562404999659, 10.355179755000233 ], [ 123.971477475999563, 10.355161474000319 ], [ 123.97146511299961, 10.355175140000295 ], [ 123.971502165999567, 10.355194911000332 ], [ 123.971509874999583, 10.355216185000316 ], [ 123.971485152999662, 10.355235920000261 ], [ 123.971471225999579, 10.355281488000301 ], [ 123.971412530999615, 10.355295127000275 ], [ 123.971359982999616, 10.35536042200026 ], [ 123.97132138699962, 10.355339130000274 ], [ 123.971309022999662, 10.355354315000287 ], [ 123.971359951999617, 10.35541207500027 ], [ 123.971364561999636, 10.355450058000216 ], [ 123.971393887999668, 10.355477421000259 ], [ 123.971407761999572, 10.355518448000279 ], [ 123.971454094999586, 10.355515437000296 ], [ 123.971480247999622, 10.355541139000291 ], [ 123.971475343999572, 10.355571820000254 ], [ 123.971418692999592, 10.355603123000268 ], [ 123.971377410999636, 10.35558452900024 ], [ 123.971364413999623, 10.355615858000256 ], [ 123.97140333499965, 10.355636771000299 ], [ 123.971467063999683, 10.355606633000292 ], [ 123.971444607999601, 10.355670453000332 ], [ 123.971359646999673, 10.355693615000295 ], [ 123.971363168999616, 10.355723793000305 ], [ 123.971393820999666, 10.355760950000271 ], [ 123.971376091999531, 10.355813166000328 ], [ 123.97142444699962, 10.355842210000244 ], [ 123.97143622199961, 10.355880516000305 ], [ 123.971404341999559, 10.355921118000289 ], [ 123.971400760999614, 10.35598959200027 ], [ 123.971325233999664, 10.356019723000276 ], [ 123.971314601999595, 10.356042928000242 ], [ 123.971398310999589, 10.356138147000216 ], [ 123.971446700999678, 10.35611030200031 ], [ 123.971517478999672, 10.356127753000333 ], [ 123.971526878999569, 10.356190431000279 ], [ 123.971497377999611, 10.356199698000335 ], [ 123.97149264599966, 10.356220586000287 ], [ 123.971517402999581, 10.356251937000216 ], [ 123.971591740999699, 10.356236893000304 ], [ 123.971627083999593, 10.356321638000299 ], [ 123.971634141999644, 10.356356460000249 ], [ 123.971604486999595, 10.356414156000227 ], [ 123.971552612999659, 10.356450787000238 ], [ 123.971542872999649, 10.356479472000302 ], [ 123.971578458999574, 10.356581507000307 ], [ 123.971656219999701, 10.356608650000243 ], [ 123.971605970999533, 10.356637312000217 ], [ 123.97160271899962, 10.356656437000289 ], [ 123.971665856999607, 10.356748924000303 ], [ 123.971664205999559, 10.35679993000026 ], [ 123.971696593999582, 10.356830234000281 ], [ 123.971647944999631, 10.356893964000314 ], [ 123.971712693999578, 10.357000798000271 ], [ 123.971604045999555, 10.357139409000283 ], [ 123.97162346299956, 10.357184051000246 ], [ 123.971754617999665, 10.357340337000299 ], [ 123.971731907999569, 10.357381767000263 ], [ 123.971699496999548, 10.357388124000256 ], [ 123.971633091999564, 10.35733867200025 ], [ 123.9716023539996, 10.357257361000272 ], [ 123.97156994699958, 10.35725734200027 ], [ 123.971563439999571, 10.357298782000235 ], [ 123.971633029999552, 10.357440686000341 ], [ 123.971681614999582, 10.357483752000263 ], [ 123.971686450999627, 10.357523262000246 ], [ 123.971749631999614, 10.357545614000319 ], [ 123.971827369999559, 10.357611012000312 ], [ 123.971864600999623, 10.357673199000217 ], [ 123.971862960999573, 10.357705077000279 ], [ 123.971801358999627, 10.357751266000282 ], [ 123.971733349999596, 10.357674716000343 ], [ 123.971663673999601, 10.357674675000251 ], [ 123.971581019999604, 10.357700130000314 ], [ 123.97154052499954, 10.357676196000288 ], [ 123.971487055999646, 10.357671383000245 ], [ 123.971441666999539, 10.357701642000261 ], [ 123.971386530999595, 10.357773338000332 ], [ 123.971339532999608, 10.357786062000319 ], [ 123.971299035999635, 10.35776531600029 ], [ 123.971269922999539, 10.357677631000318 ], [ 123.971145196999601, 10.357607423000282 ], [ 123.971075523999616, 10.357604194000281 ], [ 123.970915086999753, 10.357637573000289 ], [ 123.970838895999663, 10.35769172200024 ], [ 123.970825899999568, 10.357745909000283 ], [ 123.970846925999624, 10.357809680000319 ], [ 123.970924638999563, 10.357916522000277 ], [ 123.970897075999588, 10.357943603000209 ], [ 123.970801449999584, 10.357981802000261 ], [ 123.970769144999579, 10.358046730000304 ], [ 123.970791807999589, 10.358083404000318 ], [ 123.970885758999628, 10.358132873000237 ], [ 123.970942465999613, 10.35814247000032 ], [ 123.971060749999637, 10.358147322000278 ], [ 123.97115314699964, 10.358088399000287 ], [ 123.971196901999619, 10.358080455000252 ], [ 123.971219582999638, 10.358088439000291 ], [ 123.971235766999641, 10.358120327000265 ], [ 123.9713200369996, 10.358102843000239 ], [ 123.971354028999571, 10.358161840000236 ], [ 123.971394531999636, 10.358171428000229 ], [ 123.971436671999655, 10.358153919000291 ], [ 123.971524111999699, 10.358252796000301 ], [ 123.971597020999596, 10.358265591000293 ], [ 123.971632686999527, 10.35823692000023 ], [ 123.971623017999619, 10.358149246000259 ], [ 123.971657076999591, 10.358098259000215 ], [ 123.971697601999566, 10.358072780000239 ], [ 123.971689510999525, 10.358055241000297 ], [ 123.971618235999571, 10.358020132000235 ], [ 123.971650696999603, 10.357932483000265 ], [ 123.971684695999571, 10.357980322000316 ], [ 123.9717527669997, 10.357954858000252 ], [ 123.971802981999673, 10.357981985000276 ], [ 123.971864572999621, 10.357954924000257 ], [ 123.971934244999616, 10.357962934000298 ], [ 123.971927781999611, 10.357932645000279 ], [ 123.971945620999577, 10.357908746000255 ], [ 123.971961817999585, 10.357919913000291 ], [ 123.971966635999621, 10.357990051000321 ], [ 123.972016853999691, 10.358013990000259 ], [ 123.97204116599957, 10.358002846000225 ], [ 123.972052525999629, 10.357974161000339 ], [ 123.972028261999668, 10.357905606000262 ], [ 123.972065532999636, 10.357902440000267 ], [ 123.97211088999957, 10.357926376000204 ], [ 123.972135168999543, 10.357969427000302 ], [ 123.972097843999563, 10.358061856000312 ], [ 123.972041119999659, 10.35807935700025 ], [ 123.972097787999559, 10.35815271200028 ], [ 123.972128580999609, 10.358144761000244 ], [ 123.972125380999614, 10.3580778120003 ], [ 123.972172411999594, 10.358012486000312 ], [ 123.972177204999639, 10.358124067000308 ], [ 123.972220957999625, 10.358120905000224 ], [ 123.972332243999588, 10.35820817100025 ], [ 123.972414835999672, 10.358284729000278 ], [ 123.97245206399964, 10.358351698000224 ], [ 123.972539537999594, 10.358394786000325 ], [ 123.972552467999691, 10.358450582000234 ], [ 123.972652914999571, 10.358476145000306 ], [ 123.972630201999635, 10.358522356000222 ], [ 123.972670711999612, 10.35852078600027 ], [ 123.972722548999641, 10.35854632000034 ], [ 123.972764624999655, 10.358635606000266 ], [ 123.972822953999597, 10.358642016000264 ], [ 123.972928193999607, 10.35878234600024 ], [ 123.973012440999554, 10.358803117000271 ], [ 123.973060999999575, 10.358890814000244 ], [ 123.973062593999629, 10.358933852000252 ], [ 123.973017201999596, 10.358968892000309 ], [ 123.973039859999702, 10.359015131000227 ], [ 123.973093309999584, 10.359053417000286 ], [ 123.973067290999566, 10.359206423000245 ], [ 123.973088233999619, 10.359410463000341 ], [ 123.973128714999589, 10.359458306000214 ], [ 123.97317893599957, 10.359477463000289 ], [ 123.973195124999577, 10.359501382000314 ], [ 123.97314812699959, 10.359512513000258 ], [ 123.973076849999643, 10.359478997000238 ], [ 123.972992587999514, 10.35948213600032 ], [ 123.972922897999609, 10.359504410000298 ], [ 123.972836967999612, 10.359586574000257 ], [ 123.972807748999585, 10.359672631000272 ], [ 123.972833578999598, 10.359830448000274 ], [ 123.9728627169997, 10.359878284000235 ], [ 123.972963134999659, 10.359954853000264 ], [ 123.972794562999653, 10.360040829000273 ], [ 123.972839873999675, 10.36013968100028 ], [ 123.973018148999586, 10.360085590000246 ], [ 123.973079705999524, 10.360115912000268 ], [ 123.973086174999622, 10.360136637000295 ], [ 123.973050474999596, 10.360221096000267 ], [ 123.973037451999588, 10.360321509000315 ], [ 123.973073051999606, 10.360401228000249 ], [ 123.973154048999646, 10.36043953000031 ], [ 123.973150714999633, 10.360595738000267 ], [ 123.973212395999582, 10.360738774000289 ], [ 123.973254507999599, 10.360769084000221 ], [ 123.973319256999631, 10.360879105000265 ], [ 123.973443958999653, 10.360990755000266 ], [ 123.973497420999635, 10.361009914000253 ], [ 123.973554140999525, 10.360998789000309 ], [ 123.973611461999567, 10.361046715000278 ], [ 123.973546948999555, 10.361101359000269 ], [ 123.97348781399954, 10.36110400100031 ], [ 123.973502146999664, 10.361185969000342 ], [ 123.973551423999652, 10.361258244000283 ], [ 123.973594426999668, 10.361371061000291 ], [ 123.973682397999568, 10.361628279000257 ], [ 123.973735704999626, 10.361861084000246 ], [ 123.973800718999684, 10.361981326000247 ], [ 123.973906033999597, 10.362397051000272 ], [ 123.973903430999556, 10.36245333400031 ], [ 123.973925198999581, 10.362502558000298 ], [ 123.973915447999573, 10.362543744000241 ], [ 123.973947109999628, 10.362607456000273 ], [ 123.97394279099953, 10.362659841000255 ], [ 123.97397301399964, 10.362702316000217 ], [ 123.974017627999601, 10.36282832400034 ], [ 123.974078070999539, 10.363043528000293 ], [ 123.974080946999592, 10.363118566000285 ], [ 123.974151466999658, 10.363299791000269 ], [ 123.974160097999658, 10.363421551000307 ], [ 123.974247884999642, 10.363741998000265 ], [ 123.974304013999571, 10.363839690000265 ], [ 123.974396124999643, 10.363945879000259 ], [ 123.974350066999563, 10.363978441000288 ], [ 123.974197492999551, 10.364280002000282 ], [ 123.97415575299965, 10.364302654000291 ], [ 123.974157189999602, 10.364355039000273 ], [ 123.974128401999522, 10.364452729000273 ], [ 123.974070828999643, 10.364490954000328 ], [ 123.974011668999637, 10.364603121000282 ], [ 123.97399196299969, 10.364850544000237 ], [ 123.974029840999634, 10.364935504000339 ], [ 123.973975289999643, 10.365039838000268 ], [ 123.973960134999629, 10.365124796000281 ], [ 123.973941939999548, 10.365503384000252 ], [ 123.973972236999657, 10.365723554000262 ], [ 123.973949505999556, 10.365823417000264 ], [ 123.973985866999541, 10.365951602000301 ], [ 123.974038897999662, 10.36601122400026 ], [ 123.974102537999514, 10.36602613100025 ], [ 123.974146479999604, 10.3660052650003 ], [ 123.974167692999572, 10.36602017100029 ], [ 123.974205570999601, 10.366125998000253 ], [ 123.974163143999561, 10.366146863000292 ], [ 123.974152535999565, 10.366181145000287 ], [ 123.97419192899963, 10.366266105000211 ], [ 123.974320721999533, 10.366364482000268 ], [ 123.974541937999547, 10.366725192000271 ], [ 123.974375260999608, 10.366702829000285 ], [ 123.974340410999659, 10.366677489000232 ], [ 123.974088879999627, 10.366678972000265 ], [ 123.973293355999616, 10.366944107000265 ], [ 123.973250930999569, 10.366887466000286 ], [ 123.973169108999642, 10.366851691000257 ], [ 123.972984249999627, 10.366838271000301 ], [ 123.972908483999575, 10.366967942000283 ], [ 123.972866055999617, 10.367002222000277 ], [ 123.97279332299955, 10.367032030000257 ], [ 123.972531183999621, 10.367087169000289 ], [ 123.972541787999603, 10.367173619000248 ], [ 123.972525118999556, 10.367187033000292 ], [ 123.972491783999644, 10.367173618000248 ], [ 123.97240693499964, 10.367060336000289 ], [ 123.972361486999617, 10.366818872000295 ], [ 123.972279667999587, 10.366683233000263 ], [ 123.972328158999602, 10.36661318100024 ], [ 123.972270591999646, 10.366256947000252 ], [ 123.972308475999668, 10.366192857000279 ], [ 123.972257922999574, 10.365868886000296 ], [ 123.972283688999568, 10.365670650000236 ], [ 123.972262487999586, 10.365350191000278 ], [ 123.972285219999691, 10.36525778000027 ], [ 123.972295834999599, 10.365014828000241 ], [ 123.972273109999577, 10.364926887000248 ], [ 123.972268570999645, 10.364757922000212 ], [ 123.972245846999641, 10.364634210000279 ], [ 123.972207973999616, 10.364449385000263 ], [ 123.972167065999784, 10.364362935000216 ], [ 123.972183741999643, 10.3641363790003 ], [ 123.972158000999556, 10.363654944000256 ], [ 123.972189824999617, 10.363537194000283 ], [ 123.972158376999587, 10.363456712000286 ], [ 123.972128261999586, 10.36344041800027 ], [ 123.971935523999633, 10.36345522300034 ], [ 123.971712680999659, 10.363178230000337 ], [ 123.971792490999604, 10.363084917000254 ], [ 123.971854230999654, 10.362975310000245 ], [ 123.971911455999589, 10.362834598000326 ], [ 123.972056017999648, 10.362599092000291 ], [ 123.972096311999607, 10.362474619000295 ], [ 123.972209250999626, 10.362287991000308 ], [ 123.972257439999524, 10.362162091000283 ], [ 123.972283046999607, 10.361922137000235 ], [ 123.972254438999542, 10.361891031000237 ], [ 123.972179149999619, 10.361893990000304 ], [ 123.972146024999631, 10.361871771000242 ], [ 123.97214602599955, 10.361839185000299 ], [ 123.972186681999531, 10.361830299000275 ], [ 123.972183671999559, 10.361784381000295 ], [ 123.972206259999552, 10.361723653000332 ], [ 123.972198732999559, 10.361682179000276 ], [ 123.972135494999648, 10.361569604000287 ], [ 123.972123451999636, 10.361485175000229 ], [ 123.972094959999581, 10.361464629000306 ], [ 123.972091949999609, 10.361415749000258 ], [ 123.972037744999653, 10.361362424000287 ], [ 123.972028712999702, 10.36130317500027 ], [ 123.971959448999655, 10.36128243600033 ], [ 123.971930839999601, 10.361251330000332 ], [ 123.971932349999634, 10.361159495000283 ], [ 123.971882661999601, 10.361094320000308 ], [ 123.971906756999559, 10.361021742000254 ], [ 123.971878148999593, 10.36099211700029 ], [ 123.971862277999691, 10.360927811000298 ], [ 123.97179150899953, 10.36088929700022 ], [ 123.971785487999554, 10.360850785000231 ], [ 123.971752361999663, 10.360819679000233 ], [ 123.971735801999529, 10.36075154300028 ], [ 123.971678586999687, 10.36065230000024 ], [ 123.971571679999542, 10.360607860000293 ], [ 123.971565657999577, 10.360582679000252 ], [ 123.971588245999584, 10.360533800000294 ], [ 123.971505434999571, 10.360406414000323 ], [ 123.971383471999602, 10.36033086800029 ], [ 123.971329264999554, 10.360342715000293 ], [ 123.971293125999679, 10.360370857000223 ], [ 123.971263007999582, 10.360425660000228 ], [ 123.971222352999689, 10.360434546000253 ], [ 123.971211814999606, 10.360370853000312 ], [ 123.97129463299963, 10.360317533000252 ], [ 123.971360889999602, 10.360237551000296 ], [ 123.971267537999509, 10.360123494000273 ], [ 123.97111847399961, 10.359982773000265 ], [ 123.971035657999693, 10.359972401000295 ], [ 123.971041969999675, 10.359890375000258 ], [ 123.970983244999616, 10.359903704000295 ], [ 123.970954635999647, 10.359888890000224 ], [ 123.97090946599964, 10.359816310000259 ], [ 123.970847731999598, 10.359776315000236 ], [ 123.970772447999579, 10.359697808000224 ], [ 123.970730286999554, 10.359690400000233 ], [ 123.970654997999631, 10.359734833000267 ], [ 123.970609824999627, 10.35972890600031 ], [ 123.970548091999589, 10.359680024000262 ], [ 123.970489371999605, 10.359576338000299 ], [ 123.970436671999693, 10.359560042000282 ], [ 123.970432156999678, 10.359496350000253 ], [ 123.97033127099958, 10.359511158000235 ], [ 123.970280077999618, 10.359456351000318 ], [ 123.970218340999651, 10.359494860000307 ], [ 123.970159617999684, 10.359462271000275 ], [ 123.969897620999589, 10.359389680000309 ], [ 123.969762101999649, 10.359420779000306 ], [ 123.969658200999589, 10.359499278000229 ], [ 123.969516658999595, 10.35952149000029 ], [ 123.969469977999552, 10.359574811000261 ], [ 123.969404326999538, 10.359592535000306 ], [ 123.969383557999691, 10.359645962000286 ], [ 123.969335632999545, 10.359674245000317 ], [ 123.969295691999605, 10.359779527000324 ], [ 123.969254156999554, 10.359820382000329 ], [ 123.969289296999705, 10.359894239000223 ], [ 123.969236580999606, 10.35990052300021 ], [ 123.969204630999542, 10.359922521000254 ], [ 123.969209420999576, 10.359975949000233 ], [ 123.969175872999557, 10.360008946000299 ], [ 123.969158297999613, 10.360079659000288 ], [ 123.969100786999647, 10.360142512000248 ], [ 123.969056049999594, 10.360309079000263 ], [ 123.969004928999624, 10.360367219000278 ], [ 123.969009719999576, 10.360397075000261 ], [ 123.968977769999597, 10.360417502000264 ], [ 123.968971374999597, 10.360522786000271 ], [ 123.968939424999533, 10.360547927000219 ], [ 123.968939421999622, 10.360610784000269 ], [ 123.968894690999562, 10.36065635200022 ], [ 123.968928233999577, 10.36072863900025 ], [ 123.968914162999567, 10.360901775000276 ], [ 123.96892374699965, 10.360912775000298 ], [ 123.968962087999628, 10.360884492000267 ], [ 123.968989243999744, 10.360889207000302 ], [ 123.969022786999588, 10.360963065000284 ], [ 123.969016395999589, 10.360996064000261 ], [ 123.968973264999576, 10.360989776000274 ], [ 123.968934923999697, 10.361024345000292 ], [ 123.968976453999659, 10.361101346000268 ], [ 123.968907761999574, 10.361143771000314 ], [ 123.968875814999592, 10.361106055000302 ], [ 123.968832682999576, 10.361109196000296 ], [ 123.968799138999643, 10.36106833800029 ], [ 123.968687316999635, 10.361063619000255 ], [ 123.968644187999615, 10.361036903000265 ], [ 123.968617030999596, 10.361040044000259 ], [ 123.96846526599964, 10.361170463000303 ], [ 123.968418934999633, 10.361269460000322 ], [ 123.968380595999662, 10.361278886000303 ], [ 123.968329478999607, 10.361253741000265 ], [ 123.96830391799962, 10.361282025000296 ], [ 123.968252798999742, 10.361296165000311 ], [ 123.968161736999576, 10.361418731000327 ], [ 123.968078665999627, 10.361476869000253 ], [ 123.967958855999754, 10.361481577000287 ], [ 123.967924137999631, 10.36155437000027 ], [ 123.967941065999611, 10.361658475000269 ], [ 123.967925543999755, 10.361680683000241 ], [ 123.967836644999593, 10.361716769000296 ], [ 123.967677195999727, 10.361657077000331 ], [ 123.967560076999533, 10.361648744000263 ], [ 123.967497987999721, 10.36168066700024 ], [ 123.967431664999651, 10.361754231000287 ], [ 123.967325821999609, 10.362037392000268 ], [ 123.967346986999672, 10.362070706000271 ], [ 123.967282976999698, 10.362140007000232 ], [ 123.967130567999618, 10.362452314000315 ], [ 123.967041667999723, 10.362509221000227 ], [ 123.966997920999646, 10.362591115000253 ], [ 123.966975340999738, 10.362679950000231 ], [ 123.966962636999568, 10.362772949000288 ], [ 123.96697674499967, 10.362831072000301 ], [ 123.967048705999588, 10.362932403000247 ], [ 123.967213674999655, 10.363275984000254 ], [ 123.967069414999614, 10.363331530000231 ], [ 123.967075513999589, 10.363287153000289 ], [ 123.966880866999645, 10.362981041000275 ], [ 123.966830146999627, 10.362948676000261 ], [ 123.966797250999747, 10.362863720000249 ], [ 123.966731453999628, 10.362781460000281 ], [ 123.966707805999718, 10.362702754000253 ], [ 123.96665571499976, 10.362694661000294 ], [ 123.966566608999671, 10.362733763000243 ], [ 123.966484359999697, 10.362709487000277 ], [ 123.96643774999967, 10.362744546000247 ], [ 123.966430897999629, 10.362683864000289 ], [ 123.966323974999668, 10.362647451000296 ], [ 123.966343541999692, 10.362593770000295 ], [ 123.966428493999615, 10.362504242000259 ], [ 123.966451250999711, 10.362441571000225 ], [ 123.966437600999654, 10.362390836000291 ], [ 123.966522549999581, 10.362365472000235 ], [ 123.966619639999706, 10.362217749000269 ], [ 123.966631778999641, 10.362152093000343 ], [ 123.966667085999632, 10.362102321000311 ], [ 123.96679299499975, 10.36201727100029 ], [ 123.966830919999509, 10.361979968000313 ], [ 123.966867328999683, 10.361903867000233 ], [ 123.966921939999665, 10.36187701000032 ], [ 123.967026611999714, 10.361784498000304 ], [ 123.967046333999747, 10.361753163000287 ], [ 123.967056954999649, 10.361671093000247 ], [ 123.967114601999711, 10.361602454000252 ], [ 123.967201064999671, 10.361641255000265 ], [ 123.967219268999756, 10.361629318000254 ], [ 123.967225337999551, 10.361596490000291 ], [ 123.967269329999638, 10.36156366300024 ], [ 123.967320904999724, 10.36157261900027 ], [ 123.967333043999574, 10.361495025000334 ], [ 123.967398272999731, 10.361454738000287 ], [ 123.967427098999636, 10.361354762000275 ], [ 123.967443785999677, 10.361339841000284 ], [ 123.967486259999646, 10.361344319000299 ], [ 123.96753328699954, 10.361287617000315 ], [ 123.967522671999731, 10.361211514000235 ], [ 123.967487783999587, 10.361171224000277 ], [ 123.967515582999667, 10.361103508000269 ], [ 123.967585365999668, 10.361008011000273 ], [ 123.967682451999622, 10.360936389000297 ], [ 123.967706724999672, 10.360879687000224 ], [ 123.96777195299957, 10.360879689000313 ], [ 123.967814427999613, 10.360858800000273 ], [ 123.967805335999756, 10.360599158000284 ], [ 123.967790167999738, 10.360572298000282 ], [ 123.967746176999654, 10.360570804000336 ], [ 123.967740109999681, 10.36054842100026 ], [ 123.967753767999753, 10.360415616000285 ], [ 123.967603594999588, 10.360327571000283 ], [ 123.966520185999556, 10.360036218000246 ], [ 123.9663694019996, 10.360031429000294 ], [ 123.966091421999607, 10.360078172000254 ], [ 123.965917142999572, 10.360150422000281 ], [ 123.96572413499959, 10.360292096000279 ], [ 123.965682974999652, 10.360380952000259 ], [ 123.965546147999703, 10.360345525000259 ], [ 123.965500059999712, 10.360315770000284 ], [ 123.965456846999601, 10.36039085900028 ], [ 123.965318571999703, 10.360526868000253 ], [ 123.965165896999594, 10.360594868000284 ], [ 123.965106847999763, 10.360531108000249 ], [ 123.965031951999705, 10.36052827100028 ], [ 123.964975783999762, 10.360463095000306 ], [ 123.964981547999699, 10.360397922000242 ], [ 123.964929700999676, 10.360322828000246 ], [ 123.964951305999776, 10.360295910000239 ], [ 123.965114064999653, 10.360198157000323 ], [ 123.965178881999691, 10.360113151000306 ], [ 123.965151097999694, 10.360012207000302 ], [ 123.965193968999699, 10.35992927800028 ], [ 123.965119670999584, 10.359830882000221 ], [ 123.965032510999748, 10.359759192000329 ], [ 123.96493819999958, 10.359826657000227 ], [ 123.964709562999673, 10.360086684000247 ], [ 123.964672411999615, 10.360075437000294 ], [ 123.964654236877408, 10.360093314379249 ], [ 123.964800402663457, 10.360092876125371 ], [ 123.964801232491396, 10.360364168686143 ], [ 123.964919966723187, 10.360363812623142 ], [ 123.964920520022545, 10.360544674321382 ], [ 123.965075787946745, 10.360544208626077 ], [ 123.965076064644705, 10.360634639470312 ], [ 123.965194798968682, 10.360634283296733 ], [ 123.965196182667171, 10.361086437494194 ], [ 123.965351450845304, 10.36108597164186 ], [ 123.965351727637142, 10.361176402475614 ], [ 123.965470462155352, 10.361176046181864 ], [ 123.965474337985142, 10.362442077756551 ], [ 123.965200334144726, 10.362442900009484 ], [ 123.96520116450904, 10.362714192498579 ], [ 123.966023176668358, 10.362711724974083 ], [ 123.966024007762485, 10.362983017392658 ], [ 123.966298012005339, 10.362982194395876 ], [ 123.966298843358103, 10.363253486787805 ], [ 123.966572847813666, 10.363252663535672 ], [ 123.966573679425068, 10.363523955900956 ], [ 123.966847684093267, 10.363523132393471 ], [ 123.9668510117111, 10.364608301720224 ], [ 123.966577006100181, 10.364609125315727 ], [ 123.966577837826335, 10.36488041765783 ], [ 123.967125849496597, 10.364878770189357 ], [ 123.967126681717204, 10.365150062482787 ], [ 123.967400687753553, 10.365149238376492 ], [ 123.967401520232713, 10.365420530643277 ], [ 123.967127513960719, 10.365421354771598 ], [ 123.967129178516686, 10.365963939335366 ], [ 123.966855171750169, 10.365964763274327 ], [ 123.966856003826976, 10.366236055571221 ], [ 123.966033982682575, 10.366238526053973 ], [ 123.96603481407513, 10.366509818412329 ], [ 123.965486799392693, 10.366511464277817 ], [ 123.965487630336625, 10.366782756675519 ], [ 123.965213622725273, 10.366783579280082 ], [ 123.965214453456497, 10.367054871695103 ], [ 123.964666437693495, 10.36705651624813 ], [ 123.964667267976097, 10.367327808702498 ], [ 123.964119251649919, 10.367329452365837 ], [ 123.96412091134097, 10.367872037348469 ], [ 123.964668928610124, 10.367870393597379 ], [ 123.964669758961563, 10.368141686037802 ], [ 123.964943767797536, 10.36814086379011 ], [ 123.964942937210381, 10.367869571371624 ], [ 123.965216945787716, 10.367868748912457 ], [ 123.965216114987669, 10.367597456511291 ], [ 123.966312148124459, 10.367594164428418 ], [ 123.966311316404429, 10.367322872110652 ], [ 123.966859332363612, 10.367321224712612 ], [ 123.966860164555172, 10.367592516986413 ], [ 123.967134172736039, 10.36759169291529 ], [ 123.967136670155909, 10.368405569642725 ], [ 123.9674106790211, 10.36840474527202 ], [ 123.967412344554148, 10.368947329689771 ], [ 123.967686353867961, 10.368946505041599 ], [ 123.967688853047321, 10.369760381567328 ], [ 123.967414843026063, 10.369761206281581 ], [ 123.967416508788972, 10.370303790652969 ], [ 123.967964529751626, 10.370302140902766 ], [ 123.967966196549796, 10.370844725167483 ], [ 123.968240207468284, 10.370843899898031 ], [ 123.968514218363765, 10.370843074395165 ], [ 123.968513384481469, 10.370571782309213 ], [ 123.968787395118142, 10.370570956594872 ], [ 123.968786561023038, 10.370299664526417 ], [ 123.969334581755646, 10.370298012441459 ], [ 123.969337085524842, 10.37111188850054 ], [ 123.96851505226897, 10.371114366476409 ], [ 123.968515886197196, 10.371385658553034 ], [ 123.968241874830085, 10.371386484100043 ], [ 123.968243542283901, 10.371929068283581 ], [ 123.967969530421996, 10.371929893641141 ], [ 123.967971197496112, 10.37247247785017 ], [ 123.967149160357309, 10.372474952654088 ], [ 123.967148327516398, 10.372203660485713 ], [ 123.966600303114006, 10.372205309143279 ], [ 123.966601135483202, 10.372476601355618 ], [ 123.966875147931759, 10.372475777121604 ], [ 123.966876813210874, 10.373018361488374 ], [ 123.966602800290516, 10.373019185766442 ], [ 123.966605297673709, 10.37383306234786 ], [ 123.966879311301767, 10.3738322380038 ], [ 123.966880144044623, 10.374103530166224 ], [ 123.967428171703517, 10.374101880733278 ], [ 123.967429004941167, 10.374373172847118 ], [ 123.967977032980031, 10.374371522435755 ], [ 123.967977866712488, 10.374642814500923 ], [ 123.968525895131137, 10.374641163111143 ], [ 123.968528397882395, 10.375455039146331 ], [ 123.968802412765001, 10.375454213034885 ], [ 123.968804081852795, 10.37599679699105 ], [ 123.969626127778085, 10.37599431712265 ], [ 123.969625292514849, 10.37572302521318 ], [ 123.969899307541255, 10.375722198145255 ], [ 123.969898472065111, 10.375450906253104 ], [ 123.970172486832524, 10.375450078973703 ], [ 123.970169979834452, 10.374636203335886 ], [ 123.970443993870973, 10.374635375889152 ], [ 123.970442322182407, 10.374092792151568 ], [ 123.970716335724049, 10.374091964515475 ], [ 123.97071549967842, 10.373820672661871 ], [ 123.97153753945733, 10.373818188418394 ], [ 123.97153837621066, 10.374089480205651 ], [ 123.971812389660016, 10.374088651635283 ], [ 123.971814900766446, 10.374902526902819 ], [ 123.972088914900496, 10.374901698032424 ], [ 123.972089752217997, 10.375172989756887 ], [ 123.972363766564953, 10.375172160630786 ], [ 123.972364604141532, 10.375443452328426 ], [ 123.972638618701282, 10.37544262294653 ], [ 123.972640294395717, 10.375985206283634 ], [ 123.972914309404175, 10.375984376623915 ], [ 123.97291179518939, 10.375170501677722 ], [ 123.972637780888718, 10.375171331271005 ], [ 123.972636105332924, 10.374628747906101 ], [ 123.97236209148106, 10.374629577221562 ], [ 123.972360416489536, 10.374086993793775 ], [ 123.972634429869601, 10.374086164522634 ], [ 123.97263359217267, 10.373814872823928 ], [ 123.972907605293756, 10.373814043341401 ], [ 123.972906767383918, 10.373542751660192 ], [ 123.973454793084926, 10.373541092038774 ], [ 123.973449763281153, 10.371913342120276 ], [ 123.973175751857468, 10.371914171914732 ], [ 123.973174913873649, 10.371642880223309 ], [ 123.972626891428618, 10.371644539067393 ], [ 123.972626053939607, 10.371373247326943 ], [ 123.971804020806402, 10.371375733775324 ], [ 123.971798163982669, 10.369476690997537 ], [ 123.97152415454282, 10.369477519191673 ], [ 123.971521645529194, 10.368663643579612 ], [ 123.972069662971023, 10.368661987090533 ], [ 123.972070499757393, 10.368933278921578 ], [ 123.972344508679441, 10.368932450304758 ], [ 123.972345345724719, 10.369203742109068 ], [ 123.972619354859475, 10.369202913236631 ], [ 123.972620192163575, 10.369474205014118 ], [ 123.972894201511053, 10.369473375886063 ], [ 123.972895039074132, 10.369744667636816 ], [ 123.973169048634247, 10.369743838253143 ], [ 123.973170724301312, 10.370286421696296 ], [ 123.973992754257779, 10.370283932011393 ], [ 123.973996947367638, 10.371640390205783 ], [ 123.974270958486045, 10.371639559732937 ], [ 123.974271797413294, 10.37191085133572 ], [ 123.975641853837246, 10.371906695357669 ], [ 123.975642693966989, 10.372177986844811 ], [ 123.975916705418115, 10.372177154926366 ], [ 123.975917545806851, 10.372448446386596 ], [ 123.976465569111284, 10.37244678180479 ], [ 123.976464728250832, 10.372175490389058 ], [ 123.977286762325861, 10.372172991831608 ], [ 123.977287603893927, 10.372444283180638 ], [ 123.977561615441772, 10.372443449838798 ], [ 123.977563299119325, 10.372986032478416 ], [ 123.977289287099765, 10.372986865864753 ], [ 123.977290970398514, 10.373529448530395 ], [ 123.977016957883961, 10.373530281727728 ], [ 123.977018640803806, 10.374072864419304 ], [ 123.976470614761482, 10.374074530202194 ], [ 123.976471455784377, 10.374345821585507 ], [ 123.977293495520755, 10.374343322494084 ], [ 123.977292653790158, 10.374072031177473 ], [ 123.977840679693131, 10.374070363993216 ], [ 123.977841521895613, 10.374341655265241 ], [ 123.978115535048133, 10.374340821300432 ], [ 123.978118905034023, 10.375425986253173 ], [ 123.978392919107051, 10.37542515196569 ], [ 123.978393761897607, 10.375696443170035 ], [ 123.978119747588579, 10.375697277479723 ], [ 123.978121432767509, 10.376239859918968 ], [ 123.977847417963332, 10.376240694039652 ], [ 123.977848260351621, 10.376511985274639 ], [ 123.977300230201749, 10.376513652859732 ], [ 123.977301914104189, 10.37705623540467 ], [ 123.976753882917535, 10.377057902144305 ], [ 123.97675724911312, 10.37814306735666 ], [ 123.977031265662035, 10.378142234014643 ], [ 123.977032949371207, 10.378684816548567 ], [ 123.977306966368928, 10.378683982928461 ], [ 123.977307808494317, 10.378955274166113 ], [ 123.977855842892183, 10.378953606180275 ], [ 123.977855000294724, 10.37868231498712 ], [ 123.978403034127609, 10.37868064611115 ], [ 123.978402191081358, 10.378409354957874 ], [ 123.978676207726906, 10.378408520191662 ], [ 123.978675364467932, 10.378137229055973 ], [ 123.978949380854232, 10.378136394078464 ], [ 123.97894853738245, 10.377865102960449 ], [ 123.979770585693728, 10.377862596692633 ], [ 123.97977142987348, 10.37813388774368 ], [ 123.980045446166699, 10.378133051831451 ], [ 123.980047979553703, 10.378946924889821 ], [ 123.980321996531615, 10.378946088676944 ], [ 123.980322841276603, 10.379217379664752 ], [ 123.980596858467308, 10.379216543195902 ], [ 123.98059770347156, 10.379487834156798 ], [ 123.980871720874987, 10.379486997431886 ], [ 123.980873411425534, 10.380029579295059 ], [ 123.981147429277684, 10.380028742291703 ], [ 123.981149120393553, 10.380571324091637 ], [ 123.981423138694581, 10.380570486809926 ], [ 123.981423984523587, 10.380841777680583 ], [ 123.98197202152771, 10.380840102371359 ], [ 123.981970328948833, 10.380297520714866 ] ], [ [ 123.970969449124951, 10.367308839467427 ], [ 123.970695441502144, 10.367309666784308 ], [ 123.970692935164152, 10.366495790861919 ], [ 123.970966942079798, 10.366494963611295 ], [ 123.970966106444152, 10.366223671650044 ], [ 123.97124011310099, 10.366222844188123 ], [ 123.971240948972351, 10.366494136127347 ], [ 123.971788962688279, 10.366492480459211 ], [ 123.971789799054093, 10.366763772349497 ], [ 123.972063806113184, 10.366762944143193 ], [ 123.972065479385634, 10.367305527865589 ], [ 123.971243456724764, 10.367308011917043 ], [ 123.971244292688411, 10.367579303837704 ], [ 123.970970284852882, 10.367580131410204 ], [ 123.970969449124951, 10.367308839467427 ] ], [ [ 123.976152912742123, 10.35996820326578 ], [ 123.975878911921427, 10.359969034417372 ], [ 123.975877233300096, 10.359426451065879 ], [ 123.976973234558997, 10.359423125237821 ], [ 123.976975755352626, 10.36023699999128 ], [ 123.976701754365919, 10.360237831864872 ], [ 123.976702594441306, 10.360509123462414 ], [ 123.976154591927269, 10.3605107865543 ], [ 123.976152912742123, 10.35996820326578 ] ] ], [ [ [ 124.018645465023056, 10.380988116719958 ], [ 124.018703017486743, 10.380987934155772 ], [ 124.018665986999437, 10.380969609000246 ], [ 124.018647702999431, 10.38095761900032 ], [ 124.018645465023056, 10.380988116719958 ] ] ], [ [ [ 124.018920358714425, 10.381258535157823 ], [ 124.019034020084064, 10.38125817449237 ], [ 124.019004240999536, 10.381225887000223 ], [ 124.018925010999553, 10.38115095200024 ], [ 124.018920358714425, 10.381258535157823 ] ] ], [ [ [ 124.01919525287785, 10.381528953310937 ], [ 124.019345859876807, 10.381528475261604 ], [ 124.019295260999456, 10.381468675000328 ], [ 124.019197746999467, 10.381396738000237 ], [ 124.01919525287785, 10.381528953310937 ] ] ], [ [ [ 124.019470147513445, 10.381799371179213 ], [ 124.01967381825007, 10.381798724490288 ], [ 124.019599994999453, 10.381750429000281 ], [ 124.019476268918424, 10.381637723979498 ], [ 124.019470147513445, 10.381799371179213 ] ] ], [ [ [ 124.020293954774246, 10.382339335469915 ], [ 124.020316435835966, 10.382339264033813 ], [ 124.020306165999529, 10.382331407000301 ], [ 124.020293975999408, 10.382319417000286 ], [ 124.020293954774246, 10.382339335469915 ] ] ], [ [ [ 124.02056885103822, 10.382609752226724 ], [ 124.02061522343233, 10.382609604828186 ], [ 124.020598710999479, 10.382592178000294 ], [ 124.020575855999539, 10.382577191000298 ], [ 124.02056885103822, 10.382609752226724 ] ] ], [ [ [ 124.021118741297499, 10.383180268483006 ], [ 124.021122180456501, 10.384240137728529 ], [ 124.021165435999478, 10.384099462000307 ], [ 124.021144102999486, 10.384009540000239 ], [ 124.021185240999344, 10.383925611000311 ], [ 124.021170001999494, 10.383762252000295 ], [ 124.021184338999447, 10.38363444700029 ], [ 124.021219381999501, 10.383562509000289 ], [ 124.021278803999536, 10.383513050000282 ], [ 124.021258994999485, 10.383445609000297 ], [ 124.021281848999521, 10.383375169000242 ], [ 124.021272706999554, 10.383349691000266 ], [ 124.021216330999508, 10.383318219000238 ], [ 124.021176713999438, 10.383228297000258 ], [ 124.021118741297499, 10.383180268483006 ] ] ], [ [ [ 124.021122901690603, 10.384462390912475 ], [ 124.021122995577272, 10.384491322358336 ], [ 124.021133444999492, 10.384481634000309 ], [ 124.021122901690603, 10.384462390912475 ] ] ], [ [ [ 124.020849908282457, 10.384779181446813 ], [ 124.020850444564672, 10.384944476219616 ], [ 124.02090794799949, 10.38487189800027 ], [ 124.020932325999553, 10.384783474000326 ], [ 124.020849908282457, 10.384779181446813 ] ] ], [ [ [ 124.020577649523986, 10.385322627790472 ], [ 124.020579104151608, 10.385771067404093 ], [ 124.020629461999533, 10.385677587000231 ], [ 124.020662980999475, 10.385541204000315 ], [ 124.020751018999377, 10.385412935000272 ], [ 124.020781490999411, 10.385324510000238 ], [ 124.020577649523986, 10.385322627790472 ] ] ], [ [ [ 124.007971005637231, 10.38481987830674 ], [ 124.007422966048409, 10.3848215986316 ], [ 124.007423834646218, 10.385092887280212 ], [ 124.007149814579677, 10.385093747114816 ], [ 124.007152419808151, 10.385907613101686 ], [ 124.007426440583203, 10.385906753198249 ], [ 124.00742470326793, 10.385364175924206 ], [ 124.007698723546667, 10.38536331583283 ], [ 124.007697854688786, 10.385092027211751 ], [ 124.00797187470738, 10.385091166909522 ], [ 124.007971005637231, 10.38481987830674 ] ] ], [ [ [ 124.02012513099946, 10.38609873100026 ], [ 124.02023483499957, 10.386034285000257 ], [ 124.020282068999478, 10.386034284000257 ], [ 124.020271402999484, 10.385989323000267 ], [ 124.020358533714315, 10.385865905045122 ], [ 124.020031370250706, 10.385866944868194 ], [ 124.020032130942212, 10.386101570129991 ], [ 124.020079420999508, 10.386082246000317 ], [ 124.02012513099946, 10.38609873100026 ] ] ], [ [ [ 124.0192624729995, 10.386590806000296 ], [ 124.019315800999465, 10.386553338000304 ], [ 124.019347797999458, 10.386551839000269 ], [ 124.019367605999491, 10.386517368000259 ], [ 124.019408744999438, 10.386494887000264 ], [ 124.019423980999534, 10.386457419000273 ], [ 124.01949711699946, 10.38642744500028 ], [ 124.019539779999533, 10.386448426000328 ], [ 124.019553492999592, 10.386434937000278 ], [ 124.01954136625892, 10.386411082422853 ], [ 124.019211068900034, 10.386412131416368 ], [ 124.01921175943157, 10.386625277000395 ], [ 124.019244188999579, 10.386638765000267 ], [ 124.0192624729995, 10.386590806000296 ] ] ], [ [ [ 124.018448350999549, 10.386800633000249 ], [ 124.018634239999471, 10.386836600000294 ], [ 124.018690615999432, 10.386815618000334 ], [ 124.018730230999509, 10.386836599000294 ], [ 124.018772893999582, 10.386800630000248 ], [ 124.019053730999545, 10.386791635000304 ], [ 124.019177147999457, 10.386742177000297 ], [ 124.019193907999423, 10.386683476329129 ], [ 124.017554991677926, 10.3866886763888 ], [ 124.017593866999462, 10.386700123000281 ], [ 124.017673063999439, 10.38669103100024 ], [ 124.017772061999551, 10.386713099000289 ], [ 124.017896777999482, 10.386706218000253 ], [ 124.01792268099949, 10.386730197000283 ], [ 124.018075049999567, 10.386781152000236 ], [ 124.018175611999538, 10.386799136000302 ], [ 124.018196943999357, 10.386820118000262 ], [ 124.018186278999366, 10.386841100000222 ], [ 124.018201514999561, 10.386868076000233 ], [ 124.018259414999548, 10.386826112000314 ], [ 124.018448350999549, 10.386800633000249 ] ] ], [ [ [ 124.020080690999436, 10.386844079000291 ], [ 124.020130970999503, 10.386788626000321 ], [ 124.020231533999478, 10.386746661000313 ], [ 124.020255912999446, 10.386721183000336 ], [ 124.020272672999411, 10.386671725000241 ], [ 124.020251338999515, 10.386505368000243 ], [ 124.019955740999578, 10.3861786530003 ], [ 124.020002140398034, 10.386138328118644 ], [ 124.01975822990552, 10.386139103119064 ], [ 124.01975906459667, 10.38639661434847 ], [ 124.019785090999392, 10.386404961000284 ], [ 124.019977076999382, 10.386577310000245 ], [ 124.019873467999332, 10.386709198000322 ], [ 124.019871944999565, 10.386742169000296 ], [ 124.019887181999493, 10.386767647000273 ], [ 124.019958795999557, 10.386811109000316 ], [ 124.019967938999429, 10.386871057000302 ], [ 124.020001459999534, 10.386877052000266 ], [ 124.020080690999436, 10.386844079000291 ] ] ], [ [ [ 124.016627662999454, 10.386740407000239 ], [ 124.016800865945299, 10.386691066316523 ], [ 124.016197721535775, 10.386692976488721 ], [ 124.016198477391242, 10.386926970776667 ], [ 124.016430503521548, 10.38683885282915 ], [ 124.016627662999454, 10.386740407000239 ] ] ], [ [ [ 123.999246328186942, 10.398683041393031 ], [ 123.999245465486723, 10.39841175229127 ], [ 123.999519497824707, 10.398410898122002 ], [ 123.999518634911766, 10.39813960903836 ], [ 123.999792666989507, 10.398138754657705 ], [ 123.999790940761898, 10.397596176521951 ], [ 123.999516909157109, 10.397597030857131 ], [ 123.999516046315406, 10.397325741759545 ], [ 123.998693952067967, 10.397328303292042 ], [ 123.998697400739545, 10.398413459927614 ], [ 123.998423368330336, 10.398414313394511 ], [ 123.998424230321078, 10.398685602564573 ], [ 123.999246328186942, 10.398683041393031 ] ] ], [ [ [ 123.998150197651626, 10.398686455820084 ], [ 123.998149335897409, 10.398415166627373 ], [ 123.997875303440765, 10.398416019626112 ], [ 123.997876164958555, 10.398687308841559 ], [ 123.997602132241681, 10.398688161628822 ], [ 123.997603854875365, 10.399230740091248 ], [ 123.99787788806519, 10.39922988725851 ], [ 123.997877026500063, 10.398958598052388 ], [ 123.998425092335538, 10.398956891729839 ], [ 123.998424230321078, 10.398685602564573 ], [ 123.998150197651626, 10.398686455820084 ] ] ], [ [ [ 123.994876408966064, 10.403308596819894 ], [ 123.994602371967375, 10.403309447416909 ], [ 123.994603231072688, 10.403580736820917 ], [ 123.994877268308002, 10.403579886201253 ], [ 123.994876408966064, 10.403308596819894 ] ] ], [ [ [ 123.994878127673644, 10.403851175577906 ], [ 123.995152165121837, 10.403850324701292 ], [ 123.995151305519585, 10.403579035347288 ], [ 123.994877268308002, 10.403579886201253 ], [ 123.994878127673644, 10.403851175577906 ] ] ], [ [ [ 123.99407319326447, 10.409279514718229 ], [ 123.993799150988039, 10.409280365110607 ], [ 123.993798292096415, 10.409009075736442 ], [ 123.993524250033062, 10.409009925871871 ], [ 123.993526826068447, 10.409823794048368 ], [ 123.993800868842087, 10.409822943845082 ], [ 123.993801727804495, 10.410094233205392 ], [ 123.994075770791284, 10.410093382745067 ], [ 123.99407319326447, 10.409279514718229 ] ] ], [ [ [ 123.994900479480265, 10.410904697738744 ], [ 123.995174523082753, 10.410903846272912 ], [ 123.995173662865511, 10.410632557039879 ], [ 123.994899619499733, 10.410633408483061 ], [ 123.99489875954292, 10.410362119222761 ], [ 123.994350673214072, 10.410363821360658 ], [ 123.994352392204178, 10.410906399967324 ], [ 123.994626435854073, 10.410905548970273 ], [ 123.994627295621356, 10.411176838243897 ], [ 123.994901339484343, 10.411175986989807 ], [ 123.994900479480265, 10.410904697738744 ] ] ], [ [ [ 124.006282448766015, 10.442176092453249 ], [ 124.006008378750522, 10.44217695597921 ], [ 124.006009251025674, 10.442448243776681 ], [ 124.006283321278644, 10.442447380227804 ], [ 124.006282448766015, 10.442176092453249 ] ] ], [ [ [ 124.005465469806865, 10.443806409315471 ], [ 124.005191398294258, 10.443807272273443 ], [ 124.005192270000165, 10.444078560111592 ], [ 124.004918198226179, 10.444079422857289 ], [ 124.004919069718483, 10.444350710713646 ], [ 124.005193141730061, 10.444349847945034 ], [ 124.005194013483845, 10.444621135773858 ], [ 124.005468085709111, 10.44462027274723 ], [ 124.005465469806865, 10.443806409315471 ] ] ] ] } }
]
}
